-- Seeded state-overlay rule packs and content packs (51 jurisdictions).
-- Generated by tmp/seed-states.mjs from parallel agent output.
-- Each state contributes one rule_pack + one content_pack overlay.

-- Alaska (AK)
INSERT OR REPLACE INTO rule_pack (id, jurisdiction, slug, name, maturity, createdAt) VALUES (
  'rp_ak_teen', 'US-AK', 'ak-teen', 'Alaska Teen Driver Education', 'level1', unixepoch('now')*1000
);
INSERT OR REPLACE INTO rule_pack_version (id, rulePackId, version, definition, publishedAt, notes, createdAt) VALUES (
  'rpv_ak_teen_1_0_0', 'rp_ak_teen', '1.0.0', '{"credentials":[{"key":"permit_eligibility","label":"Instruction Permit","deliveryMode":"manual"}],"requirements":[{"key":"classroom_hours","label":"Classroom hours","target":0,"unit":"hour"},{"key":"btw_hours","label":"Behind-the-wheel hours","target":0,"unit":"hour"},{"key":"supervised_practice_hours","label":"Supervised practice (parent log)","target":40,"unit":"hour"}],"rules":[{"key":"unlock_permit_eligibility","trigger":"enrollment.state_changed","conditions":{"jurisdiction":"US-AK","minPermitAge":14,"classroomHoursCompleted":{"gte":0}},"actions":[{"type":"unlock_credential","credential":"permit_eligibility"},{"type":"set_journey_state","value":"permit_eligible"}]}],"facts":{"agencyName":"Alaska Division of Motor Vehicles (DMV)","minPermitAge":14,"minLicenseAge":16,"minPermitDurationMonths":6,"nighttimeRestriction":"Provisional license holders may not drive between 1:00 a.m. and 5:00 a.m. unless accompanied by a licensed driver 21 or older, or driving to/from work, school, or a school-sanctioned activity.","passengerRestriction":"Provisional license holders may not transport passengers under 21 (other than immediate family) for the first 6 months unless accompanied by a licensed driver 21 or older.","cellPhoneRule":"Texting while driving is prohibited for all drivers. Alaska does not have a universal handheld ban for adults, but using a screen device that displays video to the driver is illegal. Local ordinances (e.g., Anchorage) may add stricter handheld bans.","notes":"Alaska does not mandate a state-approved driver education course as a prerequisite for licensure, but completion of an approved course can reduce the minimum supervised practice hour requirement and may qualify for insurance discounts. The instruction permit must be held for at least 6 months before a provisional license can be issued at age 16. At least 10 of the 40 supervised hours must be in progressively challenging conditions (some sources cite night driving). Many rural Alaskans rely on the ''Bush'' license waiver path, which differs from the standard urban GDL track.","needsReview":["Exact split of the 40 supervised hours (e.g., how many must be at night) — sources vary","Whether completion of an approved driver ed course formally reduces the 40-hour requirement or only counts toward it","Current status of any statewide handheld phone ban beyond texting","Whether the instruction permit fee and provisional license fee figures are still current","Specific delivery mechanism for course-completion certificates to the Alaska DMV (paper vs. electronic)"]}}', unixepoch('now')*1000, 'Generated; school must review and tweak.', unixepoch('now')*1000
);
INSERT OR REPLACE INTO content_pack (id, slug, name, scope, jurisdiction, description, createdAt) VALUES (
  'cp_ak_teen_overlay', 'ak-teen-overlay', 'Alaska Teen Overlay', 'state', 'US-AK', 'An Alaska-specific supplement covering how teens obtain an instruction permit, what Graduated Driver Licensing (GDL) restrictions apply once they reach the provisional stage, and the cold-weather, wildlife, and remote-driving quirks that make Alaska driving unique.', unixepoch('now')*1000
);
INSERT OR REPLACE INTO content_pack_version (id, contentPackId, version, notes, publishedAt, createdAt) VALUES (
  'cpv_ak_teen_overlay_1_0_0', 'cp_ak_teen_overlay', '1.0.0', 'Generated by per-state agent; human review required before publishing.', unixepoch('now')*1000, unixepoch('now')*1000
);
INSERT OR REPLACE INTO course (id, contentPackVersionId, slug, title, description, ordinal) VALUES (
  'course_ak_overlay', 'cpv_ak_teen_overlay_1_0_0', 'ak-overlay', 'Alaska Teen Driver Overlay', 'An Alaska-specific supplement covering how teens obtain an instruction permit, what Graduated Driver Licensing (GDL) restrictions apply once they reach the provisional stage, and the cold-weather, wildlife, and remote-driving quirks that make Alaska driving unique.', 0
);
INSERT OR REPLACE INTO module (id, courseId, slug, title, description, ordinal) VALUES (
  'module_ak_overlay', 'course_ak_overlay', 'ak-teen-overlay', 'Alaska Teen Driver Overlay', 'An Alaska-specific supplement covering how teens obtain an instruction permit, what Graduated Driver Licensing (GDL) restrictions apply once they reach the provisional stage, and the cold-weather, wildlife, and remote-driving quirks that make Alaska driving unique.', 0
);
INSERT OR REPLACE INTO lesson (id, moduleId, slug, title, body, estimatedSeatMinutes, ordinal) VALUES (
  'lesson_ak_getting-your-alaska-instruction-permit', 'module_ak_overlay', 'getting-your-alaska-instruction-permit', 'Getting Your Alaska Instruction Permit', '# Getting Your Alaska Instruction Permit

Alaska''s path to a driver license starts with the **Instruction Permit**, which you can apply for as early as **age 14**. Alaska is one of the few states that allows permit applications this young, but the trade-off is that you must hold the permit for at least **six months** and be at least **16 years old** before you can move up to a provisional license.

## Who Issues the Permit

The **Alaska Division of Motor Vehicles (DMV)**, part of the Department of Administration, issues all driver credentials. You apply in person at a DMV field office. Many rural communities are served by **DMV Business Partners** — commissioned agents who can process applications where there is no full DMV office.

## What to Bring

When you visit the DMV, plan to bring:

1. **Proof of identity** — a certified birth certificate or U.S. passport.
2. **Proof of Social Security Number** — your SSN card, a W-2, or a pay stub showing the full SSN.
3. **Proof of Alaska residency** — typically two documents such as a utility bill, school enrollment letter, or parent''s lease.
4. **Parent or guardian consent** — because you are under 18, a parent or legal guardian must sign the application in person, or provide a notarized consent form.
5. **Fees** — bring the current application fee (check ak.gov/dmv for the exact amount, as fees change).

## The Knowledge and Vision Tests

To earn the permit you must:

- Pass a **vision screening** (corrective lenses are fine; a restriction will be added to your license if you need them).
- Pass a **knowledge test** covering Alaska traffic laws, road signs, and safe driving practices. The test is based on the **Alaska Driver Manual**, which is free online.

Most field offices let you take the knowledge test on a touch-screen kiosk. If you fail, you typically must wait until the next business day to retake it.

## What the Permit Lets You Do

Once issued, your instruction permit allows you to drive **only when supervised** by a licensed driver who is **at least 21 years old** and seated in the front passenger seat. The supervising driver must be sober and able to take control if needed.

While holding the permit you must log at least **40 hours of supervised driving practice**, including driving in a range of conditions. Alaska strongly recommends practicing in winter weather, on gravel roads, and at night — the conditions you will actually face once licensed.

## Moving On

After holding the permit for at least six months with no major traffic violations, and once you turn 16, you can return to the DMV with your completed practice log and a parent''s signature to take the **road skills test**. Passing it earns you a **provisional license** — which is when Alaska''s GDL restrictions kick in.

## Common Pitfalls

- **Lapsed permits.** The permit is valid for two years; if it expires before you test, you start over.
- **Citations restart the clock.** A serious traffic conviction during the permit period can reset your six-month waiting period.
- **Incomplete practice logs.** The DMV may ask to see your log; falsifying it is a serious violation of the parental-consent agreement.

Treat the permit period as the most valuable training time you will ever get behind the wheel. Use it deliberately.', 35, 0
);
INSERT OR REPLACE INTO quiz (id, lessonId, title, passingScore, shuffleQuestions) VALUES (
  'quiz_ak_getting-your-alaska-instruction-permit', 'lesson_ak_getting-your-alaska-instruction-permit', 'Alaska Instruction Permit Quiz', 80, 1
);
INSERT OR REPLACE INTO quiz_question (id, quizId, prompt, choices, correctIndex, explanation, ordinal) VALUES (
  'q_ak_getting-your-alaska-instruction-permit_0', 'quiz_ak_getting-your-alaska-instruction-permit', 'What is the minimum age to apply for an Alaska Instruction Permit?', '["13","14","15","16"]', 1, 'Alaska allows teens to apply for an instruction permit as early as age 14, one of the youngest permit ages in the United States.', 0
);
INSERT OR REPLACE INTO quiz_question (id, quizId, prompt, choices, correctIndex, explanation, ordinal) VALUES (
  'q_ak_getting-your-alaska-instruction-permit_1', 'quiz_ak_getting-your-alaska-instruction-permit', 'How long must you hold the instruction permit before you can be issued a provisional license?', '["3 months","6 months","9 months","12 months"]', 1, 'Alaska requires the permit to be held for at least six months, and the holder must be at least 16, before moving up to a provisional license.', 1
);
INSERT OR REPLACE INTO quiz_question (id, quizId, prompt, choices, correctIndex, explanation, ordinal) VALUES (
  'q_ak_getting-your-alaska-instruction-permit_2', 'quiz_ak_getting-your-alaska-instruction-permit', 'Who must supervise an Alaska instruction permit holder while driving?', '["Any licensed driver 18 or older","A licensed driver at least 21 years old, seated in the front passenger seat","A parent or legal guardian only","A certified driving instructor only"]', 1, 'The supervising driver must be at least 21, licensed, sober, and seated in the front passenger seat so they can assist or take control.', 2
);
INSERT OR REPLACE INTO quiz_question (id, quizId, prompt, choices, correctIndex, explanation, ordinal) VALUES (
  'q_ak_getting-your-alaska-instruction-permit_3', 'quiz_ak_getting-your-alaska-instruction-permit', 'How many hours of supervised practice are recommended before taking the road test in Alaska?', '["10 hours","20 hours","40 hours","60 hours"]', 2, 'Alaska expects at least 40 hours of supervised practice across varied conditions before a teen attempts the road skills test.', 3
);
INSERT OR REPLACE INTO quiz_question (id, quizId, prompt, choices, correctIndex, explanation, ordinal) VALUES (
  'q_ak_getting-your-alaska-instruction-permit_4', 'quiz_ak_getting-your-alaska-instruction-permit', 'Which agency issues driver permits and licenses in Alaska?', '["Alaska State Troopers","Alaska Department of Transportation","Alaska Division of Motor Vehicles (DMV)","Municipality of Anchorage Licensing Office"]', 2, 'The Alaska Division of Motor Vehicles, part of the Department of Administration, is the credentialing agency for all driver licenses statewide.', 4
);
INSERT OR REPLACE INTO lesson (id, moduleId, slug, title, body, estimatedSeatMinutes, ordinal) VALUES (
  'lesson_ak_alaska-gdl-restrictions-daily-life', 'module_ak_overlay', 'alaska-gdl-restrictions-daily-life', 'Living With Alaska''s GDL Restrictions', '# Living With Alaska''s GDL Restrictions

Passing the road test earns you a **provisional license**, but it is not the same as an unrestricted adult license. Alaska''s **Graduated Driver Licensing (GDL)** system imposes two main restrictions for the first six months after you turn 16, plus general rules that apply until you reach 18.

## The Nighttime Restriction

Provisional license holders **may not drive between 1:00 a.m. and 5:00 a.m.** There are limited exceptions:

- You are accompanied by a licensed driver who is at least **21 years old** in the front passenger seat.
- You are driving **to or from work**, and can provide proof such as a pay stub or employer letter if asked.
- You are driving **to or from a school activity** sanctioned by your school district.
- You are responding to an **emergency**.

This matters a lot more in Alaska than in many states because of how dramatically daylight changes by season. In December an Anchorage teen may see the sun set before 4 p.m.; in June the sun barely sets at all. The 1–5 a.m. rule applies regardless of how light it is outside.

## The Passenger Restriction

For the first **six months** of holding a provisional license, you may not carry passengers **under 21 years old** unless:

- They are **immediate family members** (siblings, step-siblings, etc.), or
- A licensed driver at least **21 years old** is in the front passenger seat.

This restriction targets the highest-risk situation for new teen drivers: a car full of friends. National crash data shows the per-mile fatal crash rate for 16- and 17-year-olds doubles with one teen passenger and roughly quadruples with three or more.

## Practical Implications

- **Carpools.** You cannot legally pick up three friends to go to a basketball game during your first six months of licensure. Plan rides with a parent driving, or wait out the restriction.
- **Late shifts.** If you work past 1 a.m., keep a recent pay stub or schedule in the car as proof you are commuting from work.
- **School events.** A signed activity slip from a coach or advisor goes a long way if you are pulled over after a late game.

## Cell Phones and Distracted Driving

Alaska law prohibits **texting while driving** for all drivers. It is also illegal to operate a vehicle with a **screen displaying video** visible to the driver. While Alaska does not have a universal statewide handheld ban for adults, **local ordinances** — most notably Anchorage''s — prohibit handheld phone use while driving. For provisional license holders, the safest rule is simple: **phone in the glovebox, notifications off**.

## Seat Belts and Passengers

Alaska is a **primary enforcement** seat belt state, meaning an officer can stop you solely for an unbelted occupant. As the driver, you are responsible for ensuring all passengers under 16 are properly restrained. Children under age 8 and under 65 pounds and 57 inches must be in an approved child safety seat or booster.

## Violations Reset the Clock

A conviction for a moving violation during your first six months of provisional licensure can **extend your restrictions** by another six months from the date of conviction. Two convictions can trigger license suspension. Treat your provisional period as probation: every clean month is a month closer to full driving privileges.

## When the Restrictions Lift

The nighttime and passenger restrictions end six months after the provisional license is issued, provided you have a clean record. At 18, the provisional designation drops off entirely and you hold a standard Alaska driver license.', 30, 1
);
INSERT OR REPLACE INTO quiz (id, lessonId, title, passingScore, shuffleQuestions) VALUES (
  'quiz_ak_alaska-gdl-restrictions-daily-life', 'lesson_ak_alaska-gdl-restrictions-daily-life', 'Alaska GDL Restrictions Quiz', 80, 1
);
INSERT OR REPLACE INTO quiz_question (id, quizId, prompt, choices, correctIndex, explanation, ordinal) VALUES (
  'q_ak_alaska-gdl-restrictions-daily-life_0', 'quiz_ak_alaska-gdl-restrictions-daily-life', 'During which hours are Alaska provisional license holders generally prohibited from driving?', '["10:00 p.m. to 5:00 a.m.","11:00 p.m. to 6:00 a.m.","1:00 a.m. to 5:00 a.m.","Midnight to 6:00 a.m."]', 2, 'Alaska''s GDL nighttime restriction runs from 1:00 a.m. to 5:00 a.m., with exceptions for work, school activities, emergencies, or when supervised by a licensed adult 21 or older.', 0
);
INSERT OR REPLACE INTO quiz_question (id, quizId, prompt, choices, correctIndex, explanation, ordinal) VALUES (
  'q_ak_alaska-gdl-restrictions-daily-life_1', 'quiz_ak_alaska-gdl-restrictions-daily-life', 'For how long after receiving a provisional license must a teen avoid carrying non-family passengers under 21?', '["30 days","3 months","6 months","1 year"]', 2, 'The passenger restriction lasts six months. Immediate family members are exempt, as are trips supervised by a licensed driver 21 or older in the front seat.', 1
);
INSERT OR REPLACE INTO quiz_question (id, quizId, prompt, choices, correctIndex, explanation, ordinal) VALUES (
  'q_ak_alaska-gdl-restrictions-daily-life_2', 'quiz_ak_alaska-gdl-restrictions-daily-life', 'Which of the following is a valid exception to Alaska''s nighttime driving restriction for provisional drivers?', '["Driving a friend home from a party","Driving to or from work with proof of employment","Driving for personal errands before sunrise","Driving as long as it is still daylight"]', 1, 'Driving to or from work is a recognized exception, but you should be able to show proof such as a pay stub or schedule. Daylight is irrelevant; the rule is based on clock time.', 2
);
INSERT OR REPLACE INTO quiz_question (id, quizId, prompt, choices, correctIndex, explanation, ordinal) VALUES (
  'q_ak_alaska-gdl-restrictions-daily-life_3', 'quiz_ak_alaska-gdl-restrictions-daily-life', 'Which cell phone activity is illegal for ALL drivers in Alaska, including provisional license holders?', '["Using a hands-free Bluetooth headset","Texting while driving","Talking on a handheld phone outside Anchorage","Using GPS navigation"]', 1, 'Texting while driving is prohibited statewide for all drivers. Local ordinances such as Anchorage''s add further handheld restrictions.', 3
);
INSERT OR REPLACE INTO quiz_question (id, quizId, prompt, choices, correctIndex, explanation, ordinal) VALUES (
  'q_ak_alaska-gdl-restrictions-daily-life_4', 'quiz_ak_alaska-gdl-restrictions-daily-life', 'What can happen if a provisional driver is convicted of a moving violation during the first six months?', '["Nothing, as long as no one was hurt","The restriction period can be extended an additional six months","Only a warning letter is sent","The driver is automatically reclassified as an unrestricted adult"]', 1, 'A conviction can extend the provisional restrictions by six months from the conviction date, and repeat offenses can lead to suspension.', 4
);
INSERT OR REPLACE INTO lesson (id, moduleId, slug, title, body, estimatedSeatMinutes, ordinal) VALUES (
  'lesson_ak_alaska-specific-driving-quirks', 'module_ak_overlay', 'alaska-specific-driving-quirks', 'Alaska-Specific Driving Rules and Quirks', '# Alaska-Specific Driving Rules and Quirks

Driving in Alaska is not just driving in another U.S. state with colder weather. The combination of **extreme seasonal light**, **wildlife**, **gravel highways**, and **vast distances between services** creates conditions you will not encounter anywhere in the Lower 48. This lesson covers the rules and habits that keep Alaskans alive on the road.

## Wildlife on the Road

More than **600 moose** are killed in vehicle collisions on Alaska roads each year, and moose strikes are frequently fatal to drivers because the animal''s mass lands directly on the windshield. Key habits:

- **Scan road edges constantly**, especially at dawn and dusk and near willow stands.
- **High beams** are your friend on rural roads at night — use them unless oncoming traffic is present.
- **One moose is rarely alone.** Cows often travel with calves; if you brake for one, expect another.
- **If a collision is unavoidable**, brake hard but do not swerve into oncoming traffic or off the shoulder. Aim to hit at the lowest possible speed.
- **Report all collisions** with large wildlife — both for your insurance and because the salvaged meat is often donated to charities through the **Alaska State Troopers'' roadkill list**.

## Winter Driving Conditions

Ice, snow, and **black ice** dominate roads from October through April in most of the state. Alaska does not require studded tires, but most residents use them in winter; check your municipality for the legal date range (typically mid-September through April 30 in Southcentral Alaska, with later dates allowed north of 60° latitude).

Core winter skills:

- **Slow down well before turns and intersections.** ABS does not help on glare ice.
- **Steer into a skid.** If the rear of your car slides right, gently steer right.
- **Carry a winter survival kit**: warm clothing, blankets, a sleeping bag, water, calorie-dense snacks, a candle and matches, a flashlight, a small shovel, and traction aids (sand, cat litter, or traction mats).
- **Plug in your engine block heater** overnight when temperatures drop below roughly -10°F to avoid no-starts and excessive wear.

## Daylight Extremes

In Fairbanks, December offers fewer than four hours of daylight; June offers more than 22. Both extremes are dangerous:

- In **winter**, you will commute in darkness both ways. Test your headlights weekly and keep lenses clear of snow and salt grime.
- In **summer**, persistent daylight masks fatigue. Set bedtime alarms and avoid trusting how alert the sky makes you feel — your body still needs sleep.

## Gravel and Remote Highways

Alaska has roughly 14,000 miles of public road but only a fraction is paved. The **Dalton Highway** (Deadhorse-Fairbanks), **Denali Highway**, and **Steese Highway** include long gravel stretches. Rules of thumb:

- **Slow for oncoming traffic** to avoid windshield-cracking flying rocks; move toward the right edge.
- **Headlights on at all times** on the Dalton — it is the law.
- **Fuel up at every opportunity.** It is not unusual to drive 200+ miles between gas stations.
- **Tell someone your route and ETA.** Cell coverage outside major highways and towns is unreliable.

## Studded Tire and Chain Rules

Studded tires are legal during the posted winter season but **illegal in summer** — a citable offense. Chains are allowed when required by road conditions but should be removed promptly on bare pavement to avoid damaging the road surface.

## Right of Way: The Alaska Wave

On narrow gravel roads and one-lane bridges, courteous yielding — and a small acknowledgment wave — is more than etiquette. It is how rural Alaskans avoid disputes when there is no painted lane to fall back on.

## When in Doubt, Don''t Go

Alaska has more weather-related closures, avalanches, and washouts than almost any state. The **511 Alaska** road conditions service (call 5-1-1 or visit 511.alaska.gov) is the authoritative source. A trip postponed by a day is far cheaper than a tow from Mile 178 of the Glenn Highway.', 35, 2
);
INSERT OR REPLACE INTO quiz (id, lessonId, title, passingScore, shuffleQuestions) VALUES (
  'quiz_ak_alaska-specific-driving-quirks', 'lesson_ak_alaska-specific-driving-quirks', 'Alaska Driving Quirks Quiz', 80, 1
);
INSERT OR REPLACE INTO quiz_question (id, quizId, prompt, choices, correctIndex, explanation, ordinal) VALUES (
  'q_ak_alaska-specific-driving-quirks_0', 'quiz_ak_alaska-specific-driving-quirks', 'If a collision with a moose is unavoidable, what is the recommended action?', '["Swerve hard into the opposing lane","Accelerate to push through the impact","Brake firmly without swerving into oncoming traffic or off the shoulder","Honk and maintain speed"]', 2, 'Swerving typically causes more severe crashes than the moose strike itself. Brake hard, stay in your lane, and reduce impact speed as much as possible.', 0
);
INSERT OR REPLACE INTO quiz_question (id, quizId, prompt, choices, correctIndex, explanation, ordinal) VALUES (
  'q_ak_alaska-specific-driving-quirks_1', 'quiz_ak_alaska-specific-driving-quirks', 'Which Alaska resource provides up-to-date road conditions, closures, and weather information?', '["Call 911","511 Alaska (5-1-1 or 511.alaska.gov)","The Alaska DMV main line","The National Weather Service only"]', 1, '511 Alaska is the state''s official traveler information service for road conditions, closures, and construction.', 1
);
INSERT OR REPLACE INTO quiz_question (id, quizId, prompt, choices, correctIndex, explanation, ordinal) VALUES (
  'q_ak_alaska-specific-driving-quirks_2', 'quiz_ak_alaska-specific-driving-quirks', 'What is true about studded tires in Alaska?', '["They are required statewide year-round","They are legal during the posted winter season but illegal in summer","They are illegal everywhere in Alaska","They may only be used north of the Arctic Circle"]', 1, 'Studded tires are permitted during winter months (dates vary by region) but may not be used in summer; doing so is a citable violation.', 2
);
INSERT OR REPLACE INTO quiz_question (id, quizId, prompt, choices, correctIndex, explanation, ordinal) VALUES (
  'q_ak_alaska-specific-driving-quirks_3', 'quiz_ak_alaska-specific-driving-quirks', 'Why is winter driving in Alaska especially dangerous beyond the cold?', '["Most roads close completely in winter","Black ice, long darkness, and remote distances multiply risk","Studded tires are banned in winter","GDL restrictions are suspended in winter"]', 1, 'Black ice is often invisible, winter daylight is extremely short, and breakdowns between towns can become survival situations — all reasons to slow down and prepare.', 3
);
INSERT OR REPLACE INTO quiz_question (id, quizId, prompt, choices, correctIndex, explanation, ordinal) VALUES (
  'q_ak_alaska-specific-driving-quirks_4', 'quiz_ak_alaska-specific-driving-quirks', 'What is a smart habit when driving Alaska''s gravel highways such as the Dalton?', '["Drive in the center of the road to avoid the shoulder","Keep headlights off to save battery","Slow down and move right for oncoming traffic, keep headlights on, and fuel up at every opportunity","Always drive at the posted maximum speed regardless of conditions"]', 2, 'Slowing for oncoming traffic reduces rock strikes, headlights are legally required on the Dalton, and fuel stops can be more than 200 miles apart.', 4
);

-- Alabama (AL)
INSERT OR REPLACE INTO rule_pack (id, jurisdiction, slug, name, maturity, createdAt) VALUES (
  'rp_al_teen', 'US-AL', 'al-teen', 'Alabama Teen Driver Education', 'level1', unixepoch('now')*1000
);
INSERT OR REPLACE INTO rule_pack_version (id, rulePackId, version, definition, publishedAt, notes, createdAt) VALUES (
  'rpv_al_teen_1_0_0', 'rp_al_teen', '1.0.0', '{"credentials":[{"key":"permit_eligibility","label":"Learner License","deliveryMode":"manual"}],"requirements":[{"key":"classroom_hours","label":"Classroom hours","target":30,"unit":"hour"},{"key":"btw_hours","label":"Behind-the-wheel hours","target":6,"unit":"hour"},{"key":"supervised_practice_hours","label":"Supervised practice (parent log)","target":50,"unit":"hour"}],"rules":[{"key":"unlock_permit_eligibility","trigger":"enrollment.state_changed","conditions":{"jurisdiction":"US-AL","minPermitAge":15,"classroomHoursCompleted":{"gte":30}},"actions":[{"type":"unlock_credential","credential":"permit_eligibility"},{"type":"set_journey_state","value":"permit_eligible"}]}],"facts":{"agencyName":"Alabama Law Enforcement Agency (ALEA) - Driver License Division","minPermitAge":15,"minLicenseAge":16,"minPermitDurationMonths":6,"nighttimeRestriction":"Stage I license holders (under 17) may not drive between midnight and 6:00 a.m. except when accompanied by a parent/guardian or licensed driver age 21+, driving to/from work, or for a medical, school, religious, or hunting/fishing related event.","passengerRestriction":"Stage I license holders (under 17) may not have more than one non-family passenger under the age of 21 in the vehicle, unless accompanied by a parent, legal guardian, or supervising licensed driver age 21 or older.","cellPhoneRule":"Drivers under 18 with a Stage I restricted license are prohibited from using any handheld communication device while driving. Alabama also bans text messaging for all drivers regardless of age.","notes":"Alabama operates a Graduated Driver License (GDL) program with three stages: Stage I Learner License (age 15), Stage I Restricted License (age 16), and Stage II Unrestricted License (age 17 with 6 months clean Stage I record, or age 18). Driver education is not strictly mandatory for licensure, but completion of an approved course can substitute for some requirements and may reduce insurance costs. The learner must hold the permit for at least 6 months before applying for the restricted license. Applicants must pass a vision, knowledge (road signs and rules), and road skills test. Required documents include proof of identity, Social Security number, Alabama residency, and school enrollment/attendance verification (or GED) for applicants under 19.","needsReview":["Exact required classroom hours - Alabama does not mandate a specific number for state licensure; 30 is a common course length but not statutorily required","Required BTW hours - 6 is typical for approved courses but Alabama does not statutorily require BTW for non-course-takers","Whether driver education is fully required vs. optional for license issuance under 18","Specific exemptions list for nighttime restriction may have been updated","Confirm current ALEA Driver License Division naming and any 2024-2026 GDL law changes","Verify school enrollment verification age cutoff (currently believed to be under 19)"]}}', unixepoch('now')*1000, 'Generated; school must review and tweak.', unixepoch('now')*1000
);
INSERT OR REPLACE INTO content_pack (id, slug, name, scope, jurisdiction, description, createdAt) VALUES (
  'cp_al_teen_overlay', 'al-teen-overlay', 'Alabama Teen Overlay', 'state', 'US-AL', 'Alabama-specific module covering the ALEA learner license process, Stage I restricted license rules, and Alabama traffic law quirks every new teen driver should know before hitting Birmingham, Mobile, or rural county roads.', unixepoch('now')*1000
);
INSERT OR REPLACE INTO content_pack_version (id, contentPackId, version, notes, publishedAt, createdAt) VALUES (
  'cpv_al_teen_overlay_1_0_0', 'cp_al_teen_overlay', '1.0.0', 'Generated by per-state agent; human review required before publishing.', unixepoch('now')*1000, unixepoch('now')*1000
);
INSERT OR REPLACE INTO course (id, contentPackVersionId, slug, title, description, ordinal) VALUES (
  'course_al_overlay', 'cpv_al_teen_overlay_1_0_0', 'al-overlay', 'Alabama Teen Driver Overlay', 'Alabama-specific module covering the ALEA learner license process, Stage I restricted license rules, and Alabama traffic law quirks every new teen driver should know before hitting Birmingham, Mobile, or rural county roads.', 0
);
INSERT OR REPLACE INTO module (id, courseId, slug, title, description, ordinal) VALUES (
  'module_al_overlay', 'course_al_overlay', 'al-teen-overlay', 'Alabama Teen Driver Overlay', 'Alabama-specific module covering the ALEA learner license process, Stage I restricted license rules, and Alabama traffic law quirks every new teen driver should know before hitting Birmingham, Mobile, or rural county roads.', 0
);
INSERT OR REPLACE INTO lesson (id, moduleId, slug, title, body, estimatedSeatMinutes, ordinal) VALUES (
  'lesson_al_getting-your-alabama-learner-license', 'module_al_overlay', 'getting-your-alabama-learner-license', 'Getting Your Alabama Learner License', '# Getting Your Alabama Learner License

Alabama issues driver credentials through the **Alabama Law Enforcement Agency (ALEA) Driver License Division**. For teens, the journey starts with the **Learner License** (often called a learner permit), which is Stage I of Alabama''s Graduated Driver License (GDL) program.

## When you can apply

You can apply for an Alabama Learner License the day you turn **15 years old**. There is no minimum waiting period after your birthday - bring the right documents and you can test the same day at most ALEA examining offices.

## What you need to bring

ALEA requires applicants to prove four things: who you are, that you have a Social Security number, that you live in Alabama, and (if you are under 19) that you are enrolled in school or have graduated. Plan to bring:

- **Proof of identity** - certified U.S. birth certificate, valid U.S. passport, or other ALEA-accepted primary document
- **Proof of Social Security number** - your Social Security card, a W-2, or a pay stub showing the full SSN
- **Two documents proving Alabama residency** - typically a utility bill, lease, or official mail addressed to your parent at your home address (parent''s documents can be used for minors)
- **School enrollment/exclusion form (Form DL-1/93)** signed by your school, OR proof of graduation/GED if you are under 19
- **Parent or legal guardian** in person to sign the application - Alabama requires a parent or guardian to assume financial responsibility for any minor driver
- **Application fee** - currently around $5 for the learner license; bring a card or cash

## The tests

At the office you will take three tests for the learner license:

1. **Vision screening** - basic acuity check; bring your glasses or contacts if you wear them
2. **Road sign identification** - you must recognize standard regulatory, warning, and guide signs by shape, color, and meaning
3. **Written knowledge test** - 30 multiple-choice questions drawn from the Alabama Driver Manual covering traffic laws, safe-driving practices, and DUI rules. You must score **80% or higher** to pass

Study the current edition of the Alabama Driver Manual (free PDF on the ALEA website) before you go. Most teens who fail the first attempt skipped the manual and relied only on practice apps.

## After you pass

The office prints a paper interim license valid for 60 days; your permanent card arrives by mail. While holding the learner license you may only drive when accompanied by a **licensed driver age 21 or older** (or a licensed parent, guardian, spouse, or driver education instructor) seated beside you in the front seat.

## The six-month clock

Your learner license must be held for at least **six consecutive months** with a clean record before you can move to the Stage I Restricted License at age 16. A traffic conviction or at-fault crash can reset the clock - drive like every trip counts, because it does.

## Driver education credit

If you complete an ALEA-approved driver education course (like this one), your certificate goes into your file and can reduce your auto-insurance premium under Alabama''s good-student and driver-ed discounts. It also gives you structured behind-the-wheel hours that count toward the recommended **50 hours of supervised practice** before licensure.', 35, 0
);
INSERT OR REPLACE INTO quiz (id, lessonId, title, passingScore, shuffleQuestions) VALUES (
  'quiz_al_getting-your-alabama-learner-license', 'lesson_al_getting-your-alabama-learner-license', 'Alabama Learner License Quiz', 80, 1
);
INSERT OR REPLACE INTO quiz_question (id, quizId, prompt, choices, correctIndex, explanation, ordinal) VALUES (
  'q_al_getting-your-alabama-learner-license_0', 'quiz_al_getting-your-alabama-learner-license', 'What is the minimum age to apply for an Alabama Learner License?', '["14","15","16","17"]', 1, 'Alabama allows teens to apply for a Learner License on their 15th birthday. This is Stage I of the state''s Graduated Driver License program.', 0
);
INSERT OR REPLACE INTO quiz_question (id, quizId, prompt, choices, correctIndex, explanation, ordinal) VALUES (
  'q_al_getting-your-alabama-learner-license_1', 'quiz_al_getting-your-alabama-learner-license', 'Which Alabama agency issues driver licenses?', '["Alabama DMV","Alabama Department of Transportation (ALDOT)","Alabama Law Enforcement Agency (ALEA)","Alabama Department of Public Safety"]', 2, 'Driver licensing in Alabama is handled by the Alabama Law Enforcement Agency (ALEA) Driver License Division. The former Department of Public Safety was folded into ALEA in 2013.', 1
);
INSERT OR REPLACE INTO quiz_question (id, quizId, prompt, choices, correctIndex, explanation, ordinal) VALUES (
  'q_al_getting-your-alabama-learner-license_2', 'quiz_al_getting-your-alabama-learner-license', 'While holding only a Learner License in Alabama, who must be seated beside the teen driver?', '["Any licensed driver age 18 or older","A licensed driver age 21 or older (or licensed parent/guardian/spouse/instructor)","Only a parent or legal guardian","Another teen with a full license"]', 1, 'Alabama requires a licensed driver age 21 or older - or a licensed parent, guardian, spouse, or certified driver education instructor - in the front passenger seat at all times while a learner is driving.', 2
);
INSERT OR REPLACE INTO quiz_question (id, quizId, prompt, choices, correctIndex, explanation, ordinal) VALUES (
  'q_al_getting-your-alabama-learner-license_3', 'quiz_al_getting-your-alabama-learner-license', 'What score must you achieve on the Alabama written knowledge test to pass?', '["70%","75%","80%","90%"]', 2, 'Alabama requires a minimum score of 80% on the 30-question written knowledge test taken from the Alabama Driver Manual.', 3
);
INSERT OR REPLACE INTO quiz_question (id, quizId, prompt, choices, correctIndex, explanation, ordinal) VALUES (
  'q_al_getting-your-alabama-learner-license_4', 'quiz_al_getting-your-alabama-learner-license', 'How long must a teen hold the Learner License before moving to the Stage I Restricted License?', '["30 days","3 months","6 months","12 months"]', 2, 'The learner license must be held for at least six consecutive months with a clean driving record before a teen (who must also be at least 16) can apply for the Stage I Restricted License.', 4
);
INSERT OR REPLACE INTO lesson (id, moduleId, slug, title, body, estimatedSeatMinutes, ordinal) VALUES (
  'lesson_al_alabama-gdl-restrictions-daily-life', 'module_al_overlay', 'alabama-gdl-restrictions-daily-life', 'Alabama GDL Restrictions in Daily Life', '# Alabama GDL Restrictions in Daily Life

Once you turn 16 and meet the six-month learner requirement, you can apply for the **Stage I Restricted License**. It looks just like a regular license, but it carries three restrictions until you turn 17 (with a clean six-month Stage I record) or 18. Knowing the exact rules - and the exceptions - keeps you out of trouble and on the road.

## The midnight-to-6 a.m. rule

A Stage I driver **may not operate a vehicle between midnight and 6:00 a.m.** That covers the highest-risk crash window for new drivers. Exceptions include:

- Driving accompanied by a parent, legal guardian, or licensed driver 21+
- Driving to or from work (carry a recent pay stub or letter from your employer)
- Driving to or from a school-sanctioned event
- Driving to or from a religious-organization event
- Driving for a medical emergency or to a hunting/fishing event with a valid license

"My friend''s house" and "a party" are **not** exceptions. If you are pulled over at 1 a.m. coming back from a movie, expect a ticket and a possible delay in earning your Stage II license.

## The passenger limit

A Stage I driver **may not carry more than one non-family passenger under age 21**. The intent is simple: research consistently shows that crash risk for teens multiplies sharply with each additional teen passenger. Family members (siblings, cousins living in the home, etc.) do not count toward the limit, and the rule is waived when a parent, guardian, or licensed driver 21+ is in the car.

Practical examples:

- You + one friend: legal
- You + two friends: not legal
- You + your 14-year-old sister + one friend: legal (sister is family)
- You + four teammates after practice: not legal unless a coach 21+ is riding along

## The phone rule

Alabama bans **all use of handheld communication devices** by drivers under 18 holding a restricted license. That means no calls, no texts, no scrolling - even at a red light. Mounted, hands-free GPS navigation is allowed, but anything that requires you to hold or type on the device is off-limits.

Alabama law **also bans texting for every driver in the state**, regardless of age, and starting in recent years police can stop you for texting alone (primary enforcement). A texting ticket adds points to your license and triggers an automatic insurance surcharge.

## Seat belts - not just a rule, a save

Alabama requires every front-seat occupant and every passenger under 15 in any seat to wear a seat belt. As the driver you are responsible for every minor in your vehicle. A first offense is a $25 primary-enforcement ticket, and unbelted teens are roughly twice as likely to die in a crash.

## What happens if you break a restriction

Violating a GDL restriction is a moving violation in Alabama. Beyond the fine, the conviction:

- Resets your six-month clean-record clock for advancement to Stage II
- Adds points to your license (Alabama uses a 12-points-in-2-years suspension threshold)
- Notifies your parents through the address on file
- Will likely raise your family''s insurance premium for three years

## Planning around the rules

Make a habit of checking the clock before you leave anywhere after 9 p.m., counting the people in your car before you put it in drive, and dropping your phone in the glove box or a Do-Not-Disturb dock before you turn the key. Treat the restrictions as the floor, not the ceiling, of safe behavior.', 30, 1
);
INSERT OR REPLACE INTO quiz (id, lessonId, title, passingScore, shuffleQuestions) VALUES (
  'quiz_al_alabama-gdl-restrictions-daily-life', 'lesson_al_alabama-gdl-restrictions-daily-life', 'Alabama GDL Restrictions Quiz', 80, 1
);
INSERT OR REPLACE INTO quiz_question (id, quizId, prompt, choices, correctIndex, explanation, ordinal) VALUES (
  'q_al_alabama-gdl-restrictions-daily-life_0', 'quiz_al_alabama-gdl-restrictions-daily-life', 'During what hours is a Stage I Restricted License holder generally prohibited from driving in Alabama?', '["10:00 p.m. to 5:00 a.m.","11:00 p.m. to 6:00 a.m.","Midnight to 6:00 a.m.","Midnight to 5:00 a.m."]', 2, 'Alabama''s GDL prohibits Stage I drivers from operating a vehicle between midnight and 6:00 a.m., with limited exceptions for work, school, religious, medical, and hunting/fishing trips, or when accompanied by a qualifying adult.', 0
);
INSERT OR REPLACE INTO quiz_question (id, quizId, prompt, choices, correctIndex, explanation, ordinal) VALUES (
  'q_al_alabama-gdl-restrictions-daily-life_1', 'quiz_al_alabama-gdl-restrictions-daily-life', 'How many non-family passengers under age 21 may a Stage I Restricted License holder transport without a supervising adult?', '["Zero","One","Two","Three"]', 1, 'A Stage I driver may carry no more than one non-family passenger under 21 unless a parent, guardian, or licensed driver 21 or older is in the vehicle.', 1
);
INSERT OR REPLACE INTO quiz_question (id, quizId, prompt, choices, correctIndex, explanation, ordinal) VALUES (
  'q_al_alabama-gdl-restrictions-daily-life_2', 'quiz_al_alabama-gdl-restrictions-daily-life', 'Which of the following is a valid exception to Alabama''s nighttime driving restriction for Stage I drivers?', '["Driving home from a friend''s house","Driving to or from work with proof of employment","Driving to pick up food","Driving to a party"]', 1, 'Driving to or from a job is one of the explicit exceptions, provided the teen can show proof of employment such as a pay stub or letter from the employer.', 2
);
INSERT OR REPLACE INTO quiz_question (id, quizId, prompt, choices, correctIndex, explanation, ordinal) VALUES (
  'q_al_alabama-gdl-restrictions-daily-life_3', 'quiz_al_alabama-gdl-restrictions-daily-life', 'What is Alabama''s cell phone rule for drivers under 18 holding a restricted license?', '["Hands-free calls are allowed","Texting only is prohibited","All handheld communication device use is prohibited","There is no specific rule for teens"]', 2, 'Alabama prohibits any use of a handheld communication device by drivers under 18 with a restricted license. Texting is also banned for every driver in the state regardless of age.', 3
);
INSERT OR REPLACE INTO quiz_question (id, quizId, prompt, choices, correctIndex, explanation, ordinal) VALUES (
  'q_al_alabama-gdl-restrictions-daily-life_4', 'quiz_al_alabama-gdl-restrictions-daily-life', 'Which of the following passengers would NOT count toward the Stage I one-passenger limit?', '["A 17-year-old classmate","A 19-year-old friend from a different school","A 14-year-old sibling who lives in your home","A 20-year-old cousin who lives in a different city"]', 2, 'Family members living in the driver''s household, such as siblings, do not count toward the non-family passenger limit. Friends and non-household relatives under 21 do count.', 4
);
INSERT OR REPLACE INTO lesson (id, moduleId, slug, title, body, estimatedSeatMinutes, ordinal) VALUES (
  'lesson_al_alabama-rules-and-quirks', 'module_al_overlay', 'alabama-rules-and-quirks', 'Alabama-Specific Rules and Quirks', '# Alabama-Specific Rules and Quirks

Every state has its own personality on the road. Knowing Alabama''s quirks - both the laws written into the code and the practical realities of driving from the Tennessee Valley to the Gulf Coast - will keep you safer and ticket-free.

## Move Over Law

Alabama''s Move Over Law is one of the most enforced traffic statutes in the state. On any road of two or more lanes in the same direction, you must move one lane away from a stopped **emergency, law-enforcement, utility, wrecker, or sanitation vehicle** with flashing lights. If you cannot move over safely, you must slow to **at least 15 mph below the posted speed limit** (and to 25 mph if the limit is 25 or less). State troopers actively patrol I-65, I-20, I-10, and I-59 watching specifically for Move Over violations. The fine starts around $100 plus court costs and goes up sharply for repeat offenses.

## Open container - and the Sunday quirk

Alabama prohibits open containers of alcohol in the passenger compartment of any vehicle on a public highway. Unlike many states, Alabama leaves alcohol sales rules largely to counties and cities, so you will drive through **dry counties** (no alcohol sales at all), **wet counties**, and counties with patchwork Sunday rules. The driving rule is constant: no open containers, no consuming alcohol behind the wheel, ever. For a driver under 21 the legal blood-alcohol limit is **0.02%** - essentially zero tolerance. One drink can end your driving career before it starts.

## Funeral processions have the right of way

Alabama law gives funeral processions, led by a vehicle with purple-and-white or amber flashing lights, the right of way at intersections. Once the lead car has lawfully entered an intersection, every vehicle in the procession may follow without stopping, even against a red light. Other drivers must yield and may not cut into or through the line. This is a longstanding Southern courtesy that is also codified - cutting through a funeral procession can earn you a ticket and a lot of stink-eye.

## School buses and rural roads

When a school bus stops with its red lights flashing and its stop arm extended, **all traffic in both directions** must stop on a two-lane road. On a divided highway with a physical median or barrier, only traffic following the bus must stop. Many Alabama school districts now equip buses with stop-arm cameras that mail citations directly to the registered owner of the offending vehicle - the fine is steep ($150 minimum) and the violation cannot be defended by saying "I didn''t see it."

## Weather you actually need to plan for

Alabama''s weather creates conditions other states'' manuals do not cover well:

- **Severe thunderstorms** can drop visibility to near zero in minutes. If you must pull over, get fully off the roadway (not the shoulder) and turn on hazards.
- **Tornadoes** are a real threat from March through May, especially in the central and northern parts of the state. Never try to outrun one in a car - abandon the vehicle for a low-lying ditch or sturdy shelter.
- **Fog** is common in river valleys (Tennessee, Coosa, Alabama, Tombigbee). Use low beams, not high beams, and stay well behind the car ahead.
- **The rare ice storm** shuts the state down because road crews lack heavy salt fleets. If forecasters say "freezing rain," stay home; bridges and overpasses freeze first.

## Headlights with wipers

Alabama law requires headlights to be on **any time the windshield wipers are in continuous use** due to weather. Daytime running lights do not satisfy this requirement - your tail lights must also be illuminated so drivers behind you can see you in the rain.

## Wildlife on the road

From October through January, deer activity spikes dramatically across Alabama, especially at dawn and dusk. Open-range areas in some rural counties also allow livestock on or near roadways. If an animal appears, **brake straight - never swerve**. Most fatal animal-collision crashes happen when drivers lose control trying to dodge.', 30, 2
);
INSERT OR REPLACE INTO quiz (id, lessonId, title, passingScore, shuffleQuestions) VALUES (
  'quiz_al_alabama-rules-and-quirks', 'lesson_al_alabama-rules-and-quirks', 'Alabama Rules and Quirks Quiz', 80, 1
);
INSERT OR REPLACE INTO quiz_question (id, quizId, prompt, choices, correctIndex, explanation, ordinal) VALUES (
  'q_al_alabama-rules-and-quirks_0', 'quiz_al_alabama-rules-and-quirks', 'Under Alabama''s Move Over Law, if you cannot safely change lanes when passing a stopped emergency vehicle, what must you do?', '["Maintain the posted speed limit","Slow to at least 15 mph below the posted speed limit","Stop completely until the emergency vehicle leaves","Honk to alert the emergency personnel"]', 1, 'Alabama''s Move Over Law requires drivers who cannot safely change lanes to slow to at least 15 mph below the posted speed limit (or 25 mph if the limit is 25 or less).', 0
);
INSERT OR REPLACE INTO quiz_question (id, quizId, prompt, choices, correctIndex, explanation, ordinal) VALUES (
  'q_al_alabama-rules-and-quirks_1', 'quiz_al_alabama-rules-and-quirks', 'What is the maximum legal blood-alcohol concentration (BAC) for a driver under age 21 in Alabama?', '["0.00%","0.02%","0.05%","0.08%"]', 1, 'Alabama enforces a 0.02% BAC limit for drivers under 21 - effectively a zero-tolerance standard. The adult limit is 0.08%.', 1
);
INSERT OR REPLACE INTO quiz_question (id, quizId, prompt, choices, correctIndex, explanation, ordinal) VALUES (
  'q_al_alabama-rules-and-quirks_2', 'quiz_al_alabama-rules-and-quirks', 'On a two-lane road, what must you do when a school bus stops with its red lights flashing and stop arm extended?', '["Only traffic behind the bus must stop","Slow to 20 mph and pass carefully","All traffic in both directions must stop","Stop only if children are visible"]', 2, 'On any two-lane road, all traffic in both directions must stop for a school bus displaying flashing red lights and an extended stop arm. The rule changes only on divided highways with a physical median.', 2
);
INSERT OR REPLACE INTO quiz_question (id, quizId, prompt, choices, correctIndex, explanation, ordinal) VALUES (
  'q_al_alabama-rules-and-quirks_3', 'quiz_al_alabama-rules-and-quirks', 'Alabama law requires headlights to be turned on under which of the following conditions?', '["Only between sunset and sunrise","Anytime the windshield wipers are in continuous use due to weather","Only when visibility is less than 100 feet","Only on interstate highways"]', 1, 'Alabama requires headlights (not just daytime running lights) any time the windshield wipers are in continuous use due to weather, so other drivers can see your vehicle''s tail lights.', 3
);
INSERT OR REPLACE INTO quiz_question (id, quizId, prompt, choices, correctIndex, explanation, ordinal) VALUES (
  'q_al_alabama-rules-and-quirks_4', 'quiz_al_alabama-rules-and-quirks', 'If a deer suddenly steps in front of your car on an Alabama back road, what is the safest action?', '["Swerve hard into the opposite lane","Brake straight and stay in your lane","Accelerate through to pass it quickly","Swerve onto the shoulder and brake"]', 1, 'Brake straight and stay in your lane. Most fatal animal-collision crashes occur when drivers swerve and lose control, leaving the road or hitting another vehicle. Hitting the deer at reduced speed is typically far safer.', 4
);

-- Arkansas (AR)
INSERT OR REPLACE INTO rule_pack (id, jurisdiction, slug, name, maturity, createdAt) VALUES (
  'rp_ar_teen', 'US-AR', 'ar-teen', 'Arkansas Teen Driver Education', 'level1', unixepoch('now')*1000
);
INSERT OR REPLACE INTO rule_pack_version (id, rulePackId, version, definition, publishedAt, notes, createdAt) VALUES (
  'rpv_ar_teen_1_0_0', 'rp_ar_teen', '1.0.0', '{"credentials":[{"key":"permit_eligibility","label":"Learner''s License","deliveryMode":"manual"}],"requirements":[{"key":"classroom_hours","label":"Classroom hours","target":0,"unit":"hour"},{"key":"btw_hours","label":"Behind-the-wheel hours","target":0,"unit":"hour"},{"key":"supervised_practice_hours","label":"Supervised practice (parent log)","target":0,"unit":"hour"}],"rules":[{"key":"unlock_permit_eligibility","trigger":"enrollment.state_changed","conditions":{"jurisdiction":"US-AR","minPermitAge":14,"classroomHoursCompleted":{"gte":0}},"actions":[{"type":"unlock_credential","credential":"permit_eligibility"},{"type":"set_journey_state","value":"permit_eligible"}]}],"facts":{"agencyName":"Arkansas Department of Finance and Administration, Office of Driver Services","minPermitAge":14,"minLicenseAge":16,"minPermitDurationMonths":6,"nighttimeRestriction":"Intermediate license holders (ages 16-17) may not drive between 11:00 p.m. and 4:00 a.m., except when traveling to or from work, school, or a school-sanctioned activity, or when accompanied by a licensed driver 21 or older.","passengerRestriction":"Learner''s License holders may carry only the supervising licensed driver (21+) in the front seat and no more than one unrelated minor passenger in the vehicle. Intermediate license holders may not transport more than one unrelated passenger under age 21 unless accompanied by a licensed driver 21 or older or a parent/legal guardian.","cellPhoneRule":"Drivers under 18 are prohibited from using a handheld or hands-free wireless telephone while driving. Texting while driving is banned for all drivers regardless of age. Drivers 18-20 may use a hands-free device only.","notes":"Arkansas uses a three-stage Graduated Driver License system: Learner''s License (14+), Intermediate License (16+), and unrestricted Class D License (18+). Arkansas does not statutorily require a state-approved driver education course or a specific number of supervised practice hours to obtain a Learner''s License or Intermediate License, although completion of an approved driver education course can be used in lieu of certain testing or to demonstrate proficiency. Applicants under 18 must have a parent or legal guardian sign the application. The learner''s permit must be held for at least 6 months with a clean driving record (no serious traffic convictions) before advancing to an Intermediate License. Driver education programs in Arkansas are typically offered through public schools, private driving schools licensed by the State Police, or commercial providers; curriculum standards are not centrally codified the way they are in states like Minnesota.","needsReview":["Confirm exact statutory citation for the 11pm-4am nighttime restriction (Ark. Code Ann. 27-16-804 or successor)","Verify whether Arkansas currently requires any minimum supervised practice hours - some sources reference ''good driving record'' rather than logged hours","Confirm passenger restriction wording - rules differ slightly between Learner''s and Intermediate stages","Verify whether driver education is mandatory, optional, or only required to waive the road skills test","Confirm current handheld phone ban scope for drivers under 18 vs. 18-20 (Paul''s Law / Act 197)","Confirm whether the credential is officially called ''Learner''s License'' or ''Instruction Permit'' on current DFA documents","Verify delivery mode - Arkansas DFA may now offer some online services that would shift this from ''manual'' to ''electronic_upload''"]}}', unixepoch('now')*1000, 'Generated; school must review and tweak.', unixepoch('now')*1000
);
INSERT OR REPLACE INTO content_pack (id, slug, name, scope, jurisdiction, description, createdAt) VALUES (
  'cp_ar_teen_overlay', 'ar-teen-overlay', 'Arkansas Teen Overlay', 'state', 'US-AR', 'State-specific lessons covering how to obtain an Arkansas Learner''s License, the Graduated Driver License restrictions that apply in daily life, and Arkansas-specific rules that often trip up new drivers. Designed for teens ages 14-17 and their parents.', unixepoch('now')*1000
);
INSERT OR REPLACE INTO content_pack_version (id, contentPackId, version, notes, publishedAt, createdAt) VALUES (
  'cpv_ar_teen_overlay_1_0_0', 'cp_ar_teen_overlay', '1.0.0', 'Generated by per-state agent; human review required before publishing.', unixepoch('now')*1000, unixepoch('now')*1000
);
INSERT OR REPLACE INTO course (id, contentPackVersionId, slug, title, description, ordinal) VALUES (
  'course_ar_overlay', 'cpv_ar_teen_overlay_1_0_0', 'ar-overlay', 'Arkansas Teen Driver Overlay', 'State-specific lessons covering how to obtain an Arkansas Learner''s License, the Graduated Driver License restrictions that apply in daily life, and Arkansas-specific rules that often trip up new drivers. Designed for teens ages 14-17 and their parents.', 0
);
INSERT OR REPLACE INTO module (id, courseId, slug, title, description, ordinal) VALUES (
  'module_ar_overlay', 'course_ar_overlay', 'ar-teen-overlay', 'Arkansas Teen Driver Overlay', 'State-specific lessons covering how to obtain an Arkansas Learner''s License, the Graduated Driver License restrictions that apply in daily life, and Arkansas-specific rules that often trip up new drivers. Designed for teens ages 14-17 and their parents.', 0
);
INSERT OR REPLACE INTO lesson (id, moduleId, slug, title, body, estimatedSeatMinutes, ordinal) VALUES (
  'lesson_ar_getting-your-arkansas-learners-license', 'module_ar_overlay', 'getting-your-arkansas-learners-license', 'How to Get Your Arkansas Learner''s License', '# How to Get Your Arkansas Learner''s License

Arkansas uses a three-stage Graduated Driver License (GDL) system. The very first step for any teen is the **Learner''s License**, sometimes informally called a learner''s permit. Here is exactly what you need to do.

## Step 1: Meet the Age Requirement

You must be **at least 14 years old** to apply for an Arkansas Learner''s License. Arkansas is one of the youngest-permit states in the country, but the trade-off is that the learner stage lasts a long time and the restrictions are real.

## Step 2: Gather Your Documents

When you visit a State Revenue Office (operated by the Arkansas Department of Finance and Administration), bring originals of the following:

- **Proof of identity** - certified birth certificate or valid U.S. passport.
- **Proof of Social Security number** - your Social Security card, a W-2, or a pay stub showing the full number.
- **Two proofs of Arkansas residency** - utility bill, lease, school enrollment letter, or insurance document showing your address.
- **School enrollment verification** - Arkansas requires applicants under 18 to show they are enrolled in school, have graduated, or have a valid exemption. The high school or homeschool administrator typically signs a form.
- **Parent or legal guardian** - a parent or legal guardian must appear with you in person to sign the application. They are accepting financial responsibility for your driving.

## Step 3: Pass the Knowledge Test and Vision Screening

At the Revenue Office you will take:

1. A **vision screening** (you may wear glasses or contacts).
2. A **written knowledge test** covering Arkansas traffic laws, road signs, and safe driving practices. The Arkansas Driver License Study Guide, available free on the DFA website, is the official source. Most teens who fail the first time skipped studying the signs section.

## Step 4: Pay the Fee

Fees are modest (typically under $50 for the learner stage), but they change periodically. Bring a debit card, cash, or check.

## Step 5: Drive Only Under Supervision

Once you have your Learner''s License, you may only drive when:

- A **licensed driver 21 or older** is seated next to you in the front passenger seat, **and**
- You are carrying **no more than one unrelated minor passenger** in the vehicle.

No solo driving. Ever. Even to the end of the driveway counts.

## Step 6: Hold the Permit for at Least 6 Months

You must keep your Learner''s License for a minimum of **six months** with a clean driving record - meaning no serious traffic convictions - before you can apply for an Intermediate License at age 16. A serious violation can restart the clock.

## A Note on Driver Education

Unlike some states, Arkansas does not statutorily require you to complete a formal driver education course to get your Learner''s License. However, completing a quality course is the single best predictor of passing the road test on the first try, lowering insurance premiums, and avoiding the kinds of crashes that disproportionately kill 16-19 year olds. Many Arkansas families enroll anyway.

## Common Mistakes to Avoid

- Showing up without the parent or guardian.
- Bringing a photocopy instead of an original birth certificate.
- Forgetting the school enrollment verification.
- Assuming you can drive alone the day you get the permit - you cannot.

Keep your Learner''s License on you any time you are behind the wheel. Driving without it in your possession is a separate violation.', 35, 0
);
INSERT OR REPLACE INTO quiz (id, lessonId, title, passingScore, shuffleQuestions) VALUES (
  'quiz_ar_getting-your-arkansas-learners-license', 'lesson_ar_getting-your-arkansas-learners-license', 'Arkansas Learner''s License Basics', 80, 1
);
INSERT OR REPLACE INTO quiz_question (id, quizId, prompt, choices, correctIndex, explanation, ordinal) VALUES (
  'q_ar_getting-your-arkansas-learners-license_0', 'quiz_ar_getting-your-arkansas-learners-license', 'What is the minimum age to apply for an Arkansas Learner''s License?', '["13","14","15","16"]', 1, 'Arkansas allows teens to apply for a Learner''s License starting at age 14, one of the earliest permit ages in the United States.', 0
);
INSERT OR REPLACE INTO quiz_question (id, quizId, prompt, choices, correctIndex, explanation, ordinal) VALUES (
  'q_ar_getting-your-arkansas-learners-license_1', 'quiz_ar_getting-your-arkansas-learners-license', 'Who must accompany an Arkansas Learner''s License holder while driving?', '["Any licensed driver age 18 or older","A parent or legal guardian only","A licensed driver age 21 or older seated in the front passenger seat","An instructor from a state-approved driving school"]', 2, 'Arkansas requires a licensed driver who is at least 21 years old to be seated in the front passenger seat at all times while a Learner''s License holder is driving.', 1
);
INSERT OR REPLACE INTO quiz_question (id, quizId, prompt, choices, correctIndex, explanation, ordinal) VALUES (
  'q_ar_getting-your-arkansas-learners-license_2', 'quiz_ar_getting-your-arkansas-learners-license', 'How long must you hold an Arkansas Learner''s License before advancing to an Intermediate License?', '["30 days","90 days","6 months with a clean driving record","12 months regardless of driving record"]', 2, 'Arkansas requires at least 6 months at the Learner''s stage with a clean driving record. A serious traffic conviction can reset the clock.', 2
);
INSERT OR REPLACE INTO quiz_question (id, quizId, prompt, choices, correctIndex, explanation, ordinal) VALUES (
  'q_ar_getting-your-arkansas-learners-license_3', 'quiz_ar_getting-your-arkansas-learners-license', 'Which document is NOT typically required when applying for an Arkansas Learner''s License?', '["Certified birth certificate or passport","Proof of Social Security number","Two proofs of Arkansas residency","A notarized letter from a current employer"]', 3, 'An employer letter is not required. You need identity, Social Security, residency proofs, and school enrollment verification, plus a parent or guardian present to sign.', 3
);
INSERT OR REPLACE INTO quiz_question (id, quizId, prompt, choices, correctIndex, explanation, ordinal) VALUES (
  'q_ar_getting-your-arkansas-learners-license_4', 'quiz_ar_getting-your-arkansas-learners-license', 'Is completing a formal driver education course legally required to obtain an Arkansas Learner''s License?', '["Yes, a 30-hour classroom course is required","Yes, but only 8 hours of online instruction are required","No, it is not statutorily required, though it is strongly encouraged","Only homeschooled students are required to complete one"]', 2, 'Arkansas does not legally require driver education to obtain a Learner''s License, although taking a course is widely recommended for safety and insurance reasons.', 4
);
INSERT OR REPLACE INTO lesson (id, moduleId, slug, title, body, estimatedSeatMinutes, ordinal) VALUES (
  'lesson_ar_arkansas-gdl-restrictions-in-daily-life', 'module_ar_overlay', 'arkansas-gdl-restrictions-in-daily-life', 'Arkansas GDL Restrictions in Daily Life', '# Arkansas GDL Restrictions in Daily Life

Getting your license is exciting, but Arkansas''s Graduated Driver License (GDL) law puts real limits on when, where, and with whom you can drive until you turn 18. Knowing them is the difference between an awkward conversation with an officer and a citation that affects your insurance for years.

## The Three Stages

| Stage | Age | Key Limits |
|---|---|---|
| Learner''s License | 14-15 | Must have a 21+ licensed driver in the front seat, no solo driving |
| Intermediate License | 16-17 | Nighttime curfew, passenger limits, phone ban |
| Class D (full) License | 18+ | All GDL restrictions lift |

This lesson focuses on the **Intermediate License** stage, which is where most teens spend the bulk of their driving life.

## The Nighttime Curfew

Intermediate License holders may **not drive between 11:00 p.m. and 4:00 a.m.** There are limited exceptions:

- Traveling **to or from work**, with documentation if asked.
- Traveling **to or from school or a school-sanctioned activity** (sports, debate, prom).
- When a **licensed driver 21 or older** is in the front passenger seat.

A classic mistake: leaving a friend''s house at 10:50 and getting pulled over at 11:05. The clock is the clock - plan to be parked by 10:45 to give yourself a cushion.

## The Passenger Rule

An Intermediate License holder may **not transport more than one passenger under age 21** unless:

- The other passengers are immediate family members (siblings), **or**
- A parent, legal guardian, or licensed driver 21 or older is also in the vehicle.

This rule exists because crash data is brutally clear: a teen driver''s fatal-crash risk roughly doubles with one teen passenger and quadruples with two or more.

## The Phone Rule

Arkansas drivers **under 18** may not use a cellphone at all while driving - not even hands-free. Drivers 18-20 may use a hands-free device only. **Texting is banned for everyone**, every age, every device.

- Mounting your phone for navigation is fine if you do not touch it.
- Pulling completely off the roadway to send a text is the safe option.
- A first phone violation is a primary offense, meaning an officer can stop you for that alone.

## Seat Belts and Passengers

Arkansas law requires every occupant of the vehicle to wear a seat belt. As the driver of a vehicle with passengers under 15, **you** are responsible for making sure they are buckled. Children under 6 and under 60 pounds must be in a child safety seat.

## What Happens If You Get a Ticket

A serious moving violation during the Learner''s or Intermediate stage can:

- Reset the 6-month clean-record clock.
- Delay your move to a full Class D license.
- Trigger a parental notification.
- Lead to suspension if you accumulate points.

The Arkansas Office of Driver Services tracks GDL violations separately from adult violations, and the consequences are steeper.

## Practical Tips

- Put a sticky note on your dashboard with the curfew times for the first month.
- Tell your friends about the passenger rule before they ask for a ride - it saves an awkward conversation.
- Stash your phone in the glove box if you cannot trust yourself to ignore it.
- Carry proof of work or school activity in your car if you regularly drive close to curfew.

The restrictions feel inconvenient at 16. By 18 they lift automatically - no test, no fee. The goal is to get you to 18 alive and with a clean record.', 30, 1
);
INSERT OR REPLACE INTO quiz (id, lessonId, title, passingScore, shuffleQuestions) VALUES (
  'quiz_ar_arkansas-gdl-restrictions-in-daily-life', 'lesson_ar_arkansas-gdl-restrictions-in-daily-life', 'Arkansas GDL Restrictions', 80, 1
);
INSERT OR REPLACE INTO quiz_question (id, quizId, prompt, choices, correctIndex, explanation, ordinal) VALUES (
  'q_ar_arkansas-gdl-restrictions-in-daily-life_0', 'quiz_ar_arkansas-gdl-restrictions-in-daily-life', 'What are the nighttime driving curfew hours for an Arkansas Intermediate License holder?', '["9:00 p.m. to 5:00 a.m.","10:00 p.m. to 6:00 a.m.","11:00 p.m. to 4:00 a.m.","Midnight to 5:00 a.m."]', 2, 'Arkansas prohibits Intermediate License holders from driving between 11:00 p.m. and 4:00 a.m., except for work, school activities, or when accompanied by a licensed driver 21 or older.', 0
);
INSERT OR REPLACE INTO quiz_question (id, quizId, prompt, choices, correctIndex, explanation, ordinal) VALUES (
  'q_ar_arkansas-gdl-restrictions-in-daily-life_1', 'quiz_ar_arkansas-gdl-restrictions-in-daily-life', 'Which of the following is a valid exception to the Arkansas Intermediate License nighttime curfew?', '["Driving home from a friend''s birthday party","Driving to or from a school-sanctioned activity","Driving to pick up food after a movie","Driving anywhere as long as you have your phone with you"]', 1, 'Travel to or from work, school, or a school-sanctioned activity is a recognized exception. Social outings are not.', 1
);
INSERT OR REPLACE INTO quiz_question (id, quizId, prompt, choices, correctIndex, explanation, ordinal) VALUES (
  'q_ar_arkansas-gdl-restrictions-in-daily-life_2', 'quiz_ar_arkansas-gdl-restrictions-in-daily-life', 'How many unrelated passengers under 21 may an Arkansas Intermediate License holder transport without a 21+ adult in the car?', '["Zero","One","Three","Unlimited as long as everyone is belted"]', 1, 'Intermediate License holders may not transport more than one passenger under 21 who is not an immediate family member, unless a licensed driver 21 or older is also in the vehicle.', 2
);
INSERT OR REPLACE INTO quiz_question (id, quizId, prompt, choices, correctIndex, explanation, ordinal) VALUES (
  'q_ar_arkansas-gdl-restrictions-in-daily-life_3', 'quiz_ar_arkansas-gdl-restrictions-in-daily-life', 'Under Arkansas law, may a 17-year-old driver use a hands-free Bluetooth headset to take a phone call while driving?', '["Yes, hands-free is always allowed","Yes, but only on highways","No, drivers under 18 may not use a wireless phone at all while driving","Only if the call lasts less than 60 seconds"]', 2, 'Arkansas prohibits drivers under 18 from using any wireless telephone - handheld or hands-free - while driving. Drivers 18-20 may use a hands-free device, and texting is banned for everyone.', 3
);
INSERT OR REPLACE INTO quiz_question (id, quizId, prompt, choices, correctIndex, explanation, ordinal) VALUES (
  'q_ar_arkansas-gdl-restrictions-in-daily-life_4', 'quiz_ar_arkansas-gdl-restrictions-in-daily-life', 'What can happen if an Arkansas Intermediate License holder receives a serious moving violation?', '["Nothing - GDL violations are not reported","It may reset the clean-record clock and delay advancement to a full license","The license is automatically revoked for life","Only the parents are fined; the teen faces no consequences"]', 1, 'A serious violation can reset the 6-month clean-record requirement, delay advancement to a Class D license, and trigger parental notification or suspension depending on points.', 4
);
INSERT OR REPLACE INTO lesson (id, moduleId, slug, title, body, estimatedSeatMinutes, ordinal) VALUES (
  'lesson_ar_arkansas-specific-rules-and-quirks', 'module_ar_overlay', 'arkansas-specific-rules-and-quirks', 'Arkansas-Specific Rules and Quirks', '# Arkansas-Specific Rules and Quirks

Every state has driving rules that are easy to miss because they do not show up in generic study guides. Here are Arkansas-specific rules and customs that will save you a ticket - or a crash.

## Move Over Law

Arkansas''s **Move Over Law** requires drivers to change lanes away from any stopped emergency vehicle, tow truck, utility vehicle, or highway maintenance vehicle with flashing lights. If changing lanes is not safe, slow down well below the posted limit. Violations are a primary offense and fines escalate sharply if a worker is struck.

## Open Container - Even Empty

It is illegal to have an open alcoholic beverage container in the passenger area of a vehicle on any Arkansas public roadway, even if no one is drinking and even if the container is empty. Stash empties in the trunk. For drivers under 21, **any detectable alcohol** triggers a Zero Tolerance violation and license suspension.

## Implied Consent

By accepting an Arkansas driver license, you give **implied consent** to a breath, blood, or urine test if an officer has reasonable grounds to suspect impaired driving. Refusing triggers an **automatic 6-month license suspension** for a first refusal, separate from any DUI charge.

## Headlights On When Wipers Are On

Arkansas law (the **wipers-on, lights-on rule**) requires headlights any time your windshield wipers are in continuous use due to weather. Daytime running lights do not satisfy this rule - your taillights must be on so drivers behind can see you in rain or fog.

## School Bus Stops

When a school bus is stopped with red lights flashing and stop arm extended, **all traffic in both directions must stop** on a two-lane road. On a divided highway with a physical median, only traffic on the same side must stop. Passing a stopped school bus carries some of the steepest penalties in Arkansas.

## Funeral Processions

Arkansas formally recognizes funeral processions. A lead vehicle typically has flashing hazards and a purple flag; following vehicles also use hazards. **Other drivers must yield** to a marked procession and may not cut through it, even at a green light.

## Weather Hazards

Arkansas weather is dramatic. Expect:

- **Flash flooding** - never drive through standing water. "Turn around, don''t drown" - just 12 inches of moving water can sweep away a small car.
- **Tornadoes** - if a warning is issued while driving, abandon the vehicle and seek the lowest interior shelter. Do not park under overpasses.
- **Ice events** - bridges and overpasses freeze first. Reduce speed dramatically.
- **Deer** - especially active at dawn, dusk, and fall rut (October-November). If a collision is unavoidable, brake firmly and stay in your lane.

## Rural Road Realities

Much of Arkansas is rural. Watch for slow-moving farm equipment (orange triangle = under 25 mph), loose livestock, logging trucks with shifting loads, and unpaved county roads where gravel changes everything about braking.

## Insurance and Financial Responsibility

Arkansas requires minimum liability coverage of **25/50/25** ($25,000 bodily injury per person, $50,000 per accident, $25,000 property damage). The state runs an electronic verification system - lapses can suspend your registration. Always carry your insurance card.

## Real ID

Arkansas issues both standard and Real ID-compliant licenses. To board a domestic flight or enter a federal building using your driver license, you need the gold-star Real ID version. Request it at your first appointment - it requires birth certificate, Social Security card, and two proofs of residency.

Knowing these quirks early makes you the kind of driver Arkansas families, employers, and insurers actually want on the road.', 30, 2
);
INSERT OR REPLACE INTO quiz (id, lessonId, title, passingScore, shuffleQuestions) VALUES (
  'quiz_ar_arkansas-specific-rules-and-quirks', 'lesson_ar_arkansas-specific-rules-and-quirks', 'Arkansas Rules and Quirks', 80, 1
);
INSERT OR REPLACE INTO quiz_question (id, quizId, prompt, choices, correctIndex, explanation, ordinal) VALUES (
  'q_ar_arkansas-specific-rules-and-quirks_0', 'quiz_ar_arkansas-specific-rules-and-quirks', 'Under Arkansas''s wipers-on, lights-on rule, when must you turn on your headlights?', '["Only after sunset","Any time your windshield wipers are in continuous use due to weather","Only during fog warnings issued by the National Weather Service","Only on interstate highways"]', 1, 'Arkansas requires headlights (not just daytime running lights) any time wipers are in continuous use due to weather, so drivers behind you can see your taillights.', 0
);
INSERT OR REPLACE INTO quiz_question (id, quizId, prompt, choices, correctIndex, explanation, ordinal) VALUES (
  'q_ar_arkansas-specific-rules-and-quirks_1', 'quiz_ar_arkansas-specific-rules-and-quirks', 'On a two-lane road, what must you do when a school bus stops with its red lights flashing and stop arm extended?', '["Slow to 15 mph and pass cautiously","Continue at the speed limit if no children are visible","All traffic in both directions must stop","Only traffic behind the bus must stop"]', 2, 'On an undivided two-lane road, all traffic in both directions must stop. Passing a stopped school bus carries some of the steepest penalties in Arkansas.', 1
);
INSERT OR REPLACE INTO quiz_question (id, quizId, prompt, choices, correctIndex, explanation, ordinal) VALUES (
  'q_ar_arkansas-specific-rules-and-quirks_2', 'quiz_ar_arkansas-specific-rules-and-quirks', 'What is the consequence in Arkansas of refusing a breath, blood, or urine test under the implied consent law for a first offense?', '["A warning only","A $25 fine","Automatic 6-month license suspension, separate from any DUI charge","No consequence if you later pass a private test"]', 2, 'Refusing chemical testing triggers an automatic 6-month license suspension for a first refusal in Arkansas, in addition to any DUI penalties.', 2
);
INSERT OR REPLACE INTO quiz_question (id, quizId, prompt, choices, correctIndex, explanation, ordinal) VALUES (
  'q_ar_arkansas-specific-rules-and-quirks_3', 'quiz_ar_arkansas-specific-rules-and-quirks', 'What is Arkansas''s minimum required liability insurance coverage?', '["10/20/10","15/30/10","25/50/25","50/100/50"]', 2, 'Arkansas requires 25/50/25 minimum liability: $25,000 per person bodily injury, $50,000 per accident, $25,000 property damage. The state electronically verifies coverage.', 3
);
INSERT OR REPLACE INTO quiz_question (id, quizId, prompt, choices, correctIndex, explanation, ordinal) VALUES (
  'q_ar_arkansas-specific-rules-and-quirks_4', 'quiz_ar_arkansas-specific-rules-and-quirks', 'You are driving on a rural Arkansas road and encounter standing water across the pavement after a heavy rain. What is the safest action?', '["Speed up to create a wake and push through","Drive through slowly in low gear","Turn around and find another route - never drive through standing water","Roll down the windows in case the engine stalls"]', 2, 'Arkansas DOT messaging is ''Turn around, don''t drown.'' As little as 12 inches of moving water can sweep away a small car, and flash flooding is a leading cause of weather-related driving deaths in the state.', 4
);

-- Arizona (AZ)
INSERT OR REPLACE INTO rule_pack (id, jurisdiction, slug, name, maturity, createdAt) VALUES (
  'rp_az_teen', 'US-AZ', 'az-teen', 'Arizona Teen Driver Education', 'level1', unixepoch('now')*1000
);
INSERT OR REPLACE INTO rule_pack_version (id, rulePackId, version, definition, publishedAt, notes, createdAt) VALUES (
  'rpv_az_teen_1_0_0', 'rp_az_teen', '1.0.0', '{"credentials":[{"key":"permit_eligibility","label":"Class G Instruction Permit","deliveryMode":"manual"}],"requirements":[{"key":"classroom_hours","label":"Classroom hours","target":30,"unit":"hour"},{"key":"btw_hours","label":"Behind-the-wheel hours","target":6,"unit":"hour"},{"key":"supervised_practice_hours","label":"Supervised practice (parent log)","target":30,"unit":"hour"}],"rules":[{"key":"unlock_permit_eligibility","trigger":"enrollment.state_changed","conditions":{"jurisdiction":"US-AZ","minPermitAge":15.5,"classroomHoursCompleted":{"gte":30}},"actions":[{"type":"unlock_credential","credential":"permit_eligibility"},{"type":"set_journey_state","value":"permit_eligible"}]}],"facts":{"agencyName":"Arizona Department of Transportation, Motor Vehicle Division (ADOT MVD)","minPermitAge":15.5,"minLicenseAge":16,"minPermitDurationMonths":6,"nighttimeRestriction":"For the first 6 months after a Class G graduated license is issued, the driver may not drive between midnight (12:00 a.m.) and 5:00 a.m. unless accompanied by a parent or legal guardian, traveling to or from work, school, or a religious activity, or driving in response to an emergency.","passengerRestriction":"For the first 6 months of a Class G graduated license, the driver may not transport more than one passenger under age 18 who is not an immediate family member, unless accompanied by a parent or legal guardian in the front seat.","cellPhoneRule":"Arizona prohibits all drivers from holding or supporting a cell phone or other handheld wireless device while driving (hands-free required statewide). In addition, drivers under 18 with a Class G graduated license or an instruction permit may not use any wireless communication device while driving for the first 6 months after license issuance, except in an emergency.","notes":"Arizona''s Graduated Driver License (GDL) program applies to drivers under 18. Teens must hold an Instruction Permit for at least 6 months and complete 30 hours of supervised driving (10 of which must be at night) before applying for a Class G license at age 16. A parent/guardian must certify the practice hours on Form 40-5122. Driver education from a state-licensed school can substitute for some on-road practice requirements, but the 6-month permit holding period still applies. Arizona does not currently require a state-mandated minimum number of classroom hours for licensure, but most approved teen driver education programs follow the 30/6 (classroom/BTW) industry standard. The Class G license remains in effect until age 18, when it converts to a standard Class D operator license.","needsReview":["Exact required classroom hours (Arizona does not statutorily mandate 30 classroom hours for licensure; 30 is a common program standard, not a state minimum)","Whether 6 BTW hours is the Arizona-approved teen driver education minimum or a program convention","Current statutory citation for the hands-free cell phone law (ARS 28-914) and any 2024-2026 amendments","Whether ADOT MVD now accepts electronic submission of the parental certification (Form 40-5122) rather than manual paper submission","Whether the nighttime curfew window is 12:00 a.m.-5:00 a.m. or has been amended"]}}', unixepoch('now')*1000, 'Generated; school must review and tweak.', unixepoch('now')*1000
);
INSERT OR REPLACE INTO content_pack (id, slug, name, scope, jurisdiction, description, createdAt) VALUES (
  'cp_az_teen_overlay', 'az-teen-overlay', 'Arizona Teen Overlay', 'state', 'US-AZ', 'Arizona-specific lessons covering how to obtain an Instruction Permit through ADOT MVD, daily life under Arizona''s Graduated Driver License (GDL) restrictions, and unique Arizona road rules teens need to know — from desert driving hazards to the statewide hands-free law.', unixepoch('now')*1000
);
INSERT OR REPLACE INTO content_pack_version (id, contentPackId, version, notes, publishedAt, createdAt) VALUES (
  'cpv_az_teen_overlay_1_0_0', 'cp_az_teen_overlay', '1.0.0', 'Generated by per-state agent; human review required before publishing.', unixepoch('now')*1000, unixepoch('now')*1000
);
INSERT OR REPLACE INTO course (id, contentPackVersionId, slug, title, description, ordinal) VALUES (
  'course_az_overlay', 'cpv_az_teen_overlay_1_0_0', 'az-overlay', 'Arizona Teen Driver Overlay', 'Arizona-specific lessons covering how to obtain an Instruction Permit through ADOT MVD, daily life under Arizona''s Graduated Driver License (GDL) restrictions, and unique Arizona road rules teens need to know — from desert driving hazards to the statewide hands-free law.', 0
);
INSERT OR REPLACE INTO module (id, courseId, slug, title, description, ordinal) VALUES (
  'module_az_overlay', 'course_az_overlay', 'az-teen-overlay', 'Arizona Teen Driver Overlay', 'Arizona-specific lessons covering how to obtain an Instruction Permit through ADOT MVD, daily life under Arizona''s Graduated Driver License (GDL) restrictions, and unique Arizona road rules teens need to know — from desert driving hazards to the statewide hands-free law.', 0
);
INSERT OR REPLACE INTO lesson (id, moduleId, slug, title, body, estimatedSeatMinutes, ordinal) VALUES (
  'lesson_az_how-to-get-an-az-instruction-permit', 'module_az_overlay', 'how-to-get-an-az-instruction-permit', 'How to Get Your Arizona Instruction Permit', '# How to Get Your Arizona Instruction Permit

In Arizona, your first official step toward a driver license is the **Class G Instruction Permit**, issued by the **Arizona Department of Transportation, Motor Vehicle Division (ADOT MVD)**. This permit is what lets you legally practice driving on public roads with a supervising adult. Here is exactly what you need to do, in the order you need to do it.

## Step 1: Confirm you meet the age requirement

You must be **at least 15 years and 6 months old** to apply for an Arizona Instruction Permit. Not 15. Not "almost 15 and a half." The MVD examiner will check your birth date against the calendar on the day you apply, so you cannot test before your half-birthday.

## Step 2: Gather your documents

Arizona is a federally compliant state, which means MVD verifies your identity using documents that satisfy both state and federal rules. You will typically need:

- **Proof of identity** — a certified U.S. birth certificate or a valid U.S. passport.
- **Proof of Social Security Number** — your Social Security card, a W-2, or a paystub showing the full SSN.
- **Two proofs of Arizona residency** — examples include a utility bill, bank statement, school enrollment record, or a parent''s Arizona driver license (if you live at the same address).
- **Parent or legal guardian consent** — because you are under 18, a parent or legal guardian must sign your application in front of the MVD agent or provide a notarized consent form.

If you plan to get a **Travel ID** (Arizona''s REAL ID-compliant credential), you will need the same documents — bring originals, not copies.

## Step 3: Make an appointment

ADOT MVD strongly recommends scheduling an appointment through **AZ MVD Now** (azmvdnow.gov) rather than walking in. Many MVD offices and Authorized Third Party providers handle teen permit testing, and an appointment can save you hours. Some Authorized Third Party offices charge a small fee but offer faster service.

## Step 4: Pass the written knowledge test

The Arizona permit test is a **30-question multiple-choice exam** covering road signs, traffic laws, and safe driving practices. You must answer **at least 24 questions correctly (80%)** to pass. The test is based on the **Arizona Driver License Manual**, which is free to download from azdot.gov. If you have completed an approved teen driver education course, your school may have given you an online "permit test" voucher that lets you take the official knowledge test from home — ask your instructor.

## Step 5: Pass the vision screening

MVD will check your vision on the spot. If you wear glasses or contacts, bring them — a corrective-lenses restriction will be added to your permit if you need them to pass.

## Step 6: Pay the fee and get your permit

The Instruction Permit fee is modest (typically around **$7**, though fees can change). You will receive a paper interim permit immediately; the actual card arrives in the mail within about two weeks.

## Step 7: Start your 6-month clock

The moment your permit is issued, two clocks start:

1. **The 6-month holding period.** You must hold the permit for at least 6 months before you can apply for your Class G graduated license.
2. **The 30 supervised practice hours.** You must log at least 30 hours of supervised driving, **including 10 hours at night**, with a licensed driver 21 or older in the front seat.

Download **Form 40-5122 (Driver License Application and Parental Consent for Minors)** and start logging practice hours right away. A parent or guardian must certify these hours when you apply for your license.

Keep your permit on you any time you drive — driving without it in your possession is a violation, even if you have technically been issued one.', 35, 0
);
INSERT OR REPLACE INTO quiz (id, lessonId, title, passingScore, shuffleQuestions) VALUES (
  'quiz_az_how-to-get-an-az-instruction-permit', 'lesson_az_how-to-get-an-az-instruction-permit', 'Arizona Instruction Permit Quiz', 80, 1
);
INSERT OR REPLACE INTO quiz_question (id, quizId, prompt, choices, correctIndex, explanation, ordinal) VALUES (
  'q_az_how-to-get-an-az-instruction-permit_0', 'quiz_az_how-to-get-an-az-instruction-permit', 'What is the minimum age to apply for an Arizona Class G Instruction Permit?', '["15 years old","15 years and 6 months old","16 years old","14 years and 6 months old"]', 1, 'Arizona requires applicants to be at least 15 years and 6 months old on the day they apply for an Instruction Permit.', 0
);
INSERT OR REPLACE INTO quiz_question (id, quizId, prompt, choices, correctIndex, explanation, ordinal) VALUES (
  'q_az_how-to-get-an-az-instruction-permit_1', 'quiz_az_how-to-get-an-az-instruction-permit', 'How many questions must you answer correctly on the Arizona written knowledge test to pass?', '["20 of 30 (about 67%)","24 of 30 (80%)","27 of 30 (90%)","30 of 30 (100%)"]', 1, 'Arizona''s permit knowledge test contains 30 questions, and you must answer at least 24 correctly — a passing score of 80%.', 1
);
INSERT OR REPLACE INTO quiz_question (id, quizId, prompt, choices, correctIndex, explanation, ordinal) VALUES (
  'q_az_how-to-get-an-az-instruction-permit_2', 'quiz_az_how-to-get-an-az-instruction-permit', 'Which Arizona agency issues the Instruction Permit?', '["Arizona Department of Public Safety","Arizona Secretary of State","ADOT Motor Vehicle Division (MVD)","Arizona Department of Education"]', 2, 'Driver licenses and permits in Arizona are issued by the Motor Vehicle Division (MVD) of the Arizona Department of Transportation (ADOT).', 2
);
INSERT OR REPLACE INTO quiz_question (id, quizId, prompt, choices, correctIndex, explanation, ordinal) VALUES (
  'q_az_how-to-get-an-az-instruction-permit_3', 'quiz_az_how-to-get-an-az-instruction-permit', 'After receiving your Instruction Permit, how many hours of supervised driving must you complete before applying for a Class G license — and how many of those must be at night?', '["20 hours total, 5 at night","30 hours total, 10 at night","50 hours total, 15 at night","40 hours total, 10 at night"]', 1, 'Arizona requires teens to log 30 supervised practice hours during the permit period, including at least 10 hours of nighttime driving.', 3
);
INSERT OR REPLACE INTO quiz_question (id, quizId, prompt, choices, correctIndex, explanation, ordinal) VALUES (
  'q_az_how-to-get-an-az-instruction-permit_4', 'quiz_az_how-to-get-an-az-instruction-permit', 'What is the minimum length of time you must hold an Arizona Instruction Permit before you can apply for a Class G graduated driver license?', '["3 months","6 months","9 months","12 months"]', 1, 'The permit must be held for a minimum of 6 months. The clock starts on the date the permit is issued.', 4
);
INSERT OR REPLACE INTO lesson (id, moduleId, slug, title, body, estimatedSeatMinutes, ordinal) VALUES (
  'lesson_az_az-gdl-restrictions-daily-life', 'module_az_overlay', 'az-gdl-restrictions-daily-life', 'Living With Arizona''s GDL Restrictions', '# Living With Arizona''s GDL Restrictions

Getting your Class G graduated driver license is exciting, but Arizona''s **Graduated Driver License (GDL)** program comes with real-world rules that shape how you can drive for the first 6 months. Understanding these limits before you start driving solo will keep you out of trouble — and keep your license.

## The two big restrictions, in plain English

For the **first 6 months** after your Class G license is issued (or until you turn 18, whichever comes first), two restrictions apply every single day:

### 1. The nighttime curfew
You may not drive between **midnight (12:00 a.m.) and 5:00 a.m.** This is one of the strictest curfews in the country — most states start their teen curfew at 11 p.m. or even 10 p.m., but Arizona''s window is narrower and later.

There are exceptions: you may drive during curfew hours if you are

- accompanied by a **parent or legal guardian** (not an older sibling, not a friend''s parent),
- traveling **to or from work**,
- traveling **to or from school**, or a school-sanctioned activity,
- traveling **to or from a religious activity**, or
- responding to an **emergency**.

If you get pulled over at 2 a.m. coming home from a friend''s house, "I was just hanging out" is not an exception. Officers can — and do — ask. Pay stubs, school IDs, and a quick text from a parent can all help, but the safest move is simply to plan your night so you are home before midnight.

### 2. The passenger restriction
You may not transport **more than one passenger under age 18** who is not an immediate family member. "Immediate family" generally means siblings, stepsiblings, and your own children. Cousins, friends, classmates, and your boyfriend or girlfriend all count toward the one-passenger limit.

Exception: a parent or legal guardian sitting in the front seat suspends this rule.

This is the rule teens get cited for most often, because it is the easiest to forget. Two friends crammed in the back "for just a quick run to In-N-Out" is still a violation.

## The cell phone rule (applies to everyone, but stricter for you)

Arizona is a **hands-free state for all drivers** — no one of any age may hold or support a phone while driving. For drivers under 18 with a permit or a first-6-months Class G license, the rule is even stricter: **no wireless communication device use at all**, including hands-free, except in an emergency. This means no Bluetooth calls, no voice texting, no streaming controls — phone goes in the glove box or Do Not Disturb mode before you start the car.

## Seat belts and impaired driving

Arizona uses a **Zero Tolerance** standard for drivers under 21: any measurable amount of alcohol (BAC of 0.00 detected) can result in license suspension. Marijuana, even where personally legal, is treated as impaired driving when it affects you behind the wheel. Every occupant under 16 must be properly restrained; the driver is responsible for them.

## What happens when you break a GDL rule

Arizona uses a **points-based corrective action system**. A teen who accumulates **8 or more points in 12 months** must complete Traffic Survival School. Two violations of GDL restrictions during the restriction period can trigger a **30-day license suspension**; a third can trigger a **90-day suspension**. These are administrative consequences on top of any traffic citation.

## A practical 6-month survival kit

- Set a phone alarm for **11:30 p.m.** any night you are out driving.
- Tell your friends about the **one-passenger rule** before they ask for a ride.
- Keep your **work schedule or school activity flyer** in the glove box as proof of an exception.
- Mount your phone but put it in **Driving Focus / Do Not Disturb** before you shift into Drive.

Follow these rules for 6 months and they expire automatically — no extra paperwork needed. Break them and the clock can reset.', 30, 1
);
INSERT OR REPLACE INTO quiz (id, lessonId, title, passingScore, shuffleQuestions) VALUES (
  'quiz_az_az-gdl-restrictions-daily-life', 'lesson_az_az-gdl-restrictions-daily-life', 'Arizona GDL Restrictions Quiz', 80, 1
);
INSERT OR REPLACE INTO quiz_question (id, quizId, prompt, choices, correctIndex, explanation, ordinal) VALUES (
  'q_az_az-gdl-restrictions-daily-life_0', 'quiz_az_az-gdl-restrictions-daily-life', 'During the first 6 months of a Class G license, what are Arizona''s nighttime curfew hours for teen drivers?', '["10:00 p.m. to 5:00 a.m.","11:00 p.m. to 6:00 a.m.","Midnight (12:00 a.m.) to 5:00 a.m.","There is no nighttime restriction in Arizona"]', 2, 'Arizona''s teen curfew runs from midnight to 5:00 a.m. — narrower and later than most states. Exceptions exist for work, school, religious activities, emergencies, or driving with a parent/guardian.', 0
);
INSERT OR REPLACE INTO quiz_question (id, quizId, prompt, choices, correctIndex, explanation, ordinal) VALUES (
  'q_az_az-gdl-restrictions-daily-life_1', 'quiz_az_az-gdl-restrictions-daily-life', 'During the first 6 months of a Class G license, how many passengers under 18 (who are not immediate family) may a teen driver transport?', '["None — no non-family minor passengers at all","No more than one","Up to three","As many as the vehicle has seat belts for"]', 1, 'Arizona limits Class G drivers to one non-family passenger under age 18 during the first 6 months, unless a parent or guardian is in the front seat.', 1
);
INSERT OR REPLACE INTO quiz_question (id, quizId, prompt, choices, correctIndex, explanation, ordinal) VALUES (
  'q_az_az-gdl-restrictions-daily-life_2', 'quiz_az_az-gdl-restrictions-daily-life', 'Which of the following is NOT a valid exception to Arizona''s teen nighttime curfew?', '["Driving home from a paid job","Driving with a parent or legal guardian in the car","Driving home from a friend''s house after watching a movie","Driving to a school-sanctioned activity"]', 2, 'Driving home from a friend''s house for a social activity is not an exception. The recognized exceptions are work, school, religious activities, emergencies, and driving with a parent or guardian.', 2
);
INSERT OR REPLACE INTO quiz_question (id, quizId, prompt, choices, correctIndex, explanation, ordinal) VALUES (
  'q_az_az-gdl-restrictions-daily-life_3', 'quiz_az_az-gdl-restrictions-daily-life', 'Which statement about Arizona''s cell phone rules is correct?', '["Only drivers under 18 have any phone restrictions","All drivers must use hands-free; teens in their first 6 months may not use any wireless device except in an emergency","Texting is allowed at red lights","Bluetooth use is unrestricted for everyone"]', 1, 'Arizona is a hands-free state for all drivers. Teens with a permit or in the first 6 months of a Class G license face a stricter rule: no wireless device use at all (even hands-free) except in an emergency.', 3
);
INSERT OR REPLACE INTO quiz_question (id, quizId, prompt, choices, correctIndex, explanation, ordinal) VALUES (
  'q_az_az-gdl-restrictions-daily-life_4', 'quiz_az_az-gdl-restrictions-daily-life', 'What administrative consequence can result from a second GDL restriction violation during the restriction period?', '["A written warning only","A $25 fine and nothing else","A 30-day license suspension","Permanent loss of license"]', 2, 'A second GDL violation during the restriction period can trigger a 30-day license suspension; a third can trigger a 90-day suspension. These are in addition to any traffic citation.', 4
);
INSERT OR REPLACE INTO lesson (id, moduleId, slug, title, body, estimatedSeatMinutes, ordinal) VALUES (
  'lesson_az_az-specific-road-rules-and-quirks', 'module_az_overlay', 'az-specific-road-rules-and-quirks', 'Arizona-Specific Road Rules and Desert Driving Quirks', '# Arizona-Specific Road Rules and Desert Driving Quirks

Most of what you learned in driver education applies in every state. But Arizona has a handful of laws and environmental conditions that catch out-of-state drivers — and teen drivers — over and over again. Knowing them will keep you safer and save you from tickets that are easy to avoid.

## The "Stupid Motorist Law"

Arizona''s most famous traffic statute is officially **ARS 28-910**, but everyone calls it the **Stupid Motorist Law**. When seasonal monsoon rains hit (typically June through September), normally dry washes and low-lying roads can fill with fast-moving water in minutes. Authorities post **"Do Not Enter When Flooded"** signs at these crossings, and they will close the road with barricades.

If you **drive around a barricade** into a flooded area and need to be rescued by emergency services, **you can be charged the full cost of the rescue** — often thousands of dollars — on top of a traffic citation. The water is almost always deeper and faster than it looks. The rule is simple: **Turn Around, Don''t Drown.**

## Dust storms ("haboobs") and the Pull Aside, Stay Alive rule

Arizona is one of the few states where giant walls of dust — called **haboobs** — can roll across the freeway and reduce visibility to zero in seconds. ADOT''s official guidance is **"Pull Aside, Stay Alive"**:

1. Look for a safe place to exit the highway if possible.
2. If you cannot exit, **pull completely off the roadway** — as far right as possible.
3. Put the vehicle in **Park**, set the **parking brake**, and **turn off all lights including hazards**. (Lights left on signal to other dust-blinded drivers that you are still on the road, and they may follow your taillights right into you.)
4. Take your foot off the brake.
5. Stay buckled and wait for the dust to pass — usually a few minutes.

This is the opposite of what feels natural, but it is the rule that saves lives.

## Move Over for stopped vehicles

Arizona''s **Move Over Law** requires drivers to move one lane away from any **stopped emergency vehicle, tow truck, or maintenance vehicle** with flashing lights. If you cannot safely change lanes (because of traffic), you must **slow down significantly** as you pass. This includes police on a shoulder traffic stop. Failing to move over is a primary offense — an officer can pull you over for that alone.

## Right turn on red and U-turns

- **Right on red** is permitted after a complete stop unless a sign prohibits it.
- **Left on red from a one-way street onto another one-way street** is also legal after a complete stop, unless prohibited.
- **U-turns** are generally legal in Arizona unless a sign prohibits them, but **never** make a U-turn at a railroad crossing, on a curve, near the crest of a hill, or where you cannot be seen by approaching traffic from 500 feet.

## School buses and school zones

Arizona has a **15 mph school zone speed limit** when children are present and lights or signs indicate the zone is active. This is one of the lowest speed limits in the country, and it is strictly enforced. When a school bus stops with its **red lights flashing and stop arm extended**, drivers in both directions must stop — except on a divided highway with a physical median, where only drivers behind the bus must stop.

## Insurance and the SR-22

Arizona requires minimum liability insurance of **$25,000/$50,000/$15,000** (bodily injury per person / per accident / property damage). Driving without insurance triggers license and registration suspension and an **SR-22** filing requirement — proof of high-risk insurance that you must carry for up to 3 years. For a teen, this can mean dramatically higher premiums into your 20s.

## Heat is a safety issue

In an Arizona summer, the interior of a car can exceed **160 F** within minutes. Never leave a child, pet, or another person in a parked car. Carry water. Sun on a dashboard can warp phone mounts and make the steering wheel painful to touch — keep a sunshade in the car. If your tires look low, check them in the cool morning, not on hot pavement, and remember that tire pressure rises with heat.

Arizona''s roads are mostly straight and fast, which makes complacency the biggest risk. Respect the desert, respect the monsoon, and respect the signs.', 30, 2
);
INSERT OR REPLACE INTO quiz (id, lessonId, title, passingScore, shuffleQuestions) VALUES (
  'quiz_az_az-specific-road-rules-and-quirks', 'lesson_az_az-specific-road-rules-and-quirks', 'Arizona Road Rules and Quirks Quiz', 80, 1
);
INSERT OR REPLACE INTO quiz_question (id, quizId, prompt, choices, correctIndex, explanation, ordinal) VALUES (
  'q_az_az-specific-road-rules-and-quirks_0', 'quiz_az_az-specific-road-rules-and-quirks', 'Under Arizona''s "Stupid Motorist Law," what can happen if you drive around a barricade into a flooded roadway and need to be rescued?', '["Nothing — emergency rescues are always free","You receive a warning on your first offense only","You can be charged the full cost of the rescue, plus a traffic citation","Your vehicle is automatically impounded for 30 days"]', 2, 'Arizona''s Stupid Motorist Law allows authorities to bill the driver for the full cost of emergency rescue when they bypass barricades to enter a flooded area.', 0
);
INSERT OR REPLACE INTO quiz_question (id, quizId, prompt, choices, correctIndex, explanation, ordinal) VALUES (
  'q_az_az-specific-road-rules-and-quirks_1', 'quiz_az_az-specific-road-rules-and-quirks', 'ADOT''s official guidance when caught in a dust storm (haboob) is "Pull Aside, Stay Alive." After pulling completely off the road, what should you do with your vehicle''s lights?', '["Turn on hazard lights so other drivers can see you","Leave headlights on dim","Turn off all lights, including hazards, and take your foot off the brake","Flash high beams until the storm passes"]', 2, 'Turn all lights off — including hazards — and take your foot off the brake. Other drivers sometimes follow taillights through dust, mistakenly thinking they are still on the road, which causes pileups.', 1
);
INSERT OR REPLACE INTO quiz_question (id, quizId, prompt, choices, correctIndex, explanation, ordinal) VALUES (
  'q_az_az-specific-road-rules-and-quirks_2', 'quiz_az_az-specific-road-rules-and-quirks', 'What is the standard speed limit in an active Arizona school zone?', '["25 mph","20 mph","15 mph","10 mph"]', 2, 'Arizona school zones are typically 15 mph when children are present — one of the lowest school zone speed limits in the United States.', 2
);
INSERT OR REPLACE INTO quiz_question (id, quizId, prompt, choices, correctIndex, explanation, ordinal) VALUES (
  'q_az_az-specific-road-rules-and-quirks_3', 'quiz_az_az-specific-road-rules-and-quirks', 'On a divided highway with a physical median, what must drivers traveling in the opposite direction from a stopped school bus with flashing red lights do?', '["Stop completely until the bus moves","They are not required to stop because of the physical median","Slow to 15 mph and pass with caution","Pull onto the shoulder and wait"]', 1, 'On a divided highway with a physical median, only drivers traveling behind the bus must stop. The physical median separates oncoming traffic from the bus''s loading zone.', 3
);
INSERT OR REPLACE INTO quiz_question (id, quizId, prompt, choices, correctIndex, explanation, ordinal) VALUES (
  'q_az_az-specific-road-rules-and-quirks_4', 'quiz_az_az-specific-road-rules-and-quirks', 'Arizona''s Move Over Law requires you to do what when approaching a stopped emergency vehicle, tow truck, or maintenance vehicle with flashing lights?', '["Move one lane away from the vehicle if safe, or significantly slow down if you cannot","Stop completely until waved past","Honk to alert the workers","Nothing extra is required if you maintain the speed limit"]', 0, 'Arizona''s Move Over Law requires drivers to move one lane away from stopped emergency, tow, and maintenance vehicles with flashing lights. If you cannot safely change lanes, slow down significantly as you pass.', 4
);

-- California (CA)
INSERT OR REPLACE INTO rule_pack (id, jurisdiction, slug, name, maturity, createdAt) VALUES (
  'rp_ca_teen', 'US-CA', 'ca-teen', 'California Teen Driver Education', 'level1', unixepoch('now')*1000
);
INSERT OR REPLACE INTO rule_pack_version (id, rulePackId, version, definition, publishedAt, notes, createdAt) VALUES (
  'rpv_ca_teen_1_0_0', 'rp_ca_teen', '1.0.0', '{"credentials":[{"key":"permit_eligibility","label":"Provisional Instruction Permit","deliveryMode":"manual"}],"requirements":[{"key":"classroom_hours","label":"Classroom hours","target":30,"unit":"hour"},{"key":"btw_hours","label":"Behind-the-wheel hours","target":6,"unit":"hour"},{"key":"supervised_practice_hours","label":"Supervised practice (parent log)","target":50,"unit":"hour"}],"rules":[{"key":"unlock_permit_eligibility","trigger":"enrollment.state_changed","conditions":{"jurisdiction":"US-CA","minPermitAge":15.5,"classroomHoursCompleted":{"gte":30}},"actions":[{"type":"unlock_credential","credential":"permit_eligibility"},{"type":"set_journey_state","value":"permit_eligible"}]}],"facts":{"agencyName":"California Department of Motor Vehicles (DMV)","minPermitAge":15.5,"minLicenseAge":16,"minPermitDurationMonths":6,"nighttimeRestriction":"During the first 12 months of holding a provisional license, drivers under 18 may not drive between 11 p.m. and 5 a.m. unless accompanied by a licensed parent, guardian, licensed driver 25 or older, or a licensed or certified driving instructor.","passengerRestriction":"During the first 12 months of holding a provisional license, drivers under 18 may not transport passengers under 20 years old unless accompanied by a licensed parent, guardian, licensed driver 25 or older, or a licensed or certified driving instructor.","cellPhoneRule":"Drivers under 18 are prohibited from using any wireless communication device while driving, including hands-free devices. Hands-free voice operation is not an exception for minors.","notes":"California requires teens 15 1/2 to under 17 1/2 to complete a state-approved driver education course (typically 30 hours of classroom or equivalent online instruction) before applying for a provisional instruction permit. Behind-the-wheel training requires 6 hours with a state-licensed instructor plus 50 hours of supervised practice driving (10 of which must be at night) logged before the road test. Permit must be held for at least 6 months before the provisional license road test, and applicants must be at least 16. The provisional license carries passenger and nighttime restrictions for the first 12 months.","needsReview":["Confirm current DE-964 (or equivalent) certificate workflow and whether DMV now accepts electronic transmission from approved schools (some providers have electronic completion reporting; default to manual paper certificate to be safe).","Verify whether the 30-hour classroom requirement still permits fully online equivalent under current CA Education Code / DMV regulation revisions.","Confirm exact night-driving hours requirement within the 50-hour supervised practice total (commonly cited as 10 night hours).","Confirm minimum age window for driver education enrollment (commonly 15, but some providers allow earlier study with deferred testing)."]}}', unixepoch('now')*1000, 'Generated; school must review and tweak.', unixepoch('now')*1000
);
INSERT OR REPLACE INTO content_pack (id, slug, name, scope, jurisdiction, description, createdAt) VALUES (
  'cp_ca_teen_overlay', 'ca-teen-overlay', 'California Teen Overlay', 'state', 'US-CA', 'Three California-specific lessons covering how to earn a provisional instruction permit, how the Graduated Driver Licensing (GDL) restrictions affect daily life, and quirks of California driving law every teen should master before the DMV behind-the-wheel test.', unixepoch('now')*1000
);
INSERT OR REPLACE INTO content_pack_version (id, contentPackId, version, notes, publishedAt, createdAt) VALUES (
  'cpv_ca_teen_overlay_1_0_0', 'cp_ca_teen_overlay', '1.0.0', 'Generated by per-state agent; human review required before publishing.', unixepoch('now')*1000, unixepoch('now')*1000
);
INSERT OR REPLACE INTO course (id, contentPackVersionId, slug, title, description, ordinal) VALUES (
  'course_ca_overlay', 'cpv_ca_teen_overlay_1_0_0', 'ca-overlay', 'California Teen Driver Overlay', 'Three California-specific lessons covering how to earn a provisional instruction permit, how the Graduated Driver Licensing (GDL) restrictions affect daily life, and quirks of California driving law every teen should master before the DMV behind-the-wheel test.', 0
);
INSERT OR REPLACE INTO module (id, courseId, slug, title, description, ordinal) VALUES (
  'module_ca_overlay', 'course_ca_overlay', 'ca-teen-overlay', 'California Teen Driver Overlay', 'Three California-specific lessons covering how to earn a provisional instruction permit, how the Graduated Driver Licensing (GDL) restrictions affect daily life, and quirks of California driving law every teen should master before the DMV behind-the-wheel test.', 0
);
INSERT OR REPLACE INTO lesson (id, moduleId, slug, title, body, estimatedSeatMinutes, ordinal) VALUES (
  'lesson_ca_how-to-get-a-permit-in-california', 'module_ca_overlay', 'how-to-get-a-permit-in-california', 'How to Get Your Provisional Instruction Permit in California', '# How to Get Your Provisional Instruction Permit in California

In California, the first formal step on the road to a driver license is the **Provisional Instruction Permit**, issued by the California Department of Motor Vehicles (DMV). It is the legal authorization that lets you practice driving with a qualified supervising driver. This lesson walks through exactly what you need, in what order, and how to avoid the most common mistakes that send applicants home empty-handed.

## Who is eligible

You may apply for the provisional instruction permit if you are at least **15 years and 6 months old** but not yet 17 years and 6 months. If you are 17 1/2 or older you can skip driver education and apply directly, but most teens benefit from completing the course earlier so they can begin practicing sooner.

## Step 1: Complete driver education

Before the DMV will issue your permit, you must finish a **California-approved driver education course**. The standard requirement is 30 hours of classroom instruction, which may be taken in person or through an approved online program. At the end of the course your school issues a completion certificate (commonly referred to by its DMV form number) that proves you finished. Keep both digital and printed copies.

You can begin behind-the-wheel training in parallel, but you cannot drive on public roads with a licensed instructor until you have your permit (the first 2-hour BTW session is sometimes scheduled the day you get your permit).

## Step 2: Start your application online

California uses an online application system that lets you fill out the DL 44 form before your DMV visit. You will need to:

- Create or sign in to a **DMV online account**.
- Complete the driver license/ID application.
- Pay the application fee (one fee covers the permit and your eventual provisional license).
- Schedule a DMV office appointment - walk-ins are accepted but appointments save hours.

## Step 3: Gather your documents

Bring **all** of the following to your appointment:

1. Proof of identity (certified birth certificate or valid passport).
2. Proof of your Social Security Number (card, W-2, or pay stub showing the full number).
3. Two documents proving California residency (utility bill, school records, parent''s mortgage statement with you listed).
4. Your driver education completion certificate.
5. A parent or legal guardian if you are under 18 - they must sign the application in person to give consent and accept financial responsibility.

## Step 4: At the DMV

You will:

- Have your photo taken.
- Provide a thumbprint.
- Pass a vision screening.
- Pay any remaining fees.
- Take the **knowledge test** - 46 multiple-choice questions; you must answer at least 38 correctly. You get three attempts on the application fee; failing all three requires reapplying and paying again.

If you pass, you walk out with a paper interim permit. The plastic card arrives by mail within a few weeks.

## Step 5: After you have the permit

You must hold the permit for **at least 6 months** before you can take the behind-the-wheel drive test for your provisional license. During this time you must:

- Complete **6 hours of professional behind-the-wheel training** with a state-licensed driving instructor (usually three 2-hour sessions).
- Log **50 hours of supervised practice driving**, including at least **10 hours at night**, with a licensed driver age 25 or older.
- Always have your supervising driver in the front passenger seat - never drive alone on a permit.

Keep your practice log accurate and signed by your supervising drivers. The DMV may ask to see it when you arrive for your road test. Treat the permit phase as your real education: the habits you build in these months are the habits you keep for life.', 45, 0
);
INSERT OR REPLACE INTO quiz (id, lessonId, title, passingScore, shuffleQuestions) VALUES (
  'quiz_ca_how-to-get-a-permit-in-california', 'lesson_ca_how-to-get-a-permit-in-california', 'California Permit Process Quiz', 80, 1
);
INSERT OR REPLACE INTO quiz_question (id, quizId, prompt, choices, correctIndex, explanation, ordinal) VALUES (
  'q_ca_how-to-get-a-permit-in-california_0', 'quiz_ca_how-to-get-a-permit-in-california', 'What is the minimum age to apply for a provisional instruction permit in California?', '["15 years old","15 years 6 months","16 years old","17 years 6 months"]', 1, 'California allows teens to apply for a provisional instruction permit at 15 1/2 if they have completed an approved driver education course.', 0
);
INSERT OR REPLACE INTO quiz_question (id, quizId, prompt, choices, correctIndex, explanation, ordinal) VALUES (
  'q_ca_how-to-get-a-permit-in-california_1', 'quiz_ca_how-to-get-a-permit-in-california', 'How many hours of classroom driver education does California typically require before issuing a teen permit?', '["10 hours","20 hours","30 hours","50 hours"]', 2, 'The standard California requirement is 30 hours of approved classroom or equivalent online driver education.', 1
);
INSERT OR REPLACE INTO quiz_question (id, quizId, prompt, choices, correctIndex, explanation, ordinal) VALUES (
  'q_ca_how-to-get-a-permit-in-california_2', 'quiz_ca_how-to-get-a-permit-in-california', 'How long must you hold the provisional instruction permit before you can take the road test for your provisional license?', '["3 months","6 months","9 months","12 months"]', 1, 'California requires that the permit be held for at least 6 months before applying for the provisional license.', 2
);
INSERT OR REPLACE INTO quiz_question (id, quizId, prompt, choices, correctIndex, explanation, ordinal) VALUES (
  'q_ca_how-to-get-a-permit-in-california_3', 'quiz_ca_how-to-get-a-permit-in-california', 'Which is required before the road test for the provisional license?', '["100 hours of supervised driving","50 hours of supervised practice, with at least 10 hours at night","20 hours of solo driving","Only the 6 hours with a licensed instructor"]', 1, 'California requires 50 hours of supervised practice driving, including 10 hours at night, in addition to the 6 hours with a licensed instructor.', 3
);
INSERT OR REPLACE INTO quiz_question (id, quizId, prompt, choices, correctIndex, explanation, ordinal) VALUES (
  'q_ca_how-to-get-a-permit-in-california_4', 'quiz_ca_how-to-get-a-permit-in-california', 'Who must accompany an applicant under 18 to the DMV when applying for the permit?', '["A friend with a license","A parent or legal guardian who signs for financial responsibility","Anyone over 21","Their driving school instructor"]', 1, 'A parent or legal guardian must appear in person and sign the application, accepting financial responsibility for the minor driver.', 4
);
INSERT OR REPLACE INTO lesson (id, moduleId, slug, title, body, estimatedSeatMinutes, ordinal) VALUES (
  'lesson_ca_california-gdl-restrictions-in-daily-life', 'module_ca_overlay', 'california-gdl-restrictions-in-daily-life', 'Living with California''s GDL Restrictions', '# Living with California''s GDL Restrictions

Earning your **provisional license** in California is exciting - but the license that comes in the mail is not a full, unrestricted driver license. For the first 12 months, you are subject to the state''s **Graduated Driver Licensing (GDL)** rules. Understanding them is not just about avoiding tickets; it changes how you plan your week, who rides with you, and when you can be on the road.

## The 12-month clock

The restrictions below apply for **12 months from the date your provisional license is issued or until you turn 18, whichever comes first**. Plan around that anniversary - many teens miscount and assume the rules expire on their 17th birthday. They don''t.

## Passenger restrictions

For the first 12 months, you **may not transport any passenger under 20 years old** unless you are accompanied by:

- A licensed parent or legal guardian,
- A licensed driver who is 25 or older, or
- A licensed or certified driving instructor.

This rule has practical consequences. You cannot drive your younger siblings to school, give a teammate a ride home from practice, or pick up a friend for a movie - even if your friend is 18 or 19. Plan carpools accordingly, and never let social pressure talk you into bending the rule "just this once." Officers can stop and cite you, and a violation extends or restarts the restriction period.

## Nighttime restriction

For the first 12 months, you **may not drive between 11 p.m. and 5 a.m.** unless accompanied by the same categories of supervising adult listed above. That means if you work a closing shift, attend an evening concert, or want to catch a late movie, you need a plan for a ride home before you head out.

## Limited exceptions

California recognizes a narrow set of **documented exceptions** to the passenger and nighttime rules: medical necessity, school or school-authorized activity, employment necessity, immediate family necessity, and emancipated minors. Each requires a signed note (from a parent, employer, school authority, doctor, etc.) carried in the vehicle. The exception is for *necessity*, not convenience - prepare to justify it.

## Cell phones and electronic devices

California is **stricter for minors than for adult drivers**. If you are under 18 you may not use a cell phone, text, or operate any wireless device while driving - period. There is **no hands-free exception** for minor drivers. Bluetooth, speaker mode, and earbuds are all prohibited while the car is moving. The safest habit is to put the phone in Do Not Disturb While Driving mode (built into iOS and Android) every time you start the engine.

Adult passengers may use phones, and you may use a phone in a genuine emergency to call 911, fire, or medical responders. "My friend really needed to know I''d be late" is not an emergency.

## Seat belts and child passengers

Every occupant must be properly restrained. As the driver you are legally responsible for any passenger under 16 who is not in a seat belt or appropriate child restraint. Children under 8 generally must ride in a booster or car seat in the back seat. Get in the habit of confirming belts before you shift into drive.

## What happens if you break a GDL rule

Violations are reported to the DMV and can result in fines, mandatory court appearance with a parent, license suspension or restriction extensions, and increases in your family''s insurance premium. The cost of one citation often exceeds an entire semester of driver education tuition.

## Building habits that outlast the restrictions

The goal of the GDL system is not punishment - it is the gradual introduction of risk. Use this year to develop the boring, reliable habits that prevent crashes: phone away, eyes scanning, hands on the wheel, planning your route, and asking yourself before each trip, "Am I legal, alert, and unimpaired?"', 40, 1
);
INSERT OR REPLACE INTO quiz (id, lessonId, title, passingScore, shuffleQuestions) VALUES (
  'quiz_ca_california-gdl-restrictions-in-daily-life', 'lesson_ca_california-gdl-restrictions-in-daily-life', 'California GDL Restrictions Quiz', 80, 1
);
INSERT OR REPLACE INTO quiz_question (id, quizId, prompt, choices, correctIndex, explanation, ordinal) VALUES (
  'q_ca_california-gdl-restrictions-in-daily-life_0', 'quiz_ca_california-gdl-restrictions-in-daily-life', 'For how long do California''s provisional license passenger and nighttime restrictions apply?', '["6 months","12 months or until age 18, whichever is first","24 months","Until age 21"]', 1, 'GDL restrictions apply for the first 12 months of the provisional license, or until the driver turns 18 - whichever comes first.', 0
);
INSERT OR REPLACE INTO quiz_question (id, quizId, prompt, choices, correctIndex, explanation, ordinal) VALUES (
  'q_ca_california-gdl-restrictions-in-daily-life_1', 'quiz_ca_california-gdl-restrictions-in-daily-life', 'During the first 12 months of a provisional license, between which hours may a teen not drive unsupervised?', '["9 p.m. and 5 a.m.","10 p.m. and 6 a.m.","11 p.m. and 5 a.m.","Midnight and 5 a.m."]', 2, 'California''s nighttime driving restriction for new provisional drivers covers 11 p.m. to 5 a.m.', 1
);
INSERT OR REPLACE INTO quiz_question (id, quizId, prompt, choices, correctIndex, explanation, ordinal) VALUES (
  'q_ca_california-gdl-restrictions-in-daily-life_2', 'quiz_ca_california-gdl-restrictions-in-daily-life', 'Which passenger may a 16-year-old provisional driver legally transport without a qualified adult in the car?', '["A 19-year-old friend","A 14-year-old sibling","A 25-year-old licensed driver","Any classmate from school"]', 2, 'Passengers under 20 are restricted. A licensed driver 25 or older satisfies the supervising adult requirement, so they may ride along.', 2
);
INSERT OR REPLACE INTO quiz_question (id, quizId, prompt, choices, correctIndex, explanation, ordinal) VALUES (
  'q_ca_california-gdl-restrictions-in-daily-life_3', 'quiz_ca_california-gdl-restrictions-in-daily-life', 'Which statement about cell phone use by California drivers under 18 is correct?', '["Hands-free calls are allowed","Texting is allowed at red lights","All wireless device use is prohibited, even hands-free","Only handheld use is prohibited"]', 2, 'California prohibits drivers under 18 from any use of wireless devices while driving, including hands-free, with a narrow emergency exception.', 3
);
INSERT OR REPLACE INTO quiz_question (id, quizId, prompt, choices, correctIndex, explanation, ordinal) VALUES (
  'q_ca_california-gdl-restrictions-in-daily-life_4', 'quiz_ca_california-gdl-restrictions-in-daily-life', 'Which of the following is a valid documented exception to the GDL passenger or nighttime restriction?', '["Driving friends to a concert","Medical necessity with a signed note","Going to the beach on weekends","Driving to any social event after 11 p.m."]', 1, 'California recognizes narrow necessity-based exceptions such as medical, school, employment, family necessity, and emancipation - each documented in writing.', 4
);
INSERT OR REPLACE INTO lesson (id, moduleId, slug, title, body, estimatedSeatMinutes, ordinal) VALUES (
  'lesson_ca_california-rules-and-quirks', 'module_ca_overlay', 'california-rules-and-quirks', 'California-Specific Rules and Quirks Every Driver Should Know', '# California-Specific Rules and Quirks Every Driver Should Know

Many road rules are similar from state to state, but California has a handful of laws and conventions that catch out-of-state drivers - and teens taking the road test - by surprise. Mastering these signals to examiners and insurance carriers alike that you are a thoughtful California driver, not just someone who memorized a generic handbook.

## Lane splitting is legal (for motorcycles)

California is the **only state in the U.S. that explicitly authorizes lane splitting** - motorcycles riding between lanes of slower or stopped traffic. As a car driver, this changes your habits in two big ways:

- **Always shoulder-check before changing lanes**, even in slow traffic. A motorcycle may be in the gap between you and the next lane.
- **Never intentionally block a splitting motorcyclist**. It is unsafe and may be considered road rage.

Assume a motorcycle could appear next to you at any time, especially in traffic on freeways or near intersections.

## The "California stop" is illegal

Ironically, the rolling stop nicknamed the "California stop" is **never legal in California**. At a stop sign or red light, you must come to a complete stop with the vehicle no longer moving, then proceed when safe. On the DMV road test, a rolling stop is one of the most common automatic disqualifiers. Count one full second at every stop sign.

## Right turn on red

Right turn on red is permitted unless a sign prohibits it - but only after a **complete stop** and only when it is safe and pedestrians have cleared the crosswalk. Many San Francisco and downtown Los Angeles intersections post "No Turn on Red" signs; obey them precisely.

## Move Over Law

When approaching any **stationary emergency vehicle, tow truck, or Caltrans vehicle with flashing lights** on a highway, you must move over one lane if it is safe to do so, or slow to a reasonable speed if you cannot. This includes police, fire, ambulances, and roadside assistance trucks.

## Headlights and weather

California law requires headlights any time you are using windshield wipers because of weather. The shorthand is **"wipers on, lights on."** Parking lights alone do not satisfy this rule.

## School zones and crossing guards

The default speed limit in a school zone with children present is **25 mph**, and many zones drop to **15 mph** when posted. You must come to a complete stop for a crossing guard''s handheld stop sign and remain stopped until the guard has fully cleared the crosswalk and lowered the sign.

## Bicycle and pedestrian protections

- The **Three Feet for Safety Act** requires drivers to give bicyclists at least 3 feet of clearance when passing. If 3 feet is not possible, you must slow to a safe speed and pass only when no danger is present.
- Pedestrians have the right of way in any marked or unmarked crosswalk at an intersection. "Unmarked" includes the imaginary extension of a sidewalk across an intersection where no white lines are painted.

## Driving under the influence - zero tolerance

For drivers under 21, California has a **zero tolerance law**: any measurable alcohol (0.01% BAC or higher) results in license suspension. For drivers under 18 the consequences are even steeper and can delay or revoke licensing eligibility. Cannabis is legal for adults 21+ in California, but it is **never legal to drive while impaired**, regardless of age, and an open container - including a partially used vape pen - in the passenger area is a violation.

## Smog, registration, and proof of insurance

Every driver must carry proof of insurance, the vehicle registration card, and the driver license while operating a vehicle. California requires biennial smog checks for most gasoline vehicles over a certain age, and electronic proof of insurance on a phone is accepted at traffic stops.

## Earthquake and brushfire awareness

California is the only place where your driver education realistically must mention earthquakes and wildfires. During an earthquake while driving, pull to the side of the road away from overpasses, power lines, and large signs; stay in the car until shaking stops. During wildfire evacuation, follow posted emergency routes, keep headlights on through smoke, and never park on dry grass.

Knowing these California-specific rules is the difference between passing your road test and learning them the expensive way.', 40, 2
);
INSERT OR REPLACE INTO quiz (id, lessonId, title, passingScore, shuffleQuestions) VALUES (
  'quiz_ca_california-rules-and-quirks', 'lesson_ca_california-rules-and-quirks', 'California-Specific Rules Quiz', 80, 1
);
INSERT OR REPLACE INTO quiz_question (id, quizId, prompt, choices, correctIndex, explanation, ordinal) VALUES (
  'q_ca_california-rules-and-quirks_0', 'quiz_ca_california-rules-and-quirks', 'Which statement about lane splitting is correct in California?', '["It is illegal for all vehicles","It is legal for motorcycles","It is legal only on weekends","It is legal for bicycles only"]', 1, 'California is the only U.S. state that explicitly authorizes motorcycle lane splitting, so drivers must stay alert for motorcycles between lanes.', 0
);
INSERT OR REPLACE INTO quiz_question (id, quizId, prompt, choices, correctIndex, explanation, ordinal) VALUES (
  'q_ca_california-rules-and-quirks_1', 'quiz_ca_california-rules-and-quirks', 'What is the legal requirement at a stop sign in California?', '["A rolling stop if no other cars are present","A complete stop with the vehicle no longer moving","Slowing to 5 mph","Yielding only if pedestrians are present"]', 1, 'California law requires a full stop at stop signs; the ''California stop'' is illegal and a common road-test failure.', 1
);
INSERT OR REPLACE INTO quiz_question (id, quizId, prompt, choices, correctIndex, explanation, ordinal) VALUES (
  'q_ca_california-rules-and-quirks_2', 'quiz_ca_california-rules-and-quirks', 'Under the Three Feet for Safety Act, how much clearance must a driver give a bicyclist when passing?', '["1 foot","2 feet","3 feet","5 feet"]', 2, 'Drivers must allow at least 3 feet of clearance when passing a bicyclist, or slow to a safe speed if not possible.', 2
);
INSERT OR REPLACE INTO quiz_question (id, quizId, prompt, choices, correctIndex, explanation, ordinal) VALUES (
  'q_ca_california-rules-and-quirks_3', 'quiz_ca_california-rules-and-quirks', 'What is the maximum blood alcohol concentration (BAC) allowed for a California driver under 21?', '["0.08%","0.05%","0.02%","0.01% (zero tolerance)"]', 3, 'California''s zero tolerance law sets the limit at 0.01% BAC for drivers under 21, with automatic license suspension for violations.', 3
);
INSERT OR REPLACE INTO quiz_question (id, quizId, prompt, choices, correctIndex, explanation, ordinal) VALUES (
  'q_ca_california-rules-and-quirks_4', 'quiz_ca_california-rules-and-quirks', 'When are California drivers required to turn on their headlights?', '["Only at night","Whenever windshield wipers are in use because of weather","Only on freeways","Only in fog"]', 1, 'California''s ''wipers on, lights on'' rule requires headlights any time wipers are being used due to weather conditions.', 4
);

-- Colorado (CO)
INSERT OR REPLACE INTO rule_pack (id, jurisdiction, slug, name, maturity, createdAt) VALUES (
  'rp_co_teen', 'US-CO', 'co-teen', 'Colorado Teen Driver Education', 'level1', unixepoch('now')*1000
);
INSERT OR REPLACE INTO rule_pack_version (id, rulePackId, version, definition, publishedAt, notes, createdAt) VALUES (
  'rpv_co_teen_1_0_0', 'rp_co_teen', '1.0.0', '{"credentials":[{"key":"permit_eligibility","label":"Colorado Instruction Permit","deliveryMode":"manual"}],"requirements":[{"key":"classroom_hours","label":"Classroom hours","target":30,"unit":"hour"},{"key":"btw_hours","label":"Behind-the-wheel hours","target":6,"unit":"hour"},{"key":"supervised_practice_hours","label":"Supervised practice (parent log)","target":50,"unit":"hour"}],"rules":[{"key":"unlock_permit_eligibility","trigger":"enrollment.state_changed","conditions":{"jurisdiction":"US-CO","minPermitAge":15,"classroomHoursCompleted":{"gte":30}},"actions":[{"type":"unlock_credential","credential":"permit_eligibility"},{"type":"set_journey_state","value":"permit_eligible"}]}],"facts":{"agencyName":"Colorado Department of Revenue, Division of Motor Vehicles (DMV)","minPermitAge":15,"minLicenseAge":16,"minPermitDurationMonths":12,"nighttimeRestriction":"No driving between midnight and 5:00 a.m. during the first year of licensure unless accompanied by a parent/guardian/licensed driving instructor, or driving to/from work, school, or a medical emergency.","passengerRestriction":"During the first 6 months of licensure: no passengers under 21 unless a parent/guardian or licensed driver 21+ is in the front seat. During months 7-12: only one passenger under 21 allowed (siblings and supervised situations excepted).","cellPhoneRule":"Drivers under 18 are prohibited from using any wireless/cell phone while driving, including hands-free, except to report an emergency.","notes":"Colorado has a tiered Graduated Driver Licensing (GDL) program administered by the Colorado DMV. Teens 15 to 15.5 must complete a 30-hour state-approved driver education course before obtaining an instruction permit; teens 15.5 to 16 may take a 4-hour Driver Awareness Program (DAP) in lieu of the full course if no driver ed is locally available; teens 16 to 21 may take the written test without driver ed but still need permit-holding time. Required behind-the-wheel training is 6 hours with a state-approved school. Permit must be held for at least 12 months before a license can be issued, and the teen must log 50 hours of supervised driving (10 of which must be at night) signed off by a parent/guardian.","needsReview":["Exact current minimum age for the 4-hour Driver Awareness Program vs full 30-hour course","Whether the 6 BTW hours must be with a commercial school or can be parent-taught under any circumstance","Current statutory citation for the under-18 cell phone ban (CRS 42-4-239)","Exact wording of post-6-month passenger rule and sibling exception","Whether nighttime restriction is 12 a.m.-5 a.m. or midnight-5 a.m. statutorily","Permit-holding requirement for applicants who turn 16.5 or 17 without prior permit","Required night-driving hours within the 50-hour log (commonly 10)"]}}', unixepoch('now')*1000, 'Generated; school must review and tweak.', unixepoch('now')*1000
);
INSERT OR REPLACE INTO content_pack (id, slug, name, scope, jurisdiction, description, createdAt) VALUES (
  'cp_co_teen_overlay', 'co-teen-overlay', 'Colorado Teen Overlay', 'state', 'US-CO', 'Colorado-specific module covering how to earn an instruction permit through the Colorado DMV, the Graduated Driver Licensing (GDL) restrictions teens must follow during their first year, and the state-specific rules and quirks - from mountain driving to wildlife crossings - that every new Colorado driver needs to know.', unixepoch('now')*1000
);
INSERT OR REPLACE INTO content_pack_version (id, contentPackId, version, notes, publishedAt, createdAt) VALUES (
  'cpv_co_teen_overlay_1_0_0', 'cp_co_teen_overlay', '1.0.0', 'Generated by per-state agent; human review required before publishing.', unixepoch('now')*1000, unixepoch('now')*1000
);
INSERT OR REPLACE INTO course (id, contentPackVersionId, slug, title, description, ordinal) VALUES (
  'course_co_overlay', 'cpv_co_teen_overlay_1_0_0', 'co-overlay', 'Colorado Teen Driver Overlay', 'Colorado-specific module covering how to earn an instruction permit through the Colorado DMV, the Graduated Driver Licensing (GDL) restrictions teens must follow during their first year, and the state-specific rules and quirks - from mountain driving to wildlife crossings - that every new Colorado driver needs to know.', 0
);
INSERT OR REPLACE INTO module (id, courseId, slug, title, description, ordinal) VALUES (
  'module_co_overlay', 'course_co_overlay', 'co-teen-overlay', 'Colorado Teen Driver Overlay', 'Colorado-specific module covering how to earn an instruction permit through the Colorado DMV, the Graduated Driver Licensing (GDL) restrictions teens must follow during their first year, and the state-specific rules and quirks - from mountain driving to wildlife crossings - that every new Colorado driver needs to know.', 0
);
INSERT OR REPLACE INTO lesson (id, moduleId, slug, title, body, estimatedSeatMinutes, ordinal) VALUES (
  'lesson_co_co-how-to-get-your-permit', 'module_co_overlay', 'co-how-to-get-your-permit', 'How to Get Your Colorado Instruction Permit', '# Getting Your Colorado Instruction Permit

In Colorado, the instruction permit is the first step of a three-stage Graduated Driver Licensing (GDL) system run by the Colorado Department of Revenue''s Division of Motor Vehicles (DMV). The exact path you take depends on how old you are when you apply.

## Age-based pathways

**Ages 15 to 15 years 6 months.** You must complete a 30-hour, state-approved driver education classroom course (online or in person) *before* you can apply. You also need a signed Affidavit of Liability and Guardianship from a parent or legal guardian, who must appear with you at the DMV office.

**Ages 15 years 6 months to 16.** You have two options. Option A is the full 30-hour driver education course described above. Option B is the four-hour Driver Awareness Program (DAP), which is shorter but only qualifies you for a permit - you''ll still need behind-the-wheel training before licensing.

**Ages 16 to 17.** You can apply for a permit without any pre-course, but you must still pass the written knowledge test and hold the permit for the required time before licensing.

**Ages 17 to 21.** No driver education is required to get a permit, and the permit-holding period drops to as little as 12 months in most cases.

## What to bring to the DMV

- Proof of identity (certified birth certificate, valid passport, or other accepted document)
- Proof of Colorado residency for your parent/guardian (utility bill, lease, etc.)
- Social Security card or other proof of SSN
- Completed Affidavit of Liability and Guardianship (DR 2460), signed in front of a DMV agent or notarized
- Your driver education completion certificate (if applicable)
- Application fee (currently around $18-$20; check the DMV site for current pricing)

A parent, legal guardian, or court-appointed custodian must accompany you and accept financial responsibility for you on the road. If neither parent has custody, a grandparent over 18 may sign with a notarized affidavit.

## The written knowledge test

The Colorado written test covers road signs, signals, right-of-way, sharing the road with cyclists and pedestrians, mountain driving, and Colorado-specific laws like the Move Over law. It''s 25 multiple-choice questions and you need 80% to pass. The Colorado Driver Handbook (free PDF from mycolorado.gov) is the official study source. If you fail, you can retest, usually the next business day, for a small fee.

## Vision screening

You must pass a vision screening at the DMV (20/40 in at least one eye, with or without correction). Bring your glasses or contacts; if you need them to pass, your license will carry a corrective-lenses restriction.

## After you pass

Once you have your permit, the 12-month clock starts. During that year you must:

1. Complete 6 hours of behind-the-wheel training with a state-licensed driving school (if you are under 16.5).
2. Log 50 hours of supervised driving, including 10 hours after dark, signed off by your parent or guardian.
3. Always drive with a licensed adult 21 or older in the front passenger seat - no exceptions.

The permit is valid for three years. Keep it on you any time you drive, and remember: any traffic conviction during the permit period can reset your eligibility clock for licensing.', 35, 0
);
INSERT OR REPLACE INTO quiz (id, lessonId, title, passingScore, shuffleQuestions) VALUES (
  'quiz_co_co-how-to-get-your-permit', 'lesson_co_co-how-to-get-your-permit', 'Colorado Permit Quiz', 80, 1
);
INSERT OR REPLACE INTO quiz_question (id, quizId, prompt, choices, correctIndex, explanation, ordinal) VALUES (
  'q_co_co-how-to-get-your-permit_0', 'quiz_co_co-how-to-get-your-permit', 'A 15-year-old in Colorado wants to apply for an instruction permit. What must they complete first?', '["Nothing - they can walk in and take the test","A 30-hour state-approved driver education course","The 4-hour Driver Awareness Program only","Six hours of behind-the-wheel training"]', 1, 'Applicants between 15 and 15 years 6 months must complete the full 30-hour driver education course before applying for the permit. The shorter Driver Awareness Program is only an option starting at 15 years 6 months.', 0
);
INSERT OR REPLACE INTO quiz_question (id, quizId, prompt, choices, correctIndex, explanation, ordinal) VALUES (
  'q_co_co-how-to-get-your-permit_1', 'quiz_co_co-how-to-get-your-permit', 'Who must accompany a teen to the Colorado DMV to sign for an instruction permit?', '["Any adult over 21","A driving instructor","A parent, legal guardian, or court-appointed custodian","An older sibling who already has a license"]', 2, 'Colorado requires a parent, legal guardian, or court-appointed custodian to sign the Affidavit of Liability and Guardianship in person at the DMV, accepting financial responsibility for the teen driver.', 1
);
INSERT OR REPLACE INTO quiz_question (id, quizId, prompt, choices, correctIndex, explanation, ordinal) VALUES (
  'q_co_co-how-to-get-your-permit_2', 'quiz_co_co-how-to-get-your-permit', 'What passing score do you need on the Colorado written knowledge test?', '["70%","75%","80%","90%"]', 2, 'The Colorado DMV requires at least 80% on the 25-question written knowledge test to pass.', 2
);
INSERT OR REPLACE INTO quiz_question (id, quizId, prompt, choices, correctIndex, explanation, ordinal) VALUES (
  'q_co_co-how-to-get-your-permit_3', 'quiz_co_co-how-to-get-your-permit', 'How long must a Colorado teen hold an instruction permit before becoming eligible for a license?', '["3 months","6 months","9 months","12 months"]', 3, 'Colorado requires teens under 18 to hold the instruction permit for a full 12 months before they may apply for a minor driver''s license.', 3
);
INSERT OR REPLACE INTO quiz_question (id, quizId, prompt, choices, correctIndex, explanation, ordinal) VALUES (
  'q_co_co-how-to-get-your-permit_4', 'quiz_co_co-how-to-get-your-permit', 'While driving with an instruction permit in Colorado, who must be in the front passenger seat?', '["Anyone with a valid driver''s license","A licensed driver 18 or older","A licensed driver 21 or older","A parent or legal guardian only"]', 2, 'Permit holders must always have a licensed driver 21 or older in the front passenger seat while driving in Colorado. It does not have to be a parent, but it must be someone 21+.', 4
);
INSERT OR REPLACE INTO lesson (id, moduleId, slug, title, body, estimatedSeatMinutes, ordinal) VALUES (
  'lesson_co_co-gdl-restrictions-daily-life', 'module_co_overlay', 'co-gdl-restrictions-daily-life', 'Colorado GDL Restrictions in Daily Life', '# Living With Colorado''s GDL Rules

Getting your minor driver''s license in Colorado is a milestone - but the license you get at 16 isn''t the same one your parents have. For your first year, Colorado''s Graduated Driver Licensing (GDL) law limits *when* you can drive, *who* can ride with you, and *what* you can do with your phone. Knowing these rules cold keeps your license and keeps you safe.

## The nighttime curfew

For the first 12 months after you get your license (or until you turn 18, whichever comes first), you may not drive between midnight and 5:00 a.m. There are narrow exceptions:

- Driving to or from work, with documentation
- Driving to or from a school-sanctioned activity
- Driving for a medical emergency
- Driving with a parent, legal guardian, or licensed driving instructor in the front seat

"Documentation" means an actual note from your employer or school - a text from your manager will not satisfy an officer at 1:00 a.m. If you have a late shift, keep a signed letter in the glove box.

## The passenger rule (the one teens forget most)

Colorado''s passenger restriction is **two-phase**:

- **Months 1 to 6 of licensure:** No passengers under 21 in the vehicle - period - unless a parent, guardian, or licensed driver 21+ is in the front seat. That means you cannot drive your best friend, your boyfriend or girlfriend, or even your 14-year-old cousin alone.
- **Months 7 to 12 of licensure:** You may carry one passenger under 21, but no more.

The most important exception is for **siblings** living in your household, and for emergencies. Even so, if you have three siblings, you''d be over the limit during months 7-12. Plan carpools accordingly.

This rule exists because crash data is brutal: a 16-year-old driving with two teen passengers is roughly five times more likely to crash than the same teen driving alone.

## The cell phone ban

In Colorado, **drivers under 18 may not use a wireless telephone for any reason while driving**, including hands-free. The only legal exception is reporting a genuine emergency to 911, a hospital, a fire department, or law enforcement.

That means no:

- Calls (even on speaker or via Bluetooth)
- Texts (even at a red light - you''re still "driving")
- Snapchat, TikTok, voice memos, or Spotify scrolling
- Navigating - set your GPS *before* you put the car in gear

A first offense is a $50 fine plus a point on your license. A second offense is $100. More importantly, a phone violation during your provisional year can extend your restriction period.

## Seat belts, every seat, every time

Colorado''s teen seat belt law requires the driver and *every* passenger - regardless of age or seat - to wear a seat belt when a driver under 18 is at the wheel. As the driver, you can be ticketed for unbelted passengers. Make "click it before I shift it" your habit.

## What happens if you break a GDL rule

GDL violations are primary offenses, meaning an officer can pull you over solely for the violation. Penalties stack: fines, points, mandatory court appearance for some violations, and possible license suspension. Two convictions during your minor-license period typically result in a one-month suspension; three result in three months and a required retest.

The simplest rule of thumb: drive like your parent is in the passenger seat, because legally, the consequences land on them too.', 30, 1
);
INSERT OR REPLACE INTO quiz (id, lessonId, title, passingScore, shuffleQuestions) VALUES (
  'quiz_co_co-gdl-restrictions-daily-life', 'lesson_co_co-gdl-restrictions-daily-life', 'Colorado GDL Restrictions Quiz', 80, 1
);
INSERT OR REPLACE INTO quiz_question (id, quizId, prompt, choices, correctIndex, explanation, ordinal) VALUES (
  'q_co_co-gdl-restrictions-daily-life_0', 'quiz_co_co-gdl-restrictions-daily-life', 'During the first 6 months of having a Colorado minor driver''s license, which passenger situation is allowed?', '["Driving two friends home from school","Driving alone or with a parent/guardian 21+ in the front seat","Driving one friend under 21 to a party","Driving any number of passengers as long as everyone is belted"]', 1, 'In the first 6 months, no passengers under 21 are allowed unless a parent, guardian, or licensed driver 21+ is in the front seat. Siblings are a limited exception.', 0
);
INSERT OR REPLACE INTO quiz_question (id, quizId, prompt, choices, correctIndex, explanation, ordinal) VALUES (
  'q_co_co-gdl-restrictions-daily-life_1', 'quiz_co_co-gdl-restrictions-daily-life', 'Colorado''s nighttime driving curfew for new teen drivers applies between:', '["10:00 p.m. and 6:00 a.m.","11:00 p.m. and 5:00 a.m.","Midnight and 5:00 a.m.","Midnight and sunrise"]', 2, 'Colorado''s GDL nighttime restriction prohibits driving from midnight to 5:00 a.m. during the first year of licensure, with exceptions for work, school activities, medical emergencies, and supervised driving.', 1
);
INSERT OR REPLACE INTO quiz_question (id, quizId, prompt, choices, correctIndex, explanation, ordinal) VALUES (
  'q_co_co-gdl-restrictions-daily-life_2', 'quiz_co_co-gdl-restrictions-daily-life', 'A 17-year-old Colorado driver is at a red light. Is it legal for them to send a quick text?', '["Yes, because the car is stopped","Yes, if it''s to a parent","No - under 18 cannot use a phone while driving at all, with very narrow emergency exceptions","Only if using hands-free voice-to-text"]', 2, 'Colorado bans all wireless device use - handheld OR hands-free - by drivers under 18, even when stopped at a light. The only legal exception is reporting a genuine emergency.', 2
);
INSERT OR REPLACE INTO quiz_question (id, quizId, prompt, choices, correctIndex, explanation, ordinal) VALUES (
  'q_co_co-gdl-restrictions-daily-life_3', 'quiz_co_co-gdl-restrictions-daily-life', 'A new Colorado teen driver works the closing shift at a restaurant and has to drive home at 12:30 a.m. What lets them legally do this?', '["Nothing - the curfew has no exceptions","A signed letter or documentation from their employer in the vehicle","Having their work uniform on","Driving under 25 mph"]', 1, 'Driving to/from work is an allowed exception to the nighttime curfew, but teens must carry written documentation (such as an employer letter) verifying the work obligation.', 3
);
INSERT OR REPLACE INTO quiz_question (id, quizId, prompt, choices, correctIndex, explanation, ordinal) VALUES (
  'q_co_co-gdl-restrictions-daily-life_4', 'quiz_co_co-gdl-restrictions-daily-life', 'If a Colorado teen driver is pulled over and their 15-year-old passenger isn''t wearing a seat belt, who can be ticketed?', '["Only the passenger","Only the parent who owns the car","The teen driver - drivers under 18 are responsible for all passengers being belted","No one, because seat belt laws don''t apply to passengers under 16"]', 2, 'Colorado''s teen seat belt law makes the driver under 18 responsible for ensuring every passenger, regardless of age or seat position, is properly restrained.', 4
);
INSERT OR REPLACE INTO lesson (id, moduleId, slug, title, body, estimatedSeatMinutes, ordinal) VALUES (
  'lesson_co_co-state-rules-and-quirks', 'module_co_overlay', 'co-state-rules-and-quirks', 'Colorado-Specific Rules, Roads, and Quirks', '# Driving Colorado: The Rules That Make This State Different

Colorado''s geography forces driving habits that don''t exist in flatter, lower-altitude states. Between the mountain passes, the wildlife, the weather, and a handful of state-specific laws, there''s a distinct Colorado driver skill set. Knowing these things doesn''t just keep you out of a ticket book - it can keep you out of a guardrail or a ditch.

## Mountain driving basics

If you spend any time west of the Front Range, you''ll face steep grades, switchbacks, and rapidly changing weather.

- **Downhill: gear down, don''t ride the brakes.** Continuously pressing the brake on a long descent overheats them and causes brake fade. Shift your transmission to L, 2, or manual mode and let engine braking do the work.
- **Uphill yields to downhill** on narrow mountain roads. The downhill driver has less control and a harder time restarting on a steep grade.
- **Use the runaway truck ramps if you must.** They are free, and always better than the alternative.
- **Watch the chain laws.** Colorado activates traction and chain laws on I-70 and other passes in winter. Passenger vehicles must have snow tires, M+S-rated tires with at least 3/16" tread, AWD/4WD, or chains. Violations start above $130; causing a closure can exceed $650.

## Wildlife collisions

Colorado averages thousands of wildlife collisions a year. Dawn and dusk are peak times for deer, elk, and moose. If an animal is in the road:

- **Brake hard, don''t swerve.** Swerving into oncoming traffic or off the shoulder causes more deaths than hitting the animal.
- **One deer means more.** They travel in groups.
- **Honk and flash high beams** if you see eyes near the roadside before the animal enters the road.

## The Move Over law

When approaching any stopped emergency vehicle, tow truck, or utility vehicle with flashing lights on the shoulder, Colorado law requires you to **move over one lane** if you can do so safely. If you can''t change lanes, slow to at least 20 mph below the posted limit (or 10 mph below if the limit is 25 mph or less).

## Bicycles and the 3-foot rule

Colorado law requires drivers to leave at least **3 feet of space** when passing a bicyclist. Drivers may legally cross a double-yellow line to give that space when it is safe to do so - a quirk that surprises out-of-state drivers. Boulder, Fort Collins, and Denver have heavy bike traffic; treat every bike lane as a live lane.

## Marijuana and driving

Recreational marijuana is legal for adults 21+ in Colorado, but driving impaired by marijuana is a DUI just like alcohol. For drivers under 21, Colorado''s **zero tolerance** law makes any detectable THC, or a blood alcohol of 0.02% or more, grounds for a DUI-related charge. Open marijuana containers in the passenger compartment are illegal, just like open alcohol.

## Express lanes

Many Colorado highways use ExpressToll express lanes. **Crossing a double white line into or out of an express lane is illegal** and heavily ticketed - enter and exit only at the dashed white sections.

## Snow and black ice

Colorado''s first heavy snow each fall produces a notorious spike in crashes. Black ice forms on bridges and shaded curves even when the rest of the road is dry. Slow down, double your following distance, and avoid sudden steering or braking. If you start to skid, ease off the gas and steer gently in the direction you want the front of the car to go.

Master these habits and you''ll drive Colorado the way locals do - with respect for the mountains, the weather, and the wildlife that share the road.', 35, 2
);
INSERT OR REPLACE INTO quiz (id, lessonId, title, passingScore, shuffleQuestions) VALUES (
  'quiz_co_co-state-rules-and-quirks', 'lesson_co_co-state-rules-and-quirks', 'Colorado Rules and Quirks Quiz', 80, 1
);
INSERT OR REPLACE INTO quiz_question (id, quizId, prompt, choices, correctIndex, explanation, ordinal) VALUES (
  'q_co_co-state-rules-and-quirks_0', 'quiz_co_co-state-rules-and-quirks', 'You''re descending a long mountain pass on I-70. What''s the safest way to control your speed?', '["Ride the brake pedal continuously to maintain a steady speed","Shift to a lower gear and use engine braking, applying brakes intermittently","Put the car in neutral to save fuel and brake when needed","Turn off cruise control but stay in the highest gear"]', 1, 'On long mountain descents, shifting to a lower gear lets engine braking do most of the work. Riding the brakes continuously causes brake fade - the brakes overheat and lose stopping power.', 0
);
INSERT OR REPLACE INTO quiz_question (id, quizId, prompt, choices, correctIndex, explanation, ordinal) VALUES (
  'q_co_co-state-rules-and-quirks_1', 'quiz_co_co-state-rules-and-quirks', 'Under Colorado''s Move Over law, what must you do when approaching a stopped emergency vehicle with flashing lights?', '["Stop completely until the vehicle leaves","Honk to acknowledge the vehicle","Move over one lane if safe, or slow to at least 20 mph below the speed limit","Maintain your speed and pass cautiously"]', 2, 'Colorado''s Move Over law requires you to change lanes away from the stopped vehicle if safe, or to slow to at least 20 mph below the posted limit (10 mph below if the limit is 25 mph or less).', 1
);
INSERT OR REPLACE INTO quiz_question (id, quizId, prompt, choices, correctIndex, explanation, ordinal) VALUES (
  'q_co_co-state-rules-and-quirks_2', 'quiz_co_co-state-rules-and-quirks', 'A deer suddenly steps into the road in front of you on a Colorado highway. What''s the recommended response?', '["Swerve sharply to avoid it, even into oncoming lanes","Speed up to get past before it moves","Brake hard and stay in your lane","Honk and close your eyes"]', 2, 'Brake hard but do not swerve. Swerving into oncoming traffic or off the road causes more serious injuries and deaths than hitting the animal would. Stay in your lane and reduce speed as much as possible.', 2
);
INSERT OR REPLACE INTO quiz_question (id, quizId, prompt, choices, correctIndex, explanation, ordinal) VALUES (
  'q_co_co-state-rules-and-quirks_3', 'quiz_co_co-state-rules-and-quirks', 'When passing a bicyclist on a Colorado road, how much space must you leave?', '["At least 1 foot","At least 2 feet","At least 3 feet","At least 5 feet"]', 2, 'Colorado law requires a minimum of 3 feet of clearance when passing a bicyclist. Drivers may legally cross a double-yellow line to provide that space when it''s safe to do so.', 3
);
INSERT OR REPLACE INTO quiz_question (id, quizId, prompt, choices, correctIndex, explanation, ordinal) VALUES (
  'q_co_co-state-rules-and-quirks_4', 'quiz_co_co-state-rules-and-quirks', 'A 19-year-old driver in Colorado is pulled over and a blood test shows a blood alcohol content of 0.03%. What''s the likely outcome under Colorado law?', '["Nothing - they are under the 0.08% adult DUI limit","A warning, since they are over 18","A DUI charge under Colorado''s zero-tolerance law for drivers under 21","Only a fine for the open container law"]', 2, 'Colorado has a zero-tolerance law for drivers under 21: any blood alcohol level of 0.02% or higher results in a DUI-related charge (commonly UDD - Underage Drinking and Driving), even though it''s below the 0.08% adult limit.', 4
);

-- Connecticut (CT)
INSERT OR REPLACE INTO rule_pack (id, jurisdiction, slug, name, maturity, createdAt) VALUES (
  'rp_ct_teen', 'US-CT', 'ct-teen', 'Connecticut Teen Driver Education', 'level1', unixepoch('now')*1000
);
INSERT OR REPLACE INTO rule_pack_version (id, rulePackId, version, definition, publishedAt, notes, createdAt) VALUES (
  'rpv_ct_teen_1_0_0', 'rp_ct_teen', '1.0.0', '{"credentials":[{"key":"permit_eligibility","label":"Learner''s Permit","deliveryMode":"manual"}],"requirements":[{"key":"classroom_hours","label":"Classroom hours","target":30,"unit":"hour"},{"key":"btw_hours","label":"Behind-the-wheel hours","target":40,"unit":"hour"},{"key":"supervised_practice_hours","label":"Supervised practice (parent log)","target":40,"unit":"hour"}],"rules":[{"key":"unlock_permit_eligibility","trigger":"enrollment.state_changed","conditions":{"jurisdiction":"US-CT","minPermitAge":16,"classroomHoursCompleted":{"gte":30}},"actions":[{"type":"unlock_credential","credential":"permit_eligibility"},{"type":"set_journey_state","value":"permit_eligible"}]}],"facts":{"agencyName":"Connecticut Department of Motor Vehicles (CT DMV)","minPermitAge":16,"minLicenseAge":16.333,"minPermitDurationMonths":4,"nighttimeRestriction":"During the first year of licensure, 16- and 17-year-old drivers may not drive between 11:00 PM and 5:00 AM except for work, school, religious activities, or medical necessity.","passengerRestriction":"For the first 6 months of licensure, only parents/legal guardians or a licensed driving instructor may ride as passengers. For the next 6 months, immediate family members may also ride. No other passengers are permitted during the first year.","cellPhoneRule":"Drivers under 18 are prohibited from using any mobile electronic device while driving, including hands-free devices. Violations carry fines and possible license suspension.","notes":"Connecticut requires teens to complete driver education through either a commercial driving school (30 hours classroom + 40 hours BTW) or a secondary school program combined with 8 hours of safe driving practices instruction. A parent/guardian must complete a mandatory 2-hour training session before the teen can be licensed. Holding period is 120 days with driver ed (180 days without). Seat belt use is mandatory for all occupants in vehicles driven by 16- and 17-year-olds.","needsReview":["Exact minimum license age in decimal form (16 years 4 months -> 16.333)","Whether 8-hour ''safe driving practices'' course counts toward classroom hours when completed via secondary school route","Current fine amounts for GDL violations (subject to legislative change)","Whether parent training requirement is 2 hours in all current statutes","Latest cell phone enforcement penalties as of 2026"]}}', unixepoch('now')*1000, 'Generated; school must review and tweak.', unixepoch('now')*1000
);
INSERT OR REPLACE INTO content_pack (id, slug, name, scope, jurisdiction, description, createdAt) VALUES (
  'cp_ct_teen_overlay', 'ct-teen-overlay', 'Connecticut Teen Overlay', 'state', 'US-CT', 'A Connecticut-specific learning module covering CT DMV permit requirements, Graduated Driver Licensing (GDL) restrictions, and state-specific traffic rules that every Connecticut teen driver must understand before getting on the road.', unixepoch('now')*1000
);
INSERT OR REPLACE INTO content_pack_version (id, contentPackId, version, notes, publishedAt, createdAt) VALUES (
  'cpv_ct_teen_overlay_1_0_0', 'cp_ct_teen_overlay', '1.0.0', 'Generated by per-state agent; human review required before publishing.', unixepoch('now')*1000, unixepoch('now')*1000
);
INSERT OR REPLACE INTO course (id, contentPackVersionId, slug, title, description, ordinal) VALUES (
  'course_ct_overlay', 'cpv_ct_teen_overlay_1_0_0', 'ct-overlay', 'Connecticut Teen Driver Overlay', 'A Connecticut-specific learning module covering CT DMV permit requirements, Graduated Driver Licensing (GDL) restrictions, and state-specific traffic rules that every Connecticut teen driver must understand before getting on the road.', 0
);
INSERT OR REPLACE INTO module (id, courseId, slug, title, description, ordinal) VALUES (
  'module_ct_overlay', 'course_ct_overlay', 'ct-teen-overlay', 'Connecticut Teen Driver Overlay', 'A Connecticut-specific learning module covering CT DMV permit requirements, Graduated Driver Licensing (GDL) restrictions, and state-specific traffic rules that every Connecticut teen driver must understand before getting on the road.', 0
);
INSERT OR REPLACE INTO lesson (id, moduleId, slug, title, body, estimatedSeatMinutes, ordinal) VALUES (
  'lesson_ct_getting-your-ct-learners-permit', 'module_ct_overlay', 'getting-your-ct-learners-permit', 'How to Get Your Connecticut Learner''s Permit', '# How to Get Your Connecticut Learner''s Permit

Getting your learner''s permit in Connecticut is the first major step toward driving independently. The Connecticut Department of Motor Vehicles (CT DMV) administers the process, and the rules are designed to make sure new drivers are prepared before they ever take the wheel on a public road.

## Eligibility

You must be at least **16 years old** to apply for a learner''s permit in Connecticut. If you are under 18, your parent or legal guardian must sign the application in person and provide consent. There is no younger ''junior'' permit — 16 is the earliest you can begin.

## What to Bring to the DMV

Connecticut uses a strict identity verification system. When you go to the DMV office or an authorized testing center, you will need:

- **Proof of identity** (such as a certified birth certificate or valid passport)
- **Proof of Social Security number** (Social Security card, W-2, or pay stub)
- **Two proofs of Connecticut residency** (utility bill, bank statement, school transcript, etc.)
- **Parent or legal guardian** in person if you are under 18
- **Application fee and knowledge test fee** (check ct.gov/dmv for current amounts)

Double-check the CT DMV website before your appointment — missing documents are the #1 reason teens get turned away.

## The Knowledge Test

Before you can be issued a permit, you must pass a **25-question knowledge test** based on the Connecticut Driver''s Manual. You need to answer at least 20 correct (80%) to pass. The questions cover:

- Road signs and signals
- Right-of-way rules
- Speed limits and safe following distance
- Connecticut-specific laws (cell phones, seat belts, GDL restrictions)
- Sharing the road with pedestrians, cyclists, and motorcycles

You will also take a **vision screening** at the DMV.

## The 120-Day Holding Period

Once you have your permit, Connecticut requires you to hold it for at least **120 days** if you complete driver education through a commercial driving school or secondary school program. If you do not complete formal driver ed, the holding period is **180 days**. Either way, you cannot skip the wait — the CT DMV checks the issue date of your permit against the day you apply for your license.

## Driver Education Requirements

Connecticut requires teens under 18 to complete:

- **30 hours of classroom instruction** (or the 8-hour ''Safe Driving Practices'' course if combined with a secondary school program)
- **40 hours of behind-the-wheel instruction** with a licensed instructor
- **40 hours of supervised practice driving** with a parent, guardian, or qualified adult (at least 15 of which must be at night)

## The Parent Training Requirement

Connecticut is unusual in requiring **parents and guardians** to complete a **2-hour training session** covering the GDL law before a teen can be issued a license. This session is offered at driving schools and some high schools. Plan for it early — many families forget until the last minute and end up delaying the license appointment.

## Permit Restrictions

While holding a learner''s permit, you may only drive when accompanied by a qualified instructor or, after the first 60 days, a parent/guardian or licensed adult age 20+ who has held a license for at least 4 years. Permit holders may not use any cell phone — even hands-free — while driving.

## Next Step

After the holding period, completing driver ed, logging your practice hours, and your parent finishing the training course, you can schedule the **road skills test** to earn your full license at age 16 years and 4 months or older.', 35, 0
);
INSERT OR REPLACE INTO quiz (id, lessonId, title, passingScore, shuffleQuestions) VALUES (
  'quiz_ct_getting-your-ct-learners-permit', 'lesson_ct_getting-your-ct-learners-permit', 'Connecticut Permit Process Quiz', 80, 1
);
INSERT OR REPLACE INTO quiz_question (id, quizId, prompt, choices, correctIndex, explanation, ordinal) VALUES (
  'q_ct_getting-your-ct-learners-permit_0', 'quiz_ct_getting-your-ct-learners-permit', 'What is the minimum age to apply for a learner''s permit in Connecticut?', '["14","15","16","17"]', 2, 'Connecticut requires applicants to be at least 16 years old to apply for a learner''s permit.', 0
);
INSERT OR REPLACE INTO quiz_question (id, quizId, prompt, choices, correctIndex, explanation, ordinal) VALUES (
  'q_ct_getting-your-ct-learners-permit_1', 'quiz_ct_getting-your-ct-learners-permit', 'How long must a teen hold a Connecticut learner''s permit before getting a license, if they complete formal driver education?', '["60 days","90 days","120 days","180 days"]', 2, 'With formal driver education, the holding period is 120 days. Without driver ed, it is 180 days.', 1
);
INSERT OR REPLACE INTO quiz_question (id, quizId, prompt, choices, correctIndex, explanation, ordinal) VALUES (
  'q_ct_getting-your-ct-learners-permit_2', 'quiz_ct_getting-your-ct-learners-permit', 'How many hours of behind-the-wheel instruction are required in Connecticut?', '["20 hours","30 hours","40 hours","50 hours"]', 2, 'Connecticut requires 40 hours of behind-the-wheel instruction with a licensed instructor.', 2
);
INSERT OR REPLACE INTO quiz_question (id, quizId, prompt, choices, correctIndex, explanation, ordinal) VALUES (
  'q_ct_getting-your-ct-learners-permit_3', 'quiz_ct_getting-your-ct-learners-permit', 'What unique requirement does Connecticut place on parents of teen drivers?', '["Parents must take the road test","Parents must complete a 2-hour training session on the GDL law","Parents must pay a $500 deposit","Parents must be present at every driving lesson"]', 1, 'Connecticut requires parents/guardians to complete a 2-hour GDL training session before the teen can be licensed.', 3
);
INSERT OR REPLACE INTO quiz_question (id, quizId, prompt, choices, correctIndex, explanation, ordinal) VALUES (
  'q_ct_getting-your-ct-learners-permit_4', 'quiz_ct_getting-your-ct-learners-permit', 'What score must you achieve on the Connecticut knowledge test to pass?', '["70%","75%","80%","85%"]', 2, 'You need to answer at least 20 of 25 questions correctly, which is an 80% passing score.', 4
);
INSERT OR REPLACE INTO lesson (id, moduleId, slug, title, body, estimatedSeatMinutes, ordinal) VALUES (
  'lesson_ct_ct-gdl-restrictions-daily-life', 'module_ct_overlay', 'ct-gdl-restrictions-daily-life', 'Connecticut GDL Restrictions in Daily Life', '# Connecticut GDL Restrictions in Daily Life

Getting your license is exciting, but Connecticut''s **Graduated Driver Licensing (GDL)** rules mean you don''t get all the freedoms of an adult driver right away. These rules exist because crash data consistently shows that the first year of solo driving — especially with friends in the car or late at night — is by far the most dangerous. Understanding how the GDL rules affect your everyday life will keep you safe and keep your license intact.

## The Passenger Rule

Connecticut has one of the strictest passenger restrictions in the country. For the **first 6 months** after getting your license, the **only** people allowed in your car are:

- Your parents or legal guardians
- A licensed driving instructor

That''s it. No friends. No siblings. No cousins. For the **next 6 months** (months 7 through 12), you can also drive with **immediate family members** — parents, siblings, grandparents, spouse. Still no friends. Only after a **full year** of licensed driving may you carry non-family passengers.

How this affects you:
- You cannot drive friends to school, practice, or the movies in your first year.
- You cannot give a teammate a ride home after the game.
- If you carpool, someone older has to drive — or your friend''s licensed parent.

## The Curfew

During your first year of licensure, you may not drive between **11:00 PM and 5:00 AM**. The only exceptions are:

- Driving to/from a job (with documentation)
- Driving to/from school activities
- Driving for a religious activity
- A documented medical emergency

If you stay out late at a friend''s house, you need to be home before 11 PM or arrange a different ride. Police actively enforce this restriction.

## The Cell Phone Ban

Connecticut prohibits **all** drivers under 18 from using **any** mobile electronic device while driving — including **hands-free** devices. This is stricter than the adult rule. That means:

- No talking on the phone, even with Bluetooth
- No texting
- No GPS app interactions while moving
- No music app changes while moving

Set your music and navigation before you put the car in drive. If you need to take a call, pull over safely.

## Seat Belts Are Mandatory for Everyone

When a 16- or 17-year-old is driving, **every** occupant in the vehicle must wear a seat belt — front and back seats. This is stricter than the adult rule (which only requires front-seat belts). As the driver, you are responsible.

## Penalties Are Severe

Connecticut takes GDL violations seriously. A first offense for violating curfew, passenger, or cell phone rules can result in:

- **48-hour license suspension** on the spot for some violations
- Fines starting around $125 and going much higher
- Required reinstatement fee
- Possible 30-day or longer suspension for repeat violations
- A conviction stays on your driving record

## Planning Around the Rules

The smartest teens plan their social and work lives around the GDL rules:

- Talk to your boss about scheduling shifts that end before 11 PM during your first year.
- Coordinate with friends so adult drivers handle group outings.
- Use the time to build skill in low-pressure conditions before adding distractions.

The restrictions lift automatically at the 6-month, 12-month, and 18th-birthday milestones — there''s no extra paperwork required, but you must be ready to prove you''re within the rules if pulled over.', 30, 1
);
INSERT OR REPLACE INTO quiz (id, lessonId, title, passingScore, shuffleQuestions) VALUES (
  'quiz_ct_ct-gdl-restrictions-daily-life', 'lesson_ct_ct-gdl-restrictions-daily-life', 'Connecticut GDL Restrictions Quiz', 80, 1
);
INSERT OR REPLACE INTO quiz_question (id, quizId, prompt, choices, correctIndex, explanation, ordinal) VALUES (
  'q_ct_ct-gdl-restrictions-daily-life_0', 'quiz_ct_ct-gdl-restrictions-daily-life', 'During the first 6 months of licensure in Connecticut, who may ride as a passenger with a 16- or 17-year-old driver?', '["Anyone with a valid ID","Only parents/legal guardians or a licensed driving instructor","Any licensed adult","Up to 3 friends"]', 1, 'For the first 6 months, only parents/legal guardians or a licensed driving instructor are allowed as passengers.', 0
);
INSERT OR REPLACE INTO quiz_question (id, quizId, prompt, choices, correctIndex, explanation, ordinal) VALUES (
  'q_ct_ct-gdl-restrictions-daily-life_1', 'quiz_ct_ct-gdl-restrictions-daily-life', 'What is Connecticut''s nighttime driving curfew for first-year teen drivers?', '["10:00 PM to 4:00 AM","11:00 PM to 5:00 AM","Midnight to 6:00 AM","9:00 PM to 6:00 AM"]', 1, 'Connecticut prohibits driving between 11:00 PM and 5:00 AM during the first year, with limited exceptions for work, school, religious activities, and medical needs.', 1
);
INSERT OR REPLACE INTO quiz_question (id, quizId, prompt, choices, correctIndex, explanation, ordinal) VALUES (
  'q_ct_ct-gdl-restrictions-daily-life_2', 'quiz_ct_ct-gdl-restrictions-daily-life', 'Can a 17-year-old Connecticut driver use a hands-free Bluetooth headset to make a call while driving?', '["Yes, hands-free is always legal","Yes, but only on highways","No, all mobile device use is banned for drivers under 18","Only if the call is under 5 minutes"]', 2, 'Connecticut bans all mobile electronic device use — including hands-free — for drivers under 18.', 2
);
INSERT OR REPLACE INTO quiz_question (id, quizId, prompt, choices, correctIndex, explanation, ordinal) VALUES (
  'q_ct_ct-gdl-restrictions-daily-life_3', 'quiz_ct_ct-gdl-restrictions-daily-life', 'When can a Connecticut teen driver carry non-family-member passengers (like friends)?', '["After 6 months of licensure","After 1 year of licensure","After turning 17","Immediately upon licensing"]', 1, 'Non-family passengers are not allowed for the full first year of licensure in Connecticut.', 3
);
INSERT OR REPLACE INTO quiz_question (id, quizId, prompt, choices, correctIndex, explanation, ordinal) VALUES (
  'q_ct_ct-gdl-restrictions-daily-life_4', 'quiz_ct_ct-gdl-restrictions-daily-life', 'What seat belt rule applies when a 16- or 17-year-old is the driver in Connecticut?', '["Only the driver must wear a belt","Only front-seat occupants must wear belts","All occupants — front and back — must wear seat belts","Seat belts are recommended but not required"]', 2, 'When a 16- or 17-year-old is driving, every occupant in the vehicle must wear a seat belt, regardless of seat position.', 4
);
INSERT OR REPLACE INTO lesson (id, moduleId, slug, title, body, estimatedSeatMinutes, ordinal) VALUES (
  'lesson_ct_ct-specific-driving-rules-and-quirks', 'module_ct_overlay', 'ct-specific-driving-rules-and-quirks', 'Connecticut-Specific Rules and Driving Quirks', '# Connecticut-Specific Rules and Driving Quirks

Connecticut may be a small state, but it has some unique road rules, road designs, and driving customs that can trip up new drivers. Knowing them ahead of time will help you avoid tickets, accidents, and the awkward moment of being honked at by every car around you.

## Move Over Law

Connecticut''s **Move Over Law** requires drivers to slow down and, when safe, move to a non-adjacent lane when approaching:

- Emergency vehicles (police, fire, ambulance) with flashing lights
- Tow trucks with flashing lights
- Highway maintenance and construction vehicles with flashing amber lights

Violating the Move Over Law carries significant fines and can lead to your license being suspended. On a 2-lane highway where you can''t change lanes, you must slow down to a reasonable speed below the posted limit.

## Right Turn on Red

Right turns on red are **allowed** in Connecticut after a complete stop — **unless a sign prohibits it**. Many Connecticut intersections, especially in cities like Hartford, New Haven, Stamford, and Bridgeport, post ''No Turn on Red'' signs. Always look up and check the sign before turning.

## Roundabouts and Rotaries

Connecticut has a growing number of **modern roundabouts** (smaller, single-lane) and older **rotaries** (larger, often multi-lane). The rules:

- **Yield to traffic already in the circle.**
- Signal your exit (right turn signal) as you approach the lane you''ll leave from.
- In a multi-lane rotary, choose your lane based on which exit you''ll take — the inner lane is generally for going more than halfway around.

The rotaries in places like Norwich and on Route 9 can be intimidating; practice with a parent before you tackle one solo.

## Headlights with Wipers

Connecticut law requires you to turn on your **headlights any time your windshield wipers are in continuous use** because of weather. Daytime running lights do not count — you need actual headlights on. This applies in rain, snow, fog, and sleet.

## School Buses

When a school bus is stopped with **flashing red lights** and the stop sign extended:

- All traffic in **both directions** must stop on undivided roads.
- On a divided highway with a physical median, only traffic in the **same direction** as the bus must stop.
- Stay stopped until the lights stop flashing.

Violating this carries a fine of around $450 for a first offense and is considered a moving violation that affects your record and insurance.

## Toll Roads (or Lack Thereof)

Connecticut **does not currently have tolls** on its highways, but neighboring New York and Massachusetts do. If you cross state lines on I-95, I-91, or the Merritt Parkway extension, be ready for tolls. Many bridges in the NYC area are cashless and bill by license plate.

## The Merritt Parkway

The Merritt Parkway (Route 15) is a Connecticut treasure and a quirk you should know:

- **No commercial vehicles allowed** (no trucks, no trailers).
- Speed limit is generally **55 mph**.
- The on-ramps and off-ramps are **very short** by modern standards — be ready to merge fast.
- Stone bridges and tight curves require attention; do not drive it for the first time at night.

## Snow and Ice

Connecticut winters bring real snow. Two rules to remember:

- **Clear all snow and ice from your vehicle** before driving — including the roof. Flying snow/ice that hits another car is illegal under the ''Ice Missile Law'' and carries fines up to $1,250.
- Studded tires are allowed only between **November 15 and April 30**.

## Drive Friendly

Finally, a cultural quirk: Connecticut drivers are notorious for **not zipper-merging** and for following close. Defensive driving is essential. Leave extra following distance, signal clearly, and don''t expect others to make room for you in heavy traffic on I-95 or I-84.', 30, 2
);
INSERT OR REPLACE INTO quiz (id, lessonId, title, passingScore, shuffleQuestions) VALUES (
  'quiz_ct_ct-specific-driving-rules-and-quirks', 'lesson_ct_ct-specific-driving-rules-and-quirks', 'Connecticut Driving Rules & Quirks Quiz', 80, 1
);
INSERT OR REPLACE INTO quiz_question (id, quizId, prompt, choices, correctIndex, explanation, ordinal) VALUES (
  'q_ct_ct-specific-driving-rules-and-quirks_0', 'quiz_ct_ct-specific-driving-rules-and-quirks', 'Under Connecticut''s ''Ice Missile Law,'' what must you do before driving after a snowstorm?', '["Wait 24 hours after the storm","Clear all snow and ice from the vehicle including the roof","Use only studded tires","Drive only during daylight"]', 1, 'Connecticut requires drivers to clear snow and ice from the entire vehicle — including the roof — to prevent it from flying off and hitting other cars.', 0
);
INSERT OR REPLACE INTO quiz_question (id, quizId, prompt, choices, correctIndex, explanation, ordinal) VALUES (
  'q_ct_ct-specific-driving-rules-and-quirks_1', 'quiz_ct_ct-specific-driving-rules-and-quirks', 'When are you required to turn on your headlights in Connecticut?', '["Only after sunset","Only on highways","Any time your windshield wipers are in continuous use due to weather","Only in fog"]', 2, 'Connecticut law requires headlights whenever wipers are in continuous use because of weather conditions.', 1
);
INSERT OR REPLACE INTO quiz_question (id, quizId, prompt, choices, correctIndex, explanation, ordinal) VALUES (
  'q_ct_ct-specific-driving-rules-and-quirks_2', 'quiz_ct_ct-specific-driving-rules-and-quirks', 'Which vehicles are NOT allowed on the Merritt Parkway (Route 15)?', '["Motorcycles","Commercial trucks and trailers","Hybrid vehicles","Vehicles with out-of-state plates"]', 1, 'The Merritt Parkway prohibits commercial vehicles, including trucks and any vehicles pulling trailers.', 2
);
INSERT OR REPLACE INTO quiz_question (id, quizId, prompt, choices, correctIndex, explanation, ordinal) VALUES (
  'q_ct_ct-specific-driving-rules-and-quirks_3', 'quiz_ct_ct-specific-driving-rules-and-quirks', 'On an undivided two-way road, what must you do when a school bus stops with flashing red lights and an extended stop sign?', '["Slow to 20 mph and proceed with caution","Only oncoming traffic must stop","All traffic in both directions must stop","Honk to alert the bus driver"]', 2, 'On undivided roads, all traffic in both directions must stop when a school bus is loading or unloading with red lights flashing.', 3
);
INSERT OR REPLACE INTO quiz_question (id, quizId, prompt, choices, correctIndex, explanation, ordinal) VALUES (
  'q_ct_ct-specific-driving-rules-and-quirks_4', 'quiz_ct_ct-specific-driving-rules-and-quirks', 'Who has the right of way at a Connecticut roundabout or rotary?', '["Vehicles entering the circle","Vehicles already in the circle","The larger vehicle","Whoever signals first"]', 1, 'Traffic already in the circle has the right of way; entering vehicles must yield.', 4
);

-- District of Columbia (DC)
INSERT OR REPLACE INTO rule_pack (id, jurisdiction, slug, name, maturity, createdAt) VALUES (
  'rp_dc_teen', 'US-DC', 'dc-teen', 'District of Columbia Teen Driver Education', 'level1', unixepoch('now')*1000
);
INSERT OR REPLACE INTO rule_pack_version (id, rulePackId, version, definition, publishedAt, notes, createdAt) VALUES (
  'rpv_dc_teen_1_0_0', 'rp_dc_teen', '1.0.0', '{"credentials":[{"key":"permit_eligibility","label":"Learner Permit","deliveryMode":"manual"}],"requirements":[{"key":"classroom_hours","label":"Classroom hours","target":0,"unit":"hour"},{"key":"btw_hours","label":"Behind-the-wheel hours","target":0,"unit":"hour"},{"key":"supervised_practice_hours","label":"Supervised practice (parent log)","target":40,"unit":"hour"}],"rules":[{"key":"unlock_permit_eligibility","trigger":"enrollment.state_changed","conditions":{"jurisdiction":"US-DC","minPermitAge":16,"classroomHoursCompleted":{"gte":0}},"actions":[{"type":"unlock_credential","credential":"permit_eligibility"},{"type":"set_journey_state","value":"permit_eligible"}]}],"facts":{"agencyName":"District of Columbia Department of Motor Vehicles (DC DMV)","minPermitAge":16,"minLicenseAge":17,"minPermitDurationMonths":6,"nighttimeRestriction":"Provisional license holders may not drive between 11:00 PM and 6:00 AM Sunday through Thursday, and between 12:01 AM and 6:00 AM on Friday and Saturday (with limited exceptions for work, school, or medical purposes).","passengerRestriction":"During the first 6 months of a provisional license, no passengers under 21 (other than immediate family). During the next 6 months, no more than two passengers under 21.","cellPhoneRule":"DC prohibits all drivers from using a hand-held cell phone or any handheld communication device while driving. For drivers under 18, all cell phone use (including hands-free) is prohibited. Texting is banned for all drivers.","notes":"DC does not statutorily mandate a specific number of classroom hours or behind-the-wheel instructor hours for teen licensing, but it does require 40 hours of supervised practice (including at least 10 hours at night) logged before a provisional license can be issued. Applicants under 18 must have parental consent and proof of school enrollment or graduation. DC uses a three-tier graduated licensing system: Learner Permit, Provisional License, and Full License (issued at age 18 with clean driving record).","needsReview":["Exact statutory citation for nighttime curfew hours and weekend variation","Whether DC formally accepts driver education completion certificates from private schools to waive any requirements","Current fee schedule for learner permit and provisional license","Whether the 10 nighttime supervised practice hours are codified or guidance","Exact rules around out-of-state permit transfers for new DC residents under 18"]}}', unixepoch('now')*1000, 'Generated; school must review and tweak.', unixepoch('now')*1000
);
INSERT OR REPLACE INTO content_pack (id, slug, name, scope, jurisdiction, description, createdAt) VALUES (
  'cp_dc_teen_overlay', 'dc-teen-overlay', 'District of Columbia Teen Overlay', 'state', 'US-DC', 'DC-specific lessons covering the learner permit process at the DC DMV, the graduated driver licensing restrictions that apply daily to provisional drivers in the District, and the unique rules of driving in a dense urban federal city.', unixepoch('now')*1000
);
INSERT OR REPLACE INTO content_pack_version (id, contentPackId, version, notes, publishedAt, createdAt) VALUES (
  'cpv_dc_teen_overlay_1_0_0', 'cp_dc_teen_overlay', '1.0.0', 'Generated by per-state agent; human review required before publishing.', unixepoch('now')*1000, unixepoch('now')*1000
);
INSERT OR REPLACE INTO course (id, contentPackVersionId, slug, title, description, ordinal) VALUES (
  'course_dc_overlay', 'cpv_dc_teen_overlay_1_0_0', 'dc-overlay', 'District of Columbia Teen Driver Overlay', 'DC-specific lessons covering the learner permit process at the DC DMV, the graduated driver licensing restrictions that apply daily to provisional drivers in the District, and the unique rules of driving in a dense urban federal city.', 0
);
INSERT OR REPLACE INTO module (id, courseId, slug, title, description, ordinal) VALUES (
  'module_dc_overlay', 'course_dc_overlay', 'dc-teen-overlay', 'District of Columbia Teen Driver Overlay', 'DC-specific lessons covering the learner permit process at the DC DMV, the graduated driver licensing restrictions that apply daily to provisional drivers in the District, and the unique rules of driving in a dense urban federal city.', 0
);
INSERT OR REPLACE INTO lesson (id, moduleId, slug, title, body, estimatedSeatMinutes, ordinal) VALUES (
  'lesson_dc_getting-your-dc-learner-permit', 'module_dc_overlay', 'getting-your-dc-learner-permit', 'How to Get Your Learner Permit in the District of Columbia', '## Overview

In the District of Columbia, the learner permit is the first step in a three-stage graduated driver licensing (GDL) system administered by the **DC Department of Motor Vehicles (DC DMV)**. You must be at least **16 years old** to apply, and the permit you receive is what allows you to begin practicing on public roads with a qualified supervising driver.

## Eligibility Requirements

To qualify for a DC learner permit you must:

- Be at least **16 years of age** on the day of application.
- Have **parental or guardian consent** if you are under 18 (a parent or legal guardian must appear in person at the DMV to sign the application).
- Provide proof of **school enrollment, graduation, or a GED**. DC ties teen licensing to school attendance, and your school must verify good standing.
- Provide acceptable proof of **identity, Social Security number, and DC residency** under the District''s standard REAL ID document checklist.

## The Application Visit

DC requires teens to apply in person at a DC DMV service center (Georgetown, Southwest, Southeast, or Benning Ridge typically). Bring every required document the first time — the DMV will not accept photocopies for ID, Social Security, or residency proofs. Plan for an extended visit, because all of the following happen during the same trip:

1. **Document review** by a DMV clerk.
2. **Vision screening** (you can use corrective lenses; a restriction will be added to your permit if needed).
3. **Knowledge test** — a written/computer-based exam covering DC traffic laws, road signs, and safe driving practices, drawn from the DC DMV Driver Manual.
4. **Permit fee payment** and photo capture.

If you pass the knowledge test, the DMV issues your learner permit the same day.

## Studying for the Knowledge Test

The official **DC DMV Driver Manual** is the single best study resource. Focus on:

- DC''s GDL restrictions for permit and provisional drivers.
- Right-of-way rules at intersections, including traffic circles (DC has many).
- The District''s strict **hand-held device ban** and the total ban on cell phone use for drivers under 18.
- DC''s pedestrian and cyclist right-of-way rules, which are stricter than in most states.
- Parking signage, which is dense and tightly enforced in DC.

## Practicing Safely During the Permit Stage

Once you have your learner permit, you must:

- Be supervised at all times by a licensed driver **age 21 or older** in the front passenger seat.
- Log at least **40 hours of supervised practice**, with at least **10 hours at night**, before you can move to a provisional license.
- Hold the permit for a minimum of **6 months** without any moving violations or at-fault crashes. A violation can reset that clock.

Keep a written or app-based practice log signed by your supervising adult. The DMV may ask to see it when you apply for your provisional license.

## Next Step: The Provisional License

At age **16 years and 6 months**, after meeting the practice and clean-record requirements, you may return to the DMV to take the road skills test in your own (or your driving school''s) properly insured vehicle. Passing earns you a **provisional license** with the GDL restrictions covered in the next lesson.', 35, 0
);
INSERT OR REPLACE INTO quiz (id, lessonId, title, passingScore, shuffleQuestions) VALUES (
  'quiz_dc_getting-your-dc-learner-permit', 'lesson_dc_getting-your-dc-learner-permit', 'DC Learner Permit Knowledge Check', 80, 1
);
INSERT OR REPLACE INTO quiz_question (id, quizId, prompt, choices, correctIndex, explanation, ordinal) VALUES (
  'q_dc_getting-your-dc-learner-permit_0', 'quiz_dc_getting-your-dc-learner-permit', 'What is the minimum age to apply for a learner permit in the District of Columbia?', '["14","15","16","17"]', 2, 'DC requires applicants to be at least 16 years old to apply for a learner permit.', 0
);
INSERT OR REPLACE INTO quiz_question (id, quizId, prompt, choices, correctIndex, explanation, ordinal) VALUES (
  'q_dc_getting-your-dc-learner-permit_1', 'quiz_dc_getting-your-dc-learner-permit', 'How many hours of supervised practice driving must a DC permit holder complete before applying for a provisional license?', '["20 hours","30 hours","40 hours","50 hours"]', 2, 'DC requires 40 hours of supervised practice, including at least 10 hours of nighttime driving.', 1
);
INSERT OR REPLACE INTO quiz_question (id, quizId, prompt, choices, correctIndex, explanation, ordinal) VALUES (
  'q_dc_getting-your-dc-learner-permit_2', 'quiz_dc_getting-your-dc-learner-permit', 'Who must accompany a DC learner permit holder while driving?', '["Any licensed driver age 18 or older","A licensed driver age 21 or older in the front passenger seat","A parent only","A certified driving instructor only"]', 1, 'The supervising driver must be at least 21 years old and seated in the front passenger seat.', 2
);
INSERT OR REPLACE INTO quiz_question (id, quizId, prompt, choices, correctIndex, explanation, ordinal) VALUES (
  'q_dc_getting-your-dc-learner-permit_3', 'quiz_dc_getting-your-dc-learner-permit', 'What is the minimum length of time a teen must hold a DC learner permit before moving to a provisional license?', '["3 months","6 months","9 months","12 months"]', 1, 'DC requires the learner permit to be held for at least 6 months without moving violations or at-fault crashes.', 3
);
INSERT OR REPLACE INTO quiz_question (id, quizId, prompt, choices, correctIndex, explanation, ordinal) VALUES (
  'q_dc_getting-your-dc-learner-permit_4', 'quiz_dc_getting-your-dc-learner-permit', 'Which document is the primary study source for the DC DMV knowledge test?', '["The federal Highway Code","The DC DMV Driver Manual","The Maryland MVA handbook","The AAA Driver Education Workbook"]', 1, 'The DC DMV Driver Manual contains all the laws, signs, and procedures tested on the knowledge exam.', 4
);
INSERT OR REPLACE INTO lesson (id, moduleId, slug, title, body, estimatedSeatMinutes, ordinal) VALUES (
  'lesson_dc_dc-gdl-restrictions-daily-life', 'module_dc_overlay', 'dc-gdl-restrictions-daily-life', 'Living with DC''s Graduated License Restrictions', '## Why GDL Restrictions Exist

New drivers, regardless of age, crash at far higher rates during their first year behind the wheel. DC''s **graduated driver licensing (GDL)** program limits when and with whom a young driver can be on the road during the months when risk is highest. Treat these as personal habits, not legal hoops — they are how you stay alive and keep your license.

## The DC Provisional License

Once you earn your provisional license (typically at 16 years 6 months), three categories of restrictions apply until you graduate to a full license.

### 1. Nighttime Driving Curfew

Provisional drivers in DC may not drive during late-night hours:

- **Sunday through Thursday:** no driving between **11:00 PM and 6:00 AM**.
- **Friday and Saturday:** no driving between **12:01 AM and 6:00 AM**.

Limited exceptions exist for driving to or from **work, school activities, or a documented medical emergency**, but you should be prepared to prove the purpose if stopped. "I was just heading home from a friend''s" is not an exception.

### 2. Passenger Limits

- **First 6 months of provisional licensing:** you may not carry any passenger under age 21 other than immediate family members (parents, siblings, your own child).
- **Months 7 through 12:** you may carry no more than **two passengers under 21** at a time.
- After 12 months of clean provisional driving, passenger limits ease.

The reason is data-driven: every additional teen passenger roughly doubles a young driver''s crash risk.

### 3. Cell Phone and Device Ban

DC''s distracted driving law is one of the strictest in the country, and it is especially strict for minors:

- **All drivers under 18:** no cell phone use at all while driving — **including hands-free**. Bluetooth, speakerphone, and earbuds are all prohibited.
- **Texting:** banned for every driver in DC, regardless of age.
- **Hand-held devices:** banned for every driver in DC.

Pull over and park legally before answering a call or touching your phone.

## Practical Daily Habits

- **Set up navigation before you put the car in drive.** Once you''re moving, your phone must be untouched.
- **Plan rides home that beat the curfew.** Working a Friday night shift that ends at 11:45 PM is allowed under the work exception, but a movie that ends at midnight is not.
- **Be honest with friends about the passenger rule.** A police stop with three under-21 passengers can cost you your license and your auto insurance rate for years.
- **Carry proof of any exception.** A work schedule, a school activity letter, or a medical appointment confirmation in the glove box solves a lot of late-night curfew questions.

## Consequences of Violations

A moving violation or at-fault crash during the provisional period can:

- **Extend** the time you must hold the provisional license.
- **Suspend** the provisional license entirely.
- **Reset** the clean-record clock for upgrading to a full license.
- Trigger an insurance premium increase that can follow you for three to five years.

## Graduating to a Full License

At age **18**, with a clean driving record during the provisional period, you may apply for a full unrestricted DC driver license. There is no additional road test required if your provisional license has been valid and in good standing.', 30, 1
);
INSERT OR REPLACE INTO quiz (id, lessonId, title, passingScore, shuffleQuestions) VALUES (
  'quiz_dc_dc-gdl-restrictions-daily-life', 'lesson_dc_dc-gdl-restrictions-daily-life', 'DC GDL Daily Life Check', 80, 1
);
INSERT OR REPLACE INTO quiz_question (id, quizId, prompt, choices, correctIndex, explanation, ordinal) VALUES (
  'q_dc_dc-gdl-restrictions-daily-life_0', 'quiz_dc_dc-gdl-restrictions-daily-life', 'On a Wednesday night, what is the latest a DC provisional license holder may legally be driving (absent a qualifying exception)?', '["9:00 PM","10:00 PM","11:00 PM","Midnight"]', 2, 'Sunday through Thursday the provisional curfew begins at 11:00 PM in DC.', 0
);
INSERT OR REPLACE INTO quiz_question (id, quizId, prompt, choices, correctIndex, explanation, ordinal) VALUES (
  'q_dc_dc-gdl-restrictions-daily-life_1', 'quiz_dc_dc-gdl-restrictions-daily-life', 'During the first 6 months of a DC provisional license, which passenger arrangement is permitted?', '["Two friends from school, both 16","One 19-year-old coworker","A 14-year-old sibling","Three 20-year-old teammates"]', 2, 'Immediate family members are allowed; non-family passengers under 21 are not during the first 6 months.', 1
);
INSERT OR REPLACE INTO quiz_question (id, quizId, prompt, choices, correctIndex, explanation, ordinal) VALUES (
  'q_dc_dc-gdl-restrictions-daily-life_2', 'quiz_dc_dc-gdl-restrictions-daily-life', 'Which cell phone use is legal for a 17-year-old DC provisional driver while driving?', '["Hands-free Bluetooth call","Speakerphone call held in the cupholder","Texting at a red light","None of the above"]', 3, 'Drivers under 18 in DC may not use a cell phone at all while driving, including hands-free.', 2
);
INSERT OR REPLACE INTO quiz_question (id, quizId, prompt, choices, correctIndex, explanation, ordinal) VALUES (
  'q_dc_dc-gdl-restrictions-daily-life_3', 'quiz_dc_dc-gdl-restrictions-daily-life', 'What can happen if a provisional driver gets a moving violation during the restricted period?', '["Nothing, violations don''t matter until you''re 18","The clean-record clock for full licensure can reset","The driver is immediately required to retake driver''s ed","The driver loses the license permanently"]', 1, 'A violation can extend or suspend the provisional license and reset the clean-record requirement for upgrading.', 3
);
INSERT OR REPLACE INTO quiz_question (id, quizId, prompt, choices, correctIndex, explanation, ordinal) VALUES (
  'q_dc_dc-gdl-restrictions-daily-life_4', 'quiz_dc_dc-gdl-restrictions-daily-life', 'At what age may a DC driver with a clean provisional record obtain a full unrestricted driver license?', '["16","17","18","21"]', 2, 'DC issues a full unrestricted license at age 18 to drivers with a clean provisional record.', 4
);
INSERT OR REPLACE INTO lesson (id, moduleId, slug, title, body, estimatedSeatMinutes, ordinal) VALUES (
  'lesson_dc_driving-in-the-district-quirks', 'module_dc_overlay', 'driving-in-the-district-quirks', 'Driving in the District: DC-Specific Rules and Quirks', '## A Dense, Federal, Pedestrian-First City

Driving in DC is unlike driving in most US jurisdictions. The District is small, dense, full of pedestrians and cyclists, packed with federal motorcades and protests, and built around a wheel-and-spoke street grid that includes more than 60 traffic circles. New drivers should plan to think like a pedestrian first and a motorist second.

## Traffic Circles (Roundabouts)

DC has many traffic circles — Dupont, Logan, Thomas, Washington, and Stanton among them. Rules:

- **Traffic already in the circle has the right of way.** Yield before entering.
- **Signal your exit**, not your entrance.
- The largest circles (like Dupont) have **through lanes** that pass under or around the circle. Read the lane markings carefully and choose the right lane well before you arrive.

## Pedestrian Right of Way

DC law gives pedestrians extraordinary protection:

- Drivers must **stop** — not just yield — for pedestrians in any marked or unmarked crosswalk.
- At intersections without signals, pedestrians always have the right of way.
- Turning right on red is legal in DC unless a sign prohibits it, but you must come to a complete stop and yield to pedestrians and cyclists in the crosswalk.

Failing to yield to a pedestrian in a crosswalk is one of the most heavily enforced violations in the District.

## Bus and Bike Lanes

- **Dedicated bus lanes** (red-painted in many corridors) are off-limits to private vehicles during posted hours. Cameras enforce this automatically.
- **Protected bike lanes** are everywhere in the District. Never drive, stop, or park in one — even briefly.
- When turning across a bike lane, **yield to cyclists going straight**, just as you would yield to a car in the next lane.

## Automated Enforcement

DC relies heavily on automated cameras:

- **Red-light cameras** at hundreds of intersections.
- **Speed cameras** on residential streets, school zones, and major arteries — many with very low posted limits (20–25 mph).
- **Stop-sign cameras** in some neighborhoods.
- **Bus-lane and crosswalk-blocking cameras**.

Tickets arrive in the mail and are tied to the registered vehicle owner — often your parent. Treat every posted speed limit as if a camera is watching, because it probably is.

## Motorcades, Protests, and Street Closures

DC routinely closes streets with little warning for presidential motorcades, foreign dignitaries, marches, and demonstrations. If a Metropolitan Police, Secret Service, or Capitol Police officer is directing traffic, **their instructions override** signals and signs. Stay calm, follow directions, and never try to squeeze through a closed intersection.

## Parking — A Discipline of Its Own

DC parking signage is famously dense, with multiple signs stacked on a single pole covering rush-hour restrictions, residential permit zones (RPP), street cleaning, and meter hours. Read **every** sign on the pole, from top to bottom, before leaving the car. When in doubt, drive another block.

## Snow Emergencies

When the Mayor declares a **Snow Emergency**, vehicles parked on designated Snow Emergency Routes (marked with red-and-white signs) must be moved or they will be ticketed and towed. Watch local alerts in winter.

## Reciprocity and Out-of-State Plates

Maryland and Virginia commuters fill DC streets. As a new DC driver you''ll share the road with drivers operating under three different sets of state rules. Drive defensively — assume the car next to you may not know DC''s pedestrian and bike-lane laws.', 30, 2
);
INSERT OR REPLACE INTO quiz (id, lessonId, title, passingScore, shuffleQuestions) VALUES (
  'quiz_dc_driving-in-the-district-quirks', 'lesson_dc_driving-in-the-district-quirks', 'Driving in the District Check', 80, 1
);
INSERT OR REPLACE INTO quiz_question (id, quizId, prompt, choices, correctIndex, explanation, ordinal) VALUES (
  'q_dc_driving-in-the-district-quirks_0', 'quiz_dc_driving-in-the-district-quirks', 'When entering a DC traffic circle, who has the right of way?', '["The driver entering the circle","Traffic already in the circle","The larger vehicle","Whoever signals first"]', 1, 'Traffic already circulating in the circle has the right of way; entering drivers must yield.', 0
);
INSERT OR REPLACE INTO quiz_question (id, quizId, prompt, choices, correctIndex, explanation, ordinal) VALUES (
  'q_dc_driving-in-the-district-quirks_1', 'quiz_dc_driving-in-the-district-quirks', 'What must a DC driver do when a pedestrian is in a marked crosswalk?', '["Slow down and proceed if safe","Honk to alert the pedestrian","Come to a complete stop and yield","Drive around if the lane is clear"]', 2, 'DC law requires drivers to stop — not merely yield — for pedestrians in any crosswalk.', 1
);
INSERT OR REPLACE INTO quiz_question (id, quizId, prompt, choices, correctIndex, explanation, ordinal) VALUES (
  'q_dc_driving-in-the-district-quirks_2', 'quiz_dc_driving-in-the-district-quirks', 'A red-painted lane on a DC street most likely indicates:', '["A fire lane","A dedicated bus lane","A construction zone","A bicycle-only lane"]', 1, 'DC marks dedicated bus lanes with red paint, and private vehicles are prohibited from using them during posted hours.', 2
);
INSERT OR REPLACE INTO quiz_question (id, quizId, prompt, choices, correctIndex, explanation, ordinal) VALUES (
  'q_dc_driving-in-the-district-quirks_3', 'quiz_dc_driving-in-the-district-quirks', 'If a police officer at an intersection is directing you to proceed through a red light during a motorcade closure, you should:', '["Obey the traffic signal and remain stopped","Follow the officer''s directions","Call 311 for clarification","Wait for the signal to change to green"]', 1, 'An officer directing traffic overrides signals and signs — always follow the officer''s instructions.', 3
);
INSERT OR REPLACE INTO quiz_question (id, quizId, prompt, choices, correctIndex, explanation, ordinal) VALUES (
  'q_dc_driving-in-the-district-quirks_4', 'quiz_dc_driving-in-the-district-quirks', 'Why is it especially important for new DC drivers to read every parking sign on a pole?', '["Signs are only enforced on weekdays","Multiple stacked restrictions (rush hour, RPP, street cleaning, meters) can all apply to the same spot","Parking is free if any sign is unclear","Only the top sign on the pole is legally binding"]', 1, 'DC parking poles routinely stack several different restrictions, and missing one can mean a ticket or a tow.', 4
);

-- Delaware (DE)
INSERT OR REPLACE INTO rule_pack (id, jurisdiction, slug, name, maturity, createdAt) VALUES (
  'rp_de_teen', 'US-DE', 'de-teen', 'Delaware Teen Driver Education', 'level1', unixepoch('now')*1000
);
INSERT OR REPLACE INTO rule_pack_version (id, rulePackId, version, definition, publishedAt, notes, createdAt) VALUES (
  'rpv_de_teen_1_0_0', 'rp_de_teen', '1.0.0', '{"credentials":[{"key":"permit_eligibility","label":"Level 1 Learner''s Permit","deliveryMode":"manual"}],"requirements":[{"key":"classroom_hours","label":"Classroom hours","target":30,"unit":"hour"},{"key":"btw_hours","label":"Behind-the-wheel hours","target":7,"unit":"hour"},{"key":"supervised_practice_hours","label":"Supervised practice (parent log)","target":50,"unit":"hour"}],"rules":[{"key":"unlock_permit_eligibility","trigger":"enrollment.state_changed","conditions":{"jurisdiction":"US-DE","minPermitAge":16,"classroomHoursCompleted":{"gte":30}},"actions":[{"type":"unlock_credential","credential":"permit_eligibility"},{"type":"set_journey_state","value":"permit_eligible"}]}],"facts":{"agencyName":"Delaware Division of Motor Vehicles (DMV)","minPermitAge":16,"minLicenseAge":17,"minPermitDurationMonths":12,"nighttimeRestriction":"No driving between 10:00 PM and 6:00 AM during the first 6 months of Level 1 permit, and continuing restrictions during Level 2 (intermediate) phase.","passengerRestriction":"Only one non-family passenger permitted in addition to a licensed adult 25 or older while holding a Level 1 permit; passenger limits continue into the intermediate license phase.","cellPhoneRule":"All drivers under 18 are prohibited from using any handheld OR hands-free cell phone or wireless communication device while driving. Statewide, all drivers are banned from handheld device use; texting while driving is illegal for everyone.","notes":"Delaware operates a two-tier Graduated Driver License (GDL) program. Teens enter Level 1 (Learner''s Permit) at age 16 after completing an approved Delaware Driver Education course (offered through public high schools and approved private providers). After holding the Level 1 permit for at least 6 months conviction-free and 12 months total, plus completing 50 hours of supervised practice (10 of which must be at night), teens advance to a Level 2 (Intermediate) license. Full unrestricted licensure occurs at age 17. The state-approved driver education course is 30 hours of classroom plus 7 hours behind-the-wheel and is typically completed in 10th grade through DOE-approved programs.","needsReview":["Exact current fee schedule for Class D license and permit issuance","Whether private driver education providers are licensed by DelDOT, DOE, or DMV (course approval pathway)","Precise nighttime exemptions for work, school, or religious activities under Level 1 vs Level 2","Current rules around out-of-state driver education reciprocity for new Delaware residents under 18","Whether Delaware accepts electronic submission of driver education completion certificates or still requires paper Blue/Orange forms"]}}', unixepoch('now')*1000, 'Generated; school must review and tweak.', unixepoch('now')*1000
);
INSERT OR REPLACE INTO content_pack (id, slug, name, scope, jurisdiction, description, createdAt) VALUES (
  'cp_de_teen_overlay', 'de-teen-overlay', 'Delaware Teen Overlay', 'state', 'US-DE', 'Delaware-specific module covering the two-level GDL program, how to earn a Level 1 Learner''s Permit through the state''s 30/7 driver education course, daily-life restrictions during the permit and intermediate phases, and Delaware quirks like the under-18 hands-free ban and coastal-highway considerations.', unixepoch('now')*1000
);
INSERT OR REPLACE INTO content_pack_version (id, contentPackId, version, notes, publishedAt, createdAt) VALUES (
  'cpv_de_teen_overlay_1_0_0', 'cp_de_teen_overlay', '1.0.0', 'Generated by per-state agent; human review required before publishing.', unixepoch('now')*1000, unixepoch('now')*1000
);
INSERT OR REPLACE INTO course (id, contentPackVersionId, slug, title, description, ordinal) VALUES (
  'course_de_overlay', 'cpv_de_teen_overlay_1_0_0', 'de-overlay', 'Delaware Teen Driver Overlay', 'Delaware-specific module covering the two-level GDL program, how to earn a Level 1 Learner''s Permit through the state''s 30/7 driver education course, daily-life restrictions during the permit and intermediate phases, and Delaware quirks like the under-18 hands-free ban and coastal-highway considerations.', 0
);
INSERT OR REPLACE INTO module (id, courseId, slug, title, description, ordinal) VALUES (
  'module_de_overlay', 'course_de_overlay', 'de-teen-overlay', 'Delaware Teen Driver Overlay', 'Delaware-specific module covering the two-level GDL program, how to earn a Level 1 Learner''s Permit through the state''s 30/7 driver education course, daily-life restrictions during the permit and intermediate phases, and Delaware quirks like the under-18 hands-free ban and coastal-highway considerations.', 0
);
INSERT OR REPLACE INTO lesson (id, moduleId, slug, title, body, estimatedSeatMinutes, ordinal) VALUES (
  'lesson_de_how-to-get-a-delaware-permit', 'module_de_overlay', 'how-to-get-a-delaware-permit', 'How to Get Your Delaware Level 1 Learner''s Permit', '# How to Get Your Delaware Level 1 Learner''s Permit

Delaware uses a two-tier **Graduated Driver License (GDL)** program administered by the **Delaware Division of Motor Vehicles (DMV)**. Your first credential is the **Level 1 Learner''s Permit**, and earning it is mostly about completing the state-approved driver education course and then walking into a DMV lane with the right paperwork.

## Step 1: Turn 16 (and enroll in driver ed first)

In Delaware you can apply for a Level 1 Permit at **age 16**, but the practical sequence is:

1. Enroll in an **approved Delaware driver education course** — typically offered free through your public high school in 10th grade, or through a DOE-approved private provider if you are home-schooled, in a private school that does not offer it, or otherwise need an alternate path.
2. Complete the required **30 hours of classroom instruction** and **7 hours of behind-the-wheel (BTW)** training with a certified instructor.
3. Receive your signed completion paperwork from the school. Historically Delaware uses a colored certificate (sometimes called the "blue card" or course completion card) that you bring to the DMV.

You cannot simply walk in at 16 and take a knowledge test without the course — completion of approved driver education is a **prerequisite** for the Level 1 Permit for teens under 18.

## Step 2: Gather your documents

Delaware requires federally-compliant identification. Plan to bring:

- **Proof of identity** (certified birth certificate or valid U.S. passport)
- **Proof of Social Security number** (SSN card, W-2, or pay stub showing full SSN)
- **Two proofs of Delaware residency** (utility bill, lease, bank statement). If you are under 18 you can use a parent''s documents along with your school record.
- **Driver education completion certificate** from your approved course
- **Parent or legal guardian signature** on the application — a parent must accompany you to the DMV to sign for financial responsibility
- **Payment** for the permit fee

## Step 3: Visit a DMV lane

Delaware has four DMV locations: **Wilmington, New Castle, Dover, and Georgetown**. Appointments are strongly recommended and can be booked on the DMV website. At the lane you will:

- Submit your documents and pay the fee
- Pass a **vision screening**
- In most cases, the **knowledge test is waived** because you completed approved driver education — your course covered the same material. If you did not complete driver ed (rare for teens), you would need to pass the written knowledge test.
- Take a photo and receive your Level 1 Permit

## Step 4: Live with the Level 1 rules

Once you have the permit, the clock starts on a **mandatory 6-month conviction-free holding period** and a longer 12-month total period before you can move to a Level 2 (Intermediate) license. During Level 1 you must:

- Always drive with a **licensed driver 25 or older** in the front passenger seat
- Log **50 hours of supervised practice**, including **10 hours at night**
- Avoid all moving violations — a conviction restarts the 6-month clock
- Follow the strict **10 PM–6 AM curfew** and passenger limits (covered in the next lesson)

## What is next

After 12 months on the Level 1 Permit with no convictions in the last 6 months, you can return to the DMV with your **parent-certified log of 50 hours** and upgrade to a Level 2 license. At **age 17** with a clean record you become eligible for an unrestricted Class D license. Getting your permit is just the start — your driving behavior during the next year decides how quickly you reach full licensure.', 35, 0
);
INSERT OR REPLACE INTO quiz (id, lessonId, title, passingScore, shuffleQuestions) VALUES (
  'quiz_de_how-to-get-a-delaware-permit', 'lesson_de_how-to-get-a-delaware-permit', 'Delaware Permit Basics Quiz', 80, 1
);
INSERT OR REPLACE INTO quiz_question (id, quizId, prompt, choices, correctIndex, explanation, ordinal) VALUES (
  'q_de_how-to-get-a-delaware-permit_0', 'quiz_de_how-to-get-a-delaware-permit', 'What is the minimum age to apply for a Delaware Level 1 Learner''s Permit?', '["15","15 and 10 months","16","17"]', 2, 'Delaware requires teens to be at least 16 years old to apply for a Level 1 Learner''s Permit, and they must have completed approved driver education.', 0
);
INSERT OR REPLACE INTO quiz_question (id, quizId, prompt, choices, correctIndex, explanation, ordinal) VALUES (
  'q_de_how-to-get-a-delaware-permit_1', 'quiz_de_how-to-get-a-delaware-permit', 'How many classroom and behind-the-wheel hours does Delaware''s approved teen driver education course require?', '["20 classroom / 6 BTW","30 classroom / 7 BTW","40 classroom / 10 BTW","32 classroom / 8 BTW"]', 1, 'Delaware''s state-approved driver education program is 30 hours of classroom instruction plus 7 hours of behind-the-wheel training.', 1
);
INSERT OR REPLACE INTO quiz_question (id, quizId, prompt, choices, correctIndex, explanation, ordinal) VALUES (
  'q_de_how-to-get-a-delaware-permit_2', 'quiz_de_how-to-get-a-delaware-permit', 'How many supervised practice hours must a Delaware teen log on a Level 1 Permit before advancing, and how many must be at night?', '["30 total / 5 night","40 total / 8 night","50 total / 10 night","60 total / 15 night"]', 2, 'A parent-certified log of 50 hours of supervised practice, including 10 hours at night, is required before moving to the Level 2 Intermediate license.', 2
);
INSERT OR REPLACE INTO quiz_question (id, quizId, prompt, choices, correctIndex, explanation, ordinal) VALUES (
  'q_de_how-to-get-a-delaware-permit_3', 'quiz_de_how-to-get-a-delaware-permit', 'Who must sign the application for a Delaware Level 1 Permit when the applicant is under 18?', '["Any adult over 21","The driver education instructor","A parent or legal guardian","A notary public"]', 2, 'Delaware requires a parent or legal guardian to accompany the minor to the DMV and sign the application, accepting financial responsibility.', 3
);
INSERT OR REPLACE INTO quiz_question (id, quizId, prompt, choices, correctIndex, explanation, ordinal) VALUES (
  'q_de_how-to-get-a-delaware-permit_4', 'quiz_de_how-to-get-a-delaware-permit', 'Why is the written knowledge test typically waived for Delaware teens at the DMV lane?', '["Delaware does not require a knowledge test for anyone","Approved driver education covers and tests the same material","The vision screening replaces it","Only adults must take the knowledge test"]', 1, 'Because state-approved driver education already covers the knowledge content and includes assessments, the DMV typically waives the written test for teens who present a valid completion certificate.', 4
);
INSERT OR REPLACE INTO lesson (id, moduleId, slug, title, body, estimatedSeatMinutes, ordinal) VALUES (
  'lesson_de_delaware-gdl-restrictions-daily-life', 'module_de_overlay', 'delaware-gdl-restrictions-daily-life', 'Delaware GDL Restrictions in Daily Life', '# Delaware GDL Restrictions in Daily Life

Getting the Level 1 Permit is exciting, but Delaware''s **Graduated Driver License (GDL)** program adds real day-to-day rules that affect when and with whom you can drive. These restrictions stretch from the moment you get your permit at 16 through your Level 2 intermediate license, and only fully lift at age 18.

## The two phases at a glance

- **Level 1 — Learner''s Permit (minimum 12 months, including 6 months conviction-free)**
- **Level 2 — Intermediate License (begins after Level 1 requirements are met, continues until age 17 with restrictions tapering)**
- **Class D — Full unrestricted license at age 17 (with continued under-18 cell phone rules)**

## Curfew: the 10 PM to 6 AM rule

While on a Level 1 Permit, you may not drive between **10:00 PM and 6:00 AM**. This curfew also applies during the early portion of the Level 2 intermediate phase. Practical implications:

- A movie that ends at 10:30 PM means you need a licensed adult 25+ driving you home, or you need to leave earlier.
- Late shifts at a part-time job can be a problem. Delaware does provide narrow exemptions for work, school, and religious activities, but you must be able to document the reason (a note from your employer, school activity slip, etc.) if stopped.
- The clock is based on **when you are driving**, not when you started — pulling into your driveway at 10:01 PM is still a violation.

## Passenger limits

**Level 1 (permit):** A licensed driver **25 or older** must occupy the front passenger seat at all times. You may also carry family members. Only **one** non-family passenger is allowed in addition to the supervising adult.

**Level 2 (intermediate):** During the first 6 months of the intermediate license you may carry only **one passenger** who is not an immediate family member. After 6 months, that limit eases somewhat, but **all passengers must wear seat belts** and you remain responsible for their behavior. Carrying a carload of friends to the beach on a summer Friday is exactly the scenario these rules are designed to prevent — multi-teen crashes are the single largest cause of teen driving deaths.

## The under-18 cell phone ban

Delaware is one of the strictest states for teen device use. Drivers **under 18** are prohibited from using **any** cell phone or wireless communication device while driving — **even hands-free**. This includes:

- Bluetooth headsets and in-car Bluetooth calling
- Voice-activated dialing
- Apple CarPlay / Android Auto voice commands for messages or calls
- Smartwatch notifications you interact with

The **only** allowed use is calling 911 in an emergency. For all Delaware drivers (any age), handheld device use is banned and texting while driving is illegal — but the under-18 rule sweeps in hands-free use too.

## Seat belts and passenger responsibility

Delaware is a **primary enforcement** seat belt state — officers can stop you solely for an unbelted occupant. As the teen driver you are legally responsible for **every passenger under 16** being properly restrained.

## What "conviction-free" really means

A single moving violation conviction during the Level 1 phase **restarts the 6-month conviction-free clock**. Two violations can extend the permit phase by a full year. "Conviction" includes things students often underestimate: speeding 10 over, rolling stops, failing to yield, and especially the cell phone ban itself. Treat the GDL period as a probation — because legally, it is.

## Insurance and parents

Violations also surface on your parents'' insurance policy, where you are almost certainly a listed driver. A single ticket during the GDL period can raise a family''s premiums by hundreds of dollars per year for three years. The financial cost often dwarfs the fine itself.', 30, 1
);
INSERT OR REPLACE INTO quiz (id, lessonId, title, passingScore, shuffleQuestions) VALUES (
  'quiz_de_delaware-gdl-restrictions-daily-life', 'lesson_de_delaware-gdl-restrictions-daily-life', 'Delaware GDL Daily-Life Quiz', 80, 1
);
INSERT OR REPLACE INTO quiz_question (id, quizId, prompt, choices, correctIndex, explanation, ordinal) VALUES (
  'q_de_delaware-gdl-restrictions-daily-life_0', 'quiz_de_delaware-gdl-restrictions-daily-life', 'What are Delaware''s nighttime driving restrictions for a Level 1 Permit holder?', '["9 PM to 5 AM","10 PM to 6 AM","11 PM to 5 AM","Midnight to 5 AM"]', 1, 'Delaware prohibits Level 1 Permit holders from driving between 10:00 PM and 6:00 AM, with narrow exemptions for work, school, and religious activities.', 0
);
INSERT OR REPLACE INTO quiz_question (id, quizId, prompt, choices, correctIndex, explanation, ordinal) VALUES (
  'q_de_delaware-gdl-restrictions-daily-life_1', 'quiz_de_delaware-gdl-restrictions-daily-life', 'How does Delaware treat hands-free cell phone use by drivers under 18?', '["Allowed without restriction","Allowed only on highways","Prohibited — under 18 drivers may not use phones even hands-free","Allowed only for calls, not texts"]', 2, 'Delaware bans ALL cell phone use by drivers under 18, including hands-free. The only exception is calling 911 in an emergency.', 1
);
INSERT OR REPLACE INTO quiz_question (id, quizId, prompt, choices, correctIndex, explanation, ordinal) VALUES (
  'q_de_delaware-gdl-restrictions-daily-life_2', 'quiz_de_delaware-gdl-restrictions-daily-life', 'What happens to the Level 1 Permit holding period if a teen is convicted of a moving violation?', '["Nothing, the clock keeps running","The 6-month conviction-free clock restarts","The permit is automatically revoked","The teen must retake driver education"]', 1, 'A moving violation conviction restarts the 6-month conviction-free portion of the Level 1 holding period, delaying advancement to Level 2.', 2
);
INSERT OR REPLACE INTO quiz_question (id, quizId, prompt, choices, correctIndex, explanation, ordinal) VALUES (
  'q_de_delaware-gdl-restrictions-daily-life_3', 'quiz_de_delaware-gdl-restrictions-daily-life', 'Who must sit in the front passenger seat while a Level 1 Permit holder is driving in Delaware?', '["Any licensed driver over 18","A parent only","A licensed driver 25 years or older","A driver education instructor only"]', 2, 'Delaware requires a licensed driver age 25 or older to occupy the front passenger seat at all times during Level 1 permit driving.', 3
);
INSERT OR REPLACE INTO quiz_question (id, quizId, prompt, choices, correctIndex, explanation, ordinal) VALUES (
  'q_de_delaware-gdl-restrictions-daily-life_4', 'quiz_de_delaware-gdl-restrictions-daily-life', 'During the first 6 months of a Delaware Level 2 Intermediate License, what is the passenger limit?', '["No passengers at all","One passenger who is not an immediate family member","Up to three teen passengers","Unlimited passengers with seat belts"]', 1, 'During the first 6 months of the intermediate license, only one non-family passenger is allowed, in addition to immediate family members.', 4
);
INSERT OR REPLACE INTO lesson (id, moduleId, slug, title, body, estimatedSeatMinutes, ordinal) VALUES (
  'lesson_de_delaware-rules-and-quirks', 'module_de_overlay', 'delaware-rules-and-quirks', 'Delaware-Specific Rules and Road Quirks', '# Delaware-Specific Rules and Road Quirks

Delaware is the second-smallest state, but it has a surprising amount of road variety: I-95 truck traffic near Wilmington, two-lane Sussex County back roads, the heavy beach corridor on Route 1, and the **Delaware Memorial Bridge** as one of the busiest twin-span bridges in the country. Here are the Delaware-specific rules, hazards, and quirks every new driver should know.

## Move Over Law

Delaware has a **Move Over Law** requiring drivers to either change lanes away from stopped emergency vehicles (police, fire, EMS, tow trucks, DelDOT crews) showing flashing lights, or — if changing lanes is unsafe or impossible — slow to a reasonable speed below the posted limit. On I-95, I-495, and Route 1 this is rigorously enforced because shoulder workers are routinely struck. Plan to start moving over as soon as you spot flashing lights ahead, not at the last second.

## Tolls and EZ-Pass

Delaware has some of the most prominent tolls per mile of highway of any state:

- **I-95 Newark Toll Plaza** (near the Maryland line)
- **SR-1 (Route 1) tolls** at Biddles Corner and Dover
- **Delaware Memorial Bridge** (eastbound to New Jersey)

Most residents use **E-ZPass Delaware**. If you drive without a transponder you will be billed by license plate via **Toll-by-Plate**, with surcharges. Teens borrowing a parent''s car should know whether the transponder is in the windshield and how it works — toll evasion citations are a real GDL hazard.

## Route 1 and the beach corridor

**Delaware Route 1 (SR-1)** between Dover and the Cape Region (Rehoboth, Dewey, Bethany, Fenwick) is the state''s most crash-prone corridor in summer. Specific risks:

- Speed limit changes rapidly — 65 mph divided highway sections drop to 35 or 25 mph entering beach towns.
- Pedestrians and bicyclists cross Route 1 to reach beaches, often outside of crosswalks.
- Sudden stop-and-go traffic on Friday afternoons heading south and Sunday afternoons heading north.
- **Coastal Highway (Route 1)** in Dewey/Rehoboth requires extra alertness for inattentive pedestrians, scooters, and golf carts crossing.

## Slow-moving farm equipment

Sussex County (and parts of Kent) is heavily agricultural. You will encounter **tractors, combines, and grain trucks** on two-lane roads, especially in spring and fall. Slow-moving vehicles display an orange triangle. Pass only where legal and with full visibility — these vehicles can make sudden wide left turns into field driveways without much warning.

## School bus rules

Delaware law requires drivers to **stop at least 20 feet away** from a school bus with **flashing red lights and extended stop arm**, regardless of whether you are behind or approaching from the opposite direction on an undivided road. Only on a **divided highway with a physical median or barrier** may oncoming traffic proceed with caution. Camera enforcement on stop-arms is being deployed in many Delaware districts; a violation typically carries a fine of several hundred dollars and points.

## DUI and Zero Tolerance

Delaware has a **Zero Tolerance** law for drivers under 21: a BAC of **0.02 or higher** results in license revocation. The standard adult DUI threshold is 0.08, but for teens any measurable alcohol means losing your license — often for 2 months for a first offense and longer for repeats. Marijuana, even where decriminalized for adults in small amounts, remains **illegal to consume before or while driving** and triggers the same teen license consequences.

## Failure-to-yield at unprotected lefts

Delaware DMV examiners consistently report that the most common reason teens fail the road test is **failure to fully yield on unprotected left turns** — especially at busy intersections like those along Route 13 (DuPont Highway) and Route 40 (Pulaski Highway). Practice judging gaps with a parent before your road test.

## Weather: nor''easters and coastal flooding

Delaware sees occasional **nor''easters** that flood low-lying roads in Sussex County and along the Delaware Bay. Never drive through standing water — a foot of moving water can float a small car. Listen for DelDOT road closure alerts during major storms.

## Quirks worth remembering

- Delaware does **not** allow right turn on red where signs prohibit it; downtown Wilmington has several such intersections.
- The state issues a **REAL ID compliant** driver license; bring all federal-ID documents to your first DMV visit so you don''t have to come back.
- Delaware has **no sales tax** but does charge a **document fee** when titling a vehicle — important to know before your first car purchase.', 30, 2
);
INSERT OR REPLACE INTO quiz (id, lessonId, title, passingScore, shuffleQuestions) VALUES (
  'quiz_de_delaware-rules-and-quirks', 'lesson_de_delaware-rules-and-quirks', 'Delaware Rules & Quirks Quiz', 80, 1
);
INSERT OR REPLACE INTO quiz_question (id, quizId, prompt, choices, correctIndex, explanation, ordinal) VALUES (
  'q_de_delaware-rules-and-quirks_0', 'quiz_de_delaware-rules-and-quirks', 'Under Delaware''s Move Over Law, what must you do when approaching a stopped emergency vehicle with flashing lights?', '["Maintain speed and stay in your lane","Change lanes away if safe, otherwise slow to a reasonable speed below the posted limit","Stop completely until the emergency vehicle leaves","Honk to acknowledge the responder"]', 1, 'Delaware''s Move Over Law requires changing lanes away from the stopped emergency vehicle when safe; if you cannot change lanes, you must slow to a reasonable speed below the posted limit.', 0
);
INSERT OR REPLACE INTO quiz_question (id, quizId, prompt, choices, correctIndex, explanation, ordinal) VALUES (
  'q_de_delaware-rules-and-quirks_1', 'quiz_de_delaware-rules-and-quirks', 'What is Delaware''s Zero Tolerance BAC limit for drivers under 21?', '["0.00","0.02","0.05","0.08"]', 1, 'Delaware''s Zero Tolerance law sets a BAC threshold of 0.02 for drivers under 21; reaching or exceeding it leads to license revocation.', 1
);
INSERT OR REPLACE INTO quiz_question (id, quizId, prompt, choices, correctIndex, explanation, ordinal) VALUES (
  'q_de_delaware-rules-and-quirks_2', 'quiz_de_delaware-rules-and-quirks', 'On an undivided road, how must you respond to a stopped school bus with flashing red lights and an extended stop arm?', '["Only traffic behind the bus must stop","Traffic in both directions must stop at least 20 feet away","Slow to 15 mph and pass with caution","Stop only if children are visible"]', 2, 'On an undivided road in Delaware, traffic in BOTH directions must stop at least 20 feet from a school bus with flashing red lights and an extended stop arm. Only on a divided highway with a physical median may oncoming traffic proceed with caution.', 2
);
INSERT OR REPLACE INTO quiz_question (id, quizId, prompt, choices, correctIndex, explanation, ordinal) VALUES (
  'q_de_delaware-rules-and-quirks_3', 'quiz_de_delaware-rules-and-quirks', 'Which Delaware corridor is known for rapid speed-limit changes and heavy pedestrian/bicycle traffic in summer?', '["I-495 through Wilmington","Route 1 (Coastal Highway) through the beach towns","Route 9 along the Delaware Bay","I-95 near the Maryland line"]', 1, 'Route 1 through Rehoboth, Dewey, Bethany, and Fenwick has rapidly changing speed limits and heavy pedestrian and bicycle activity, especially in summer.', 3
);
INSERT OR REPLACE INTO quiz_question (id, quizId, prompt, choices, correctIndex, explanation, ordinal) VALUES (
  'q_de_delaware-rules-and-quirks_4', 'quiz_de_delaware-rules-and-quirks', 'What is the most common reason Delaware DMV examiners cite when teens fail the road test?', '["Parallel parking errors","Failure to fully yield on unprotected left turns","Speeding in residential zones","Improper mirror adjustment"]', 1, 'Examiners frequently identify failure to properly yield on unprotected left turns, particularly on busy multi-lane corridors like Route 13 and Route 40, as the leading cause of road test failures.', 4
);

-- Florida (FL)
INSERT OR REPLACE INTO rule_pack (id, jurisdiction, slug, name, maturity, createdAt) VALUES (
  'rp_fl_teen', 'US-FL', 'fl-teen', 'Florida Teen Driver Education', 'level1', unixepoch('now')*1000
);
INSERT OR REPLACE INTO rule_pack_version (id, rulePackId, version, definition, publishedAt, notes, createdAt) VALUES (
  'rpv_fl_teen_1_0_0', 'rp_fl_teen', '1.0.0', '{"credentials":[{"key":"permit_eligibility","label":"Learner''s License","deliveryMode":"manual"}],"requirements":[{"key":"classroom_hours","label":"Classroom hours","target":4,"unit":"hour"},{"key":"btw_hours","label":"Behind-the-wheel hours","target":0,"unit":"hour"},{"key":"supervised_practice_hours","label":"Supervised practice (parent log)","target":50,"unit":"hour"}],"rules":[{"key":"unlock_permit_eligibility","trigger":"enrollment.state_changed","conditions":{"jurisdiction":"US-FL","minPermitAge":15,"classroomHoursCompleted":{"gte":4}},"actions":[{"type":"unlock_credential","credential":"permit_eligibility"},{"type":"set_journey_state","value":"permit_eligible"}]}],"facts":{"agencyName":"Florida Department of Highway Safety and Motor Vehicles (FLHSMV)","minPermitAge":15,"minLicenseAge":16,"minPermitDurationMonths":12,"nighttimeRestriction":"16-year-olds may not drive between 11 p.m. and 6 a.m. unless accompanied by a licensed driver 21 or older or driving to/from work. 17-year-olds may not drive between 1 a.m. and 5 a.m. under the same exceptions.","passengerRestriction":null,"cellPhoneRule":"Florida''s Wireless Communications While Driving Law bans texting while driving for all drivers and prohibits hand-held use of wireless devices in school zones and active work zones. Drivers under 18 are also subject to general distracted driving standards.","notes":"Florida requires completion of the state-approved Traffic Law and Substance Abuse Education (TLSAE) course, also called the 4-hour Drug and Alcohol course, plus a passing score on the Class E Knowledge Exam before issuance of a Learner''s License at age 15. The learner must hold the permit for at least 12 months (or until age 18) and log 50 hours of supervised driving (10 at night) certified on Form HSMV 71142. Florida does not mandate a minimum number of behind-the-wheel instructor hours for licensure, but most schools offer BTW packages. The road skills test is required for the full Class E license at 16.","needsReview":["Exact statutory citation for 50-hour parent-certified practice requirement (HSMV 71142 form name and current revision)","Whether FLHSMV currently accepts electronic submission of TLSAE completion from third-party providers via API vs. nightly batch","Current status of any pending legislation expanding hands-free cell phone enforcement beyond school/work zones","Whether passenger restrictions have been added since last review (historically Florida has none for GDL)"]}}', unixepoch('now')*1000, 'Generated; school must review and tweak.', unixepoch('now')*1000
);
INSERT OR REPLACE INTO content_pack (id, slug, name, scope, jurisdiction, description, createdAt) VALUES (
  'cp_fl_teen_overlay', 'fl-teen-overlay', 'Florida Teen Overlay', 'state', 'US-FL', 'Florida-specific curriculum overlay covering the path to a Class E driver license for teens: obtaining the Learner''s License at 15, living within Florida''s GDL nighttime restrictions, and navigating Florida-specific road rules including the Move Over Law, Wireless Communications law, and hurricane-evacuation driving conditions.', unixepoch('now')*1000
);
INSERT OR REPLACE INTO content_pack_version (id, contentPackId, version, notes, publishedAt, createdAt) VALUES (
  'cpv_fl_teen_overlay_1_0_0', 'cp_fl_teen_overlay', '1.0.0', 'Generated by per-state agent; human review required before publishing.', unixepoch('now')*1000, unixepoch('now')*1000
);
INSERT OR REPLACE INTO course (id, contentPackVersionId, slug, title, description, ordinal) VALUES (
  'course_fl_overlay', 'cpv_fl_teen_overlay_1_0_0', 'fl-overlay', 'Florida Teen Driver Overlay', 'Florida-specific curriculum overlay covering the path to a Class E driver license for teens: obtaining the Learner''s License at 15, living within Florida''s GDL nighttime restrictions, and navigating Florida-specific road rules including the Move Over Law, Wireless Communications law, and hurricane-evacuation driving conditions.', 0
);
INSERT OR REPLACE INTO module (id, courseId, slug, title, description, ordinal) VALUES (
  'module_fl_overlay', 'course_fl_overlay', 'fl-teen-overlay', 'Florida Teen Driver Overlay', 'Florida-specific curriculum overlay covering the path to a Class E driver license for teens: obtaining the Learner''s License at 15, living within Florida''s GDL nighttime restrictions, and navigating Florida-specific road rules including the Move Over Law, Wireless Communications law, and hurricane-evacuation driving conditions.', 0
);
INSERT OR REPLACE INTO lesson (id, moduleId, slug, title, body, estimatedSeatMinutes, ordinal) VALUES (
  'lesson_fl_getting-your-florida-learners-license', 'module_fl_overlay', 'getting-your-florida-learners-license', 'Getting Your Florida Learner''s License', '# Getting Your Florida Learner''s License

In Florida, the first step toward a full driver license is the **Learner''s License**, sometimes called a learner''s permit. You can apply as early as your **15th birthday**, but the state requires you to complete several specific steps before the Florida Department of Highway Safety and Motor Vehicles (FLHSMV) will hand you that credential.

## Step 1: Complete the TLSAE (4-Hour Drug and Alcohol) Course

Every first-time driver in Florida, regardless of age, must complete the **Traffic Law and Substance Abuse Education (TLSAE)** course. It is commonly called the "4-hour Drug and Alcohol course" because it runs roughly four hours and focuses on the effects of alcohol and controlled substances on driving, Florida traffic laws, and safe-driving practices. The course can be taken in a classroom or online through a state-approved provider. When you finish, the provider electronically reports your completion to FLHSMV, so you usually do not need to bring a paper certificate to your appointment, but it is wise to keep your confirmation handy.

## Step 2: Pass the Class E Knowledge Exam

The Class E Knowledge Exam tests your understanding of road rules and safe-driving practices. It contains **50 multiple-choice questions** split between road rules and road signs, and you must answer at least **40 correctly (80%)** to pass. You can take the test online through an authorized vendor if you are under 18, or in person at a tax collector''s office. If you fail, you must wait before retesting and pay a re-exam fee.

## Step 3: Gather Your Documents

Florida is a REAL ID state, so you will need to bring originals (no photocopies) of:

- **Proof of identity** — usually a certified U.S. birth certificate or valid passport.
- **Proof of Social Security number** — Social Security card, W-2, or pay stub showing the full SSN.
- **Two proofs of Florida residential address** — utility bills, school records, a parent''s address affidavit, etc.
- **Parental Consent Form (HSMV 71142)** signed by a parent or legal guardian if you are under 18. This same form is later used to certify your 50 hours of supervised practice.

## Step 4: Visit a Tax Collector or Driver License Office

In Florida, most driver license services are handled by **county tax collector offices** rather than a standalone DMV. Make an appointment — walk-ins routinely face multi-hour waits. At the appointment, staff will verify your documents, check your TLSAE and knowledge-test results in the state system, take your photo, screen your vision and hearing, and issue your Learner''s License.

## Step 5: Hold the Permit and Log Your Hours

Once issued, the Learner''s License has restrictions: you may only drive with a **licensed driver 21 or older** in the front passenger seat. For the **first three months**, driving is limited to **daylight hours only**. After three months, you may drive until **10 p.m.**

You must hold the learner''s license for at least **12 months** (or until age 18, whichever comes first) and complete **50 hours of supervised driving, including 10 hours at night**, certified by your parent or guardian on Form HSMV 71142. Bring the completed form to your road-test appointment.

Do not lose the form. Tax collector offices will not accept verbal claims of practice hours, and missing or incomplete forms are one of the most common reasons teens are turned away on road-test day.', 35, 0
);
INSERT OR REPLACE INTO quiz (id, lessonId, title, passingScore, shuffleQuestions) VALUES (
  'quiz_fl_getting-your-florida-learners-license', 'lesson_fl_getting-your-florida-learners-license', 'Florida Learner''s License Quiz', 80, 1
);
INSERT OR REPLACE INTO quiz_question (id, quizId, prompt, choices, correctIndex, explanation, ordinal) VALUES (
  'q_fl_getting-your-florida-learners-license_0', 'quiz_fl_getting-your-florida-learners-license', 'What is the minimum age to apply for a Learner''s License in Florida?', '["14","15","16","17"]', 1, 'Florida allows first-time drivers to apply for a Learner''s License starting on their 15th birthday, provided they have completed the TLSAE course and passed the Class E Knowledge Exam.', 0
);
INSERT OR REPLACE INTO quiz_question (id, quizId, prompt, choices, correctIndex, explanation, ordinal) VALUES (
  'q_fl_getting-your-florida-learners-license_1', 'quiz_fl_getting-your-florida-learners-license', 'What course must every first-time Florida driver complete before being issued a Learner''s License?', '["A 30-hour classroom driver-education course","The Traffic Law and Substance Abuse Education (TLSAE) 4-hour course","A 6-hour defensive driving course","A CPR and first-aid certification"]', 1, 'Florida requires TLSAE, often called the 4-hour Drug and Alcohol course, for all first-time drivers regardless of age.', 1
);
INSERT OR REPLACE INTO quiz_question (id, quizId, prompt, choices, correctIndex, explanation, ordinal) VALUES (
  'q_fl_getting-your-florida-learners-license_2', 'quiz_fl_getting-your-florida-learners-license', 'What is the passing score on the Florida Class E Knowledge Exam?', '["70%","75%","80%","85%"]', 2, 'Applicants must answer at least 40 of 50 questions correctly, which is 80%.', 2
);
INSERT OR REPLACE INTO quiz_question (id, quizId, prompt, choices, correctIndex, explanation, ordinal) VALUES (
  'q_fl_getting-your-florida-learners-license_3', 'quiz_fl_getting-your-florida-learners-license', 'How many supervised driving hours must a Florida learner log before taking the road test, and how many of those must be at night?', '["30 hours total, 5 at night","40 hours total, 8 at night","50 hours total, 10 at night","60 hours total, 12 at night"]', 2, 'Florida requires 50 supervised hours including 10 at night, certified by a parent or guardian on Form HSMV 71142.', 3
);
INSERT OR REPLACE INTO quiz_question (id, quizId, prompt, choices, correctIndex, explanation, ordinal) VALUES (
  'q_fl_getting-your-florida-learners-license_4', 'quiz_fl_getting-your-florida-learners-license', 'During the first three months of holding a Florida Learner''s License, when may the learner drive?', '["Anytime, with no time restrictions","Daylight hours only","Until 10 p.m.","Until midnight on weekends"]', 1, 'For the first three months, learners may only drive during daylight hours. After three months, they may drive until 10 p.m.', 4
);
INSERT OR REPLACE INTO lesson (id, moduleId, slug, title, body, estimatedSeatMinutes, ordinal) VALUES (
  'lesson_fl_florida-gdl-restrictions-in-daily-life', 'module_fl_overlay', 'florida-gdl-restrictions-in-daily-life', 'Living With Florida''s GDL Restrictions', '# Living With Florida''s GDL Restrictions

Florida''s Graduated Driver License (GDL) program does not end the day you swap your learner''s license for a Class E license. Restrictions follow you until your **18th birthday**, and they touch everyday decisions like driving to a late shift, taking friends to the beach, or heading home from a football game. Understanding the rules — and the exceptions — will help you avoid tickets, insurance surcharges, and the suspension of a license you just worked a year to earn.

## The Core Nighttime Rules

Florida''s nighttime driving rules are **tied to your age**, not to how long you have held your license:

- **Age 16:** You may not drive between **11 p.m. and 6 a.m.**
- **Age 17:** You may not drive between **1 a.m. and 5 a.m.**

There are two main exceptions. You may drive during the restricted hours if you are:

1. **Accompanied by a licensed driver who is 21 or older** seated in the front passenger seat, or
2. **Driving directly to or from work.**

The "to or from work" exception is narrow. It does not cover stopping to pick up food, meeting friends after a shift, or running an errand on the way home. If a Florida Highway Patrol trooper pulls you over at 12:30 a.m. and your stated destination is not a workplace, expect a citation.

## Passengers

Unlike many states, **Florida''s GDL does not impose a specific passenger limit** on newly licensed teens. You may legally drive friends or siblings around. However, every passenger must be properly restrained, and any passenger under 18 in the front seat must be wearing a seatbelt — this is a primary offense, meaning law enforcement can stop you for that alone.

## Cell Phones and Distractions

Florida''s **Wireless Communications While Driving Law** bans **texting while driving** for every driver. It became a primary offense in 2019, meaning officers can pull you over solely for texting. In addition, **hand-held use** of a wireless device — including phone calls — is illegal in any **school zone or active work zone**. For teens, the practical advice is simple: put the phone in Do Not Disturb mode and stash it before you start the engine. A single distracted-driving citation can raise your insurance for years.

## Seat Belts

Florida law requires all front-seat occupants and all passengers under 18 to wear a seatbelt. For a teen driver, an unbuckled passenger under 18 is **your** ticket, not theirs. Make it a habit to look around before shifting into drive.

## What Happens If You Get a Ticket

Teen drivers in Florida face heightened consequences for moving violations. A driver under 18 who accumulates **6 points within 12 months** is automatically restricted to **business-purposes-only driving** for a year. Six points adds up faster than you think: speeding 15+ mph over the limit alone is four points; a crash you cause is six. Reckless driving and racing carry mandatory license actions regardless of point totals.

## Putting It Together

Florida''s GDL rules are most easily summarized as: **drive sober, drive belted, drive phone-down, and watch the clock**. The nighttime windows tighten and loosen by age, not by months held, so a teen who waits until 17 to get licensed still inherits the 1 a.m. cutoff. Plan rides home from late events accordingly, and never assume "I was almost home" will satisfy a trooper.', 30, 1
);
INSERT OR REPLACE INTO quiz (id, lessonId, title, passingScore, shuffleQuestions) VALUES (
  'quiz_fl_florida-gdl-restrictions-in-daily-life', 'lesson_fl_florida-gdl-restrictions-in-daily-life', 'Florida GDL Daily-Life Quiz', 80, 1
);
INSERT OR REPLACE INTO quiz_question (id, quizId, prompt, choices, correctIndex, explanation, ordinal) VALUES (
  'q_fl_florida-gdl-restrictions-in-daily-life_0', 'quiz_fl_florida-gdl-restrictions-in-daily-life', 'Which hours are off-limits for an unaccompanied 16-year-old licensed driver in Florida?', '["9 p.m. to 5 a.m.","10 p.m. to 6 a.m.","11 p.m. to 6 a.m.","Midnight to 5 a.m."]', 2, 'Florida prohibits 16-year-olds from driving between 11 p.m. and 6 a.m. unless accompanied by a licensed driver 21 or older or driving to/from work.', 0
);
INSERT OR REPLACE INTO quiz_question (id, quizId, prompt, choices, correctIndex, explanation, ordinal) VALUES (
  'q_fl_florida-gdl-restrictions-in-daily-life_1', 'quiz_fl_florida-gdl-restrictions-in-daily-life', 'Which of the following is a valid exception to Florida''s nighttime driving restriction for a 17-year-old?', '["Driving home from a friend''s house after a movie","Driving directly to or from work","Driving to pick up late-night food","Driving to a gas station to refuel"]', 1, 'The two recognized exceptions are being accompanied by a licensed driver 21 or older in the front seat, or driving directly to or from work.', 1
);
INSERT OR REPLACE INTO quiz_question (id, quizId, prompt, choices, correctIndex, explanation, ordinal) VALUES (
  'q_fl_florida-gdl-restrictions-in-daily-life_2', 'quiz_fl_florida-gdl-restrictions-in-daily-life', 'What is Florida''s GDL passenger restriction for newly licensed teens?', '["No passengers under 18 for the first 6 months","Only one non-family passenger for the first year","Florida has no specific GDL passenger limit","No passengers at all for the first 90 days"]', 2, 'Unlike many states, Florida''s GDL program does not impose a specific passenger limit on teen drivers, although all passengers must follow seatbelt laws.', 2
);
INSERT OR REPLACE INTO quiz_question (id, quizId, prompt, choices, correctIndex, explanation, ordinal) VALUES (
  'q_fl_florida-gdl-restrictions-in-daily-life_3', 'quiz_fl_florida-gdl-restrictions-in-daily-life', 'Under Florida''s Wireless Communications While Driving Law, hand-held cell phone use is illegal in which areas?', '["Everywhere in the state at all times","Only on interstate highways","In active school zones and work zones","Only between sunset and sunrise"]', 2, 'Hand-held use is banned in active school zones and work zones statewide, and texting while driving is banned everywhere as a primary offense.', 3
);
INSERT OR REPLACE INTO quiz_question (id, quizId, prompt, choices, correctIndex, explanation, ordinal) VALUES (
  'q_fl_florida-gdl-restrictions-in-daily-life_4', 'quiz_fl_florida-gdl-restrictions-in-daily-life', 'How many points within 12 months will trigger an automatic business-purposes-only restriction for a Florida driver under 18?', '["4 points","6 points","8 points","12 points"]', 1, 'A driver under 18 who accumulates 6 points within 12 months is automatically restricted to business-purposes-only driving for one year.', 4
);
INSERT OR REPLACE INTO lesson (id, moduleId, slug, title, body, estimatedSeatMinutes, ordinal) VALUES (
  'lesson_fl_florida-specific-road-rules-and-quirks', 'module_fl_overlay', 'florida-specific-road-rules-and-quirks', 'Florida-Specific Road Rules and Quirks', '# Florida-Specific Road Rules and Quirks

Florida''s roads carry a unique mix of tourist traffic, sudden weather, and laws that often surprise new drivers — even those who grew up here. This lesson covers the rules and conditions that show up on Florida road tests, in Florida crash reports, and in everyday driving that you will not necessarily learn from a generic national curriculum.

## The Move Over Law

Florida''s **Move Over Act** is one of the strictest in the country. When you approach **any stationary emergency vehicle, tow truck, sanitation vehicle, road or bridge maintenance vehicle, or utility vehicle** with flashing lights on the shoulder, you must:

- On a road with **two or more lanes** in your direction, **change lanes away** from the stopped vehicle as soon as it is safe.
- If you cannot safely change lanes (or are on a two-lane road), **slow to 20 mph below the posted speed limit**. If the limit is 20 mph or less, slow to **5 mph**.

Violations carry fines and three points on your license. Florida added garbage trucks and utility vehicles to the law in recent years, so the rule covers more than just police cruisers.

## Hurricane Season and Evacuation Driving

Florida''s hurricane season runs **June 1 through November 30**. During declared evacuations, the governor can authorize **shoulder use** and **contraflow** (reversing inbound lanes to outbound) on major interstates like I-75 and the Florida Turnpike. As a new driver, three rules matter:

1. **Obey all directional signs and law-enforcement officers**, even when they contradict normal lane markings.
2. **Top off fuel before the rush** — stations run dry quickly during mandatory evacuations.
3. **Never drive through standing water.** "Turn Around, Don''t Drown" is the Florida slogan. Six inches of moving water can sweep a car off the road; two feet will float most vehicles.

## Toll Roads and SunPass

Florida has a vast tolled highway network — the Turnpike, the Veterans Expressway, parts of I-95 express lanes, and many bridges. Most are **all-electronic** with no cash booths. If you pass through a toll without a **SunPass** transponder, the system photographs your license plate and bills the registered owner via **Toll-By-Plate**, typically with a surcharge. Borrowing a parent''s car without a transponder can easily generate a notice three weeks later.

## Yielding to Pedestrians and Cyclists

Florida consistently ranks among the most dangerous states for pedestrians and cyclists. State law requires drivers to **yield to pedestrians in any marked or unmarked crosswalk**, and to give cyclists **at least 3 feet of clearance** when passing. When making a right turn on red, you must come to a complete stop and check the crosswalk before proceeding.

## Funeral Processions, School Buses, and Headlights

- **Funeral processions** have the right of way through intersections once the lead vehicle has entered legally; do not break the line.
- **School buses:** On a two-way road with no divider, traffic in **both directions** must stop when a bus has its stop arm extended. On a divided highway with a raised barrier or unpaved median of at least 5 feet, only traffic **behind** the bus must stop.
- **Headlights** must be on from sunset to sunrise, in any weather condition that limits visibility to 1,000 feet, **and whenever windshield wipers are in continuous use** due to rain or fog. Daytime running lights alone do not satisfy this rule because they typically do not turn on the taillights.

## Wildlife and the "Florida Sun"

Florida''s flat geography means sun glare during morning and evening commutes can be blinding, particularly on east-west roads. Keep a clean windshield, a pair of polarized sunglasses in the car, and your visor accessible. Watch for alligators crossing rural roads near water, deer in the Panhandle, and panthers in the southwest — wildlife strikes are common and often deadly to the animal and the car.', 30, 2
);
INSERT OR REPLACE INTO quiz (id, lessonId, title, passingScore, shuffleQuestions) VALUES (
  'quiz_fl_florida-specific-road-rules-and-quirks', 'lesson_fl_florida-specific-road-rules-and-quirks', 'Florida Road Rules and Quirks Quiz', 80, 1
);
INSERT OR REPLACE INTO quiz_question (id, quizId, prompt, choices, correctIndex, explanation, ordinal) VALUES (
  'q_fl_florida-specific-road-rules-and-quirks_0', 'quiz_fl_florida-specific-road-rules-and-quirks', 'Under Florida''s Move Over Law on a multi-lane highway, what must you do when approaching a stopped emergency vehicle with flashing lights?', '["Maintain speed and stay in your lane","Stop completely until the emergency vehicle leaves","Change lanes away from the stopped vehicle if safe; otherwise slow to 20 mph below the limit","Honk to alert the emergency personnel"]', 2, 'On a multi-lane road you must move over if it is safe. If you cannot, you must reduce speed to 20 mph below the posted limit (5 mph if the limit is 20 or less).', 0
);
INSERT OR REPLACE INTO quiz_question (id, quizId, prompt, choices, correctIndex, explanation, ordinal) VALUES (
  'q_fl_florida-specific-road-rules-and-quirks_1', 'quiz_fl_florida-specific-road-rules-and-quirks', 'On a two-way undivided Florida road, what must you do when a school bus stops with its stop arm extended?', '["Only traffic behind the bus must stop","Traffic in both directions must stop","You may proceed slowly past the bus","Only stop if children are visible"]', 1, 'On an undivided two-way road, traffic in both directions must stop. Only on divided highways with a raised barrier or 5-foot median may oncoming traffic continue.', 1
);
INSERT OR REPLACE INTO quiz_question (id, quizId, prompt, choices, correctIndex, explanation, ordinal) VALUES (
  'q_fl_florida-specific-road-rules-and-quirks_2', 'quiz_fl_florida-specific-road-rules-and-quirks', 'When are Florida drivers required to use headlights, beyond the standard sunset-to-sunrise rule?', '["Only when visibility is below 500 feet","Whenever the radio is on","Whenever windshield wipers are in continuous use due to weather","Only on interstate highways"]', 2, 'Florida requires headlights whenever wipers are in continuous use for rain or fog, and whenever weather limits visibility to 1,000 feet or less.', 2
);
INSERT OR REPLACE INTO quiz_question (id, quizId, prompt, choices, correctIndex, explanation, ordinal) VALUES (
  'q_fl_florida-specific-road-rules-and-quirks_3', 'quiz_fl_florida-specific-road-rules-and-quirks', 'When does Florida''s official hurricane season run?', '["May 1 through October 31","June 1 through November 30","July 1 through December 31","Year-round, with no defined season"]', 1, 'The Atlantic hurricane season, which governs Florida, officially runs from June 1 through November 30.', 3
);
INSERT OR REPLACE INTO quiz_question (id, quizId, prompt, choices, correctIndex, explanation, ordinal) VALUES (
  'q_fl_florida-specific-road-rules-and-quirks_4', 'quiz_fl_florida-specific-road-rules-and-quirks', 'How much clearance must a Florida driver give when passing a bicyclist?', '["At least 1 foot","At least 2 feet","At least 3 feet","At least 5 feet"]', 2, 'Florida law requires at least 3 feet of clearance when passing a cyclist.', 4
);

-- Georgia (GA)
INSERT OR REPLACE INTO rule_pack (id, jurisdiction, slug, name, maturity, createdAt) VALUES (
  'rp_ga_teen', 'US-GA', 'ga-teen', 'Georgia Teen Driver Education', 'level1', unixepoch('now')*1000
);
INSERT OR REPLACE INTO rule_pack_version (id, rulePackId, version, definition, publishedAt, notes, createdAt) VALUES (
  'rpv_ga_teen_1_0_0', 'rp_ga_teen', '1.0.0', '{"credentials":[{"key":"permit_eligibility","label":"Class CP Instructional Permit","deliveryMode":"manual"}],"requirements":[{"key":"classroom_hours","label":"Classroom hours","target":30,"unit":"hour"},{"key":"btw_hours","label":"Behind-the-wheel hours","target":6,"unit":"hour"},{"key":"supervised_practice_hours","label":"Supervised practice (parent log)","target":40,"unit":"hour"}],"rules":[{"key":"unlock_permit_eligibility","trigger":"enrollment.state_changed","conditions":{"jurisdiction":"US-GA","minPermitAge":15,"classroomHoursCompleted":{"gte":30}},"actions":[{"type":"unlock_credential","credential":"permit_eligibility"},{"type":"set_journey_state","value":"permit_eligible"}]}],"facts":{"agencyName":"Georgia Department of Driver Services (DDS)","minPermitAge":15,"minLicenseAge":16,"minPermitDurationMonths":12,"nighttimeRestriction":"Class D license holders (under 18) may not drive between 12:00 a.m. and 6:00 a.m. for any reason — no exceptions for work, school, or family.","passengerRestriction":"First 6 months with Class D: no passengers other than immediate family. Months 6-12: no more than 1 non-family passenger under age 21. After 12 months: no more than 3 non-family passengers under 21.","cellPhoneRule":"Drivers under 18 may not use any wireless telecommunications device while driving — handheld or hands-free. Georgia''s statewide Hands-Free Law also bans handheld phone use for all drivers regardless of age.","notes":"Georgia''s Teenage and Adult Driver Responsibility Act (TADRA) and Joshua''s Law set the framework. Joshua''s Law requires anyone under 17 applying for a Class D license to have completed an approved 30-hour classroom driver education course PLUS 40 hours of supervised driving (6 of which must be at night), certified by a parent/guardian via Form DS-1. Applicants 17 or older are not required to complete Joshua''s Law but still must hold the permit 12 months and 1 day. The instructional permit (Class CP) requires passing a vision exam, knowledge test, and parental consent if under 18.","needsReview":["Exact wording of Form DS-1 certification requirements as of 2026","Whether DDS now offers any electronic submission path for course completion certificates (currently treated as manual)","Most recent fee schedule for Class CP and Class D issuance","Whether the 6 required nighttime practice hours count toward the 40-hour total or are additional"]}}', unixepoch('now')*1000, 'Generated; school must review and tweak.', unixepoch('now')*1000
);
INSERT OR REPLACE INTO content_pack (id, slug, name, scope, jurisdiction, description, createdAt) VALUES (
  'cp_ga_teen_overlay', 'ga-teen-overlay', 'Georgia Teen Overlay', 'state', 'US-GA', 'Georgia-specific supplement covering Joshua''s Law, TADRA''s graduated licensing restrictions, and the DDS permit process. Designed to layer on top of the national driver education content pack for students pursuing a Class CP permit and Class D license in Georgia.', unixepoch('now')*1000
);
INSERT OR REPLACE INTO content_pack_version (id, contentPackId, version, notes, publishedAt, createdAt) VALUES (
  'cpv_ga_teen_overlay_1_0_0', 'cp_ga_teen_overlay', '1.0.0', 'Generated by per-state agent; human review required before publishing.', unixepoch('now')*1000, unixepoch('now')*1000
);
INSERT OR REPLACE INTO course (id, contentPackVersionId, slug, title, description, ordinal) VALUES (
  'course_ga_overlay', 'cpv_ga_teen_overlay_1_0_0', 'ga-overlay', 'Georgia Teen Driver Overlay', 'Georgia-specific supplement covering Joshua''s Law, TADRA''s graduated licensing restrictions, and the DDS permit process. Designed to layer on top of the national driver education content pack for students pursuing a Class CP permit and Class D license in Georgia.', 0
);
INSERT OR REPLACE INTO module (id, courseId, slug, title, description, ordinal) VALUES (
  'module_ga_overlay', 'course_ga_overlay', 'ga-teen-overlay', 'Georgia Teen Driver Overlay', 'Georgia-specific supplement covering Joshua''s Law, TADRA''s graduated licensing restrictions, and the DDS permit process. Designed to layer on top of the national driver education content pack for students pursuing a Class CP permit and Class D license in Georgia.', 0
);
INSERT OR REPLACE INTO lesson (id, moduleId, slug, title, body, estimatedSeatMinutes, ordinal) VALUES (
  'lesson_ga_how-to-get-a-georgia-permit', 'module_ga_overlay', 'how-to-get-a-georgia-permit', 'How to Get Your Class CP Permit in Georgia', '# How to Get Your Class CP Permit in Georgia

In Georgia, the first step toward a driver''s license is the **Class CP Instructional Permit**, issued by the **Georgia Department of Driver Services (DDS)**. Unlike some states that issue a learner''s permit at 14 or 14½, Georgia requires you to be at least **15 years old** to apply, and you must hold that permit for a full **12 months and 1 day** without any major traffic convictions before you can move up to a Class D provisional license.

## Who must be with you when you apply

If you are under 18, a **parent, legal guardian, or responsible adult over 21** must accompany you to a DDS Customer Service Center and sign the **Responsible Adult Affidavit**. That adult is taking on financial responsibility for you behind the wheel, so this is not a formality — they have to show up in person, present their own ID, and sign in front of a DDS examiner.

## Documents to bring

Georgia uses a **5 Document ID Requirement** built around federal REAL ID standards. You''ll need to bring originals (no photocopies) proving:

1. **Identity** — certified U.S. birth certificate, valid U.S. passport, or approved immigration document.
2. **Social Security number** — Social Security card, W-2, or pay stub showing the full SSN.
3. **Two proofs of Georgia residency** — utility bill, bank statement, school record, or a parent''s documents paired with a parental-residency affidavit if you live with them.
4. **Proof of name change** (only if your current legal name differs from your birth certificate) — marriage license, court order, etc.
5. **Proof of school enrollment / attendance (Certificate of Attendance)** — required for all applicants under 18 under Georgia''s TADRA law. Your school counselor''s office issues this form, and it must be **dated within 30 days** of your DDS visit.

## The tests you will take

At the DDS office you will complete three checks:

- **Vision screening** — read a line on the eye chart with corrective lenses if you wear them.
- **Knowledge test (Road Rules)** — 20 multiple-choice questions on Georgia traffic law. You must get **15 correct (75%)**.
- **Knowledge test (Road Signs)** — 20 questions identifying standard signs. You must get **15 correct (75%)**.

Study from the current **Georgia Driver''s Manual**, which DDS publishes free online. The DDS also offers an official practice-test app and the optional **Online Permit Test** for residents who prefer to test at home before visiting an office.

## After you pass

You''ll pay the **$10 permit fee** (subject to change), have your photo taken, and walk out with a temporary paper permit; the plastic card arrives in the mail within about 30 days. From that moment, the **12-month-and-1-day clock starts**. Any conviction for a major violation during that year — speeding 24+ mph over the limit, racing, reckless driving, or a DUI — **restarts the clock**.

## What the permit lets you do

The Class CP permit lets you drive **only** when a licensed driver who is at least 21 years old (or a Georgia-licensed driving instructor) is seated in the front passenger seat. You may not drive alone, and the supervising adult must be alert and unimpaired. Use this year wisely: log every practice hour, vary your routes (highway, night, rain, parking lots), and build the **40 hours of supervised practice (6 at night)** required by Joshua''s Law before your Class D road test.', 35, 0
);
INSERT OR REPLACE INTO quiz (id, lessonId, title, passingScore, shuffleQuestions) VALUES (
  'quiz_ga_how-to-get-a-georgia-permit', 'lesson_ga_how-to-get-a-georgia-permit', 'Georgia Permit Process Quiz', 80, 1
);
INSERT OR REPLACE INTO quiz_question (id, quizId, prompt, choices, correctIndex, explanation, ordinal) VALUES (
  'q_ga_how-to-get-a-georgia-permit_0', 'quiz_ga_how-to-get-a-georgia-permit', 'What is the minimum age to apply for a Class CP Instructional Permit in Georgia?', '["14","15","16","17"]', 1, 'Georgia requires applicants to be at least 15 years old to obtain the Class CP Instructional Permit.', 0
);
INSERT OR REPLACE INTO quiz_question (id, quizId, prompt, choices, correctIndex, explanation, ordinal) VALUES (
  'q_ga_how-to-get-a-georgia-permit_1', 'quiz_ga_how-to-get-a-georgia-permit', 'How long must you hold a Class CP permit before applying for a Class D license?', '["6 months","9 months","12 months and 1 day","24 months"]', 2, 'Georgia requires the permit be held for at least 12 months and 1 day with no major traffic convictions before advancing to a Class D license.', 1
);
INSERT OR REPLACE INTO quiz_question (id, quizId, prompt, choices, correctIndex, explanation, ordinal) VALUES (
  'q_ga_how-to-get-a-georgia-permit_2', 'quiz_ga_how-to-get-a-georgia-permit', 'When taking the Class CP knowledge test, what is the minimum passing score on each of the two sections?', '["60%","70%","75%","85%"]', 2, 'Each section (Road Rules and Road Signs) has 20 questions and requires 15 correct answers, or 75%, to pass.', 2
);
INSERT OR REPLACE INTO quiz_question (id, quizId, prompt, choices, correctIndex, explanation, ordinal) VALUES (
  'q_ga_how-to-get-a-georgia-permit_3', 'quiz_ga_how-to-get-a-georgia-permit', 'Who must accompany an under-18 applicant to the DDS office to apply for a Class CP permit?', '["Any friend over 18","A parent, legal guardian, or responsible adult over 21 who signs the Responsible Adult Affidavit","A licensed driving instructor only","No one — you can apply alone at 15"]', 1, 'Under-18 applicants must be accompanied by a parent, legal guardian, or responsible adult age 21+ who signs the Responsible Adult Affidavit accepting financial responsibility.', 3
);
INSERT OR REPLACE INTO quiz_question (id, quizId, prompt, choices, correctIndex, explanation, ordinal) VALUES (
  'q_ga_how-to-get-a-georgia-permit_4', 'quiz_ga_how-to-get-a-georgia-permit', 'While driving with a Class CP permit, the supervising adult riding in the front seat must be at least how old?', '["18","20","21","25"]', 2, 'Georgia requires the front-seat supervising driver to be at least 21 years old (or a Georgia-licensed driving instructor).', 4
);
INSERT OR REPLACE INTO lesson (id, moduleId, slug, title, body, estimatedSeatMinutes, ordinal) VALUES (
  'lesson_ga_georgia-gdl-restrictions-daily-life', 'module_ga_overlay', 'georgia-gdl-restrictions-daily-life', 'Georgia GDL Restrictions in Daily Life', '# Georgia GDL Restrictions in Daily Life

Getting your Class D provisional license is a milestone, but in Georgia the law treats new teen drivers as a higher-risk group — and the **Teenage and Adult Driver Responsibility Act (TADRA)** wraps several restrictions around that Class D that look very different from a full Class C adult license. Knowing how those restrictions play out in real situations — Friday nights, ride-share invites, late shifts — keeps you legal and on track to upgrade to a full license at 18.

## The nighttime curfew

Class D drivers under 18 **may not drive between 12:00 a.m. and 6:00 a.m.** There are **no exceptions**. Many other states carve out exemptions for work, school events, or medical emergencies. Georgia does not. If your shift at the restaurant ends at 11:30 p.m. and you sit in the parking lot until 12:05 a.m., you are now in violation the moment you pull onto the road. Plan ahead: leave earlier, have a parent pick you up, or have a friend with a full Class C license drive.

## The passenger rule — three phases

Georgia phases passengers in over the first 12 months of holding a Class D:

- **Months 0–6:** No passengers other than members of your immediate family (parents, siblings, step-siblings, grandparents, spouses, children).
- **Months 6–12:** You may have **one** non-family passenger under age 21.
- **After 12 months (still under 18):** You may have up to **three** non-family passengers under age 21.

Passengers age 21 and older never count against your limit. Your siblings never count. But that carload of teammates you want to drive to the game in the first six months? Not legal until you''ve had your Class D for half a year.

## The cell-phone rule for teens

Every licensed driver in Georgia is subject to the **Hands-Free Georgia Act**, which forbids holding a phone while driving. Drivers under 18, however, face a stricter standard: **no wireless device use at all**, including hands-free, Bluetooth, voice-to-text, or speakerphone. The only exception is reporting an emergency. Even using a navigation app counts if it requires you to interact with the device while moving. Mount the phone, set the route before you shift into Drive, and don''t touch it again until you''ve parked.

## Seat belts and passengers in pickup beds

Georgia requires **all occupants under 18** to wear a seat belt in every seating position. Children under 8 must be in an age- and size-appropriate child restraint in the back seat. Riding in the open bed of a pickup truck is illegal for anyone under 18 on any road in Georgia (with narrow agricultural exceptions on farm property). As the driver, you are responsible for compliance — tickets go on **your** record.

## Consequences that bite

Under TADRA, certain convictions while you hold a Class CP or Class D **suspend your license automatically** — no warning, no points-style buildup. These include hit-and-run, racing, fleeing an officer, reckless driving, any drug offense (even one not involving a vehicle), and speeding 24+ mph over the limit. A single suspension can also **reset your 12-month permit clock** and disqualify you from the Class D bump-up. The takeaway: in your first two years of driving, the cost of one careless choice is measured in months, not dollars.

## Living with the rules

The restrictions lift at age 18, when you automatically convert to a Class C license. Until then, build habits — early departures, phone mounted and silenced, friends meeting you at the destination instead of riding along — that match the law. Drivers who treat the curfew and passenger rules as personal policy (not just legal minimums) post dramatically lower crash rates in their first year. That''s the entire point of Georgia''s GDL system.', 30, 1
);
INSERT OR REPLACE INTO quiz (id, lessonId, title, passingScore, shuffleQuestions) VALUES (
  'quiz_ga_georgia-gdl-restrictions-daily-life', 'lesson_ga_georgia-gdl-restrictions-daily-life', 'Georgia GDL Daily-Life Quiz', 80, 1
);
INSERT OR REPLACE INTO quiz_question (id, quizId, prompt, choices, correctIndex, explanation, ordinal) VALUES (
  'q_ga_georgia-gdl-restrictions-daily-life_0', 'quiz_ga_georgia-gdl-restrictions-daily-life', 'A Class D driver under 18 finishes a work shift at 11:55 p.m. Under Georgia law, what is true about her drive home?', '["She may drive home because work is an exception to the curfew","She may drive only if a parent gives her written permission","She may not drive after 12:00 a.m. — Georgia''s curfew has no work exception","The curfew only applies on weekends"]', 2, 'Georgia''s curfew for under-18 Class D holders is midnight to 6 a.m. with no exceptions — work, school, or otherwise.', 0
);
INSERT OR REPLACE INTO quiz_question (id, quizId, prompt, choices, correctIndex, explanation, ordinal) VALUES (
  'q_ga_georgia-gdl-restrictions-daily-life_1', 'quiz_ga_georgia-gdl-restrictions-daily-life', 'During the FIRST 6 months of holding a Class D license, a driver under 18 may carry which passengers?', '["Up to 3 friends under 21","Only immediate family members","One non-family passenger under 21","Anyone, as long as all wear seat belts"]', 1, 'For the first 6 months of Class D, passengers are limited to immediate family. Non-family passengers under 21 are not permitted yet.', 1
);
INSERT OR REPLACE INTO quiz_question (id, quizId, prompt, choices, correctIndex, explanation, ordinal) VALUES (
  'q_ga_georgia-gdl-restrictions-daily-life_2', 'quiz_ga_georgia-gdl-restrictions-daily-life', 'Under Georgia law, a Class D driver under 18 wants to use a hands-free Bluetooth phone call while driving. Is this allowed?', '["Yes, hands-free is always allowed","Yes, but only for calls to a parent","No — drivers under 18 may not use any wireless device, hands-free or otherwise (except to report an emergency)","Yes, but only on highways"]', 2, 'Drivers under 18 in Georgia are prohibited from using ANY wireless device while driving, including hands-free, except to report an emergency.', 2
);
INSERT OR REPLACE INTO quiz_question (id, quizId, prompt, choices, correctIndex, explanation, ordinal) VALUES (
  'q_ga_georgia-gdl-restrictions-daily-life_3', 'quiz_ga_georgia-gdl-restrictions-daily-life', 'Which conviction will automatically suspend a Class D license under TADRA?', '["A parking ticket","Driving 24 mph or more over the speed limit","A burned-out headlight","Forgetting to renew the registration"]', 1, 'Speeding 24+ mph over the limit is one of several offenses that trigger automatic suspension for TADRA-eligible drivers.', 3
);
INSERT OR REPLACE INTO quiz_question (id, quizId, prompt, choices, correctIndex, explanation, ordinal) VALUES (
  'q_ga_georgia-gdl-restrictions-daily-life_4', 'quiz_ga_georgia-gdl-restrictions-daily-life', 'Eight months after getting her Class D, a 17-year-old wants to drive friends to a basketball game. How many non-family passengers under 21 may legally ride with her?', '["0","1","3","Unlimited"]', 1, 'Between months 6 and 12 of holding a Class D, the driver may have only ONE non-family passenger under age 21.', 4
);
INSERT OR REPLACE INTO lesson (id, moduleId, slug, title, body, estimatedSeatMinutes, ordinal) VALUES (
  'lesson_ga_georgia-specific-rules-and-quirks', 'module_ga_overlay', 'georgia-specific-rules-and-quirks', 'Georgia-Specific Rules and Quirks', '# Georgia-Specific Rules and Quirks

Most of what you study in the national driver-ed curriculum applies in Georgia, but several rules are uniquely Georgian — either because the state legislature passed something stricter than the national norm, or because the geography and traffic patterns demanded a local answer. Knowing these saves you from preventable tickets and crashes.

## Joshua''s Law: the 30 + 40 + 6 rule

Named for Joshua Brown, a teenager killed in a 2003 crash, **Joshua''s Law** requires every applicant **under age 17** seeking a Class D license to complete:

- **30 hours of approved classroom driver education**, AND
- **40 hours of supervised driving practice** — at least **6 of which must be at night** — certified on **DDS Form DS-1** by a parent or guardian.

If you wait until you''re 17 or older to apply for Class D, Joshua''s Law no longer applies — but you still need 12 months and 1 day on the permit. Most Georgia families choose the Joshua''s Law route because insurance carriers offer steep discounts to teens with a certified driver-ed completion.

## Super Speeders

Georgia is one of the few states with a **Super Speeder law**. If you''re convicted of driving **75 mph or more on a two-lane road**, or **85 mph or more on any road**, the state tacks on an **additional $200 fee** on top of your local court fine. Miss that fee for 120 days and your license is suspended with an extra $50 reinstatement fee. For a teen driver, that single conviction can also trigger TADRA suspension.

## Move Over Law

Georgia''s Move Over Law requires drivers approaching any stationary emergency, utility, sanitation, **HERO (Highway Emergency Response Operator)**, or tow vehicle displaying flashing lights to **move one lane away** from the vehicle if safely possible. If traffic prevents a lane change, you must slow to a speed below the posted limit and be prepared to stop. Violations carry fines up to $500.

## Slowpoke Law (left-lane rule)

On interstates and limited-access highways with two or more lanes in each direction, Georgia law forbids driving in the **far-left lane** slower than the surrounding flow of traffic. The left lane is for passing. If a faster driver approaches behind you, you must move right — even if you''re already at the speed limit. This is one of the most ticketed rules on I-75 and I-285.

## HOV and HOT lanes around Atlanta

If you''ll be driving anywhere near metro Atlanta, you''ll encounter **HOV (High-Occupancy Vehicle)** lanes on I-75, I-85, and I-285. Most require **2 or more occupants** during operating hours; some sections are **HOT (High-Occupancy Toll)** lanes where solo drivers can buy in via a **Peach Pass** transponder. Crossing the solid double-white line to enter or exit between designated openings is a violation. Read the signs carefully — fines are stiff and cameras are everywhere.

## Headlights, wipers, and weather

Georgia requires headlights **30 minutes after sunset to 30 minutes before sunrise** and **any time visibility is less than 500 feet** — but also any time your **windshield wipers are in continuous use** due to rain, snow, or fog. Daytime running lights do not satisfy this rule; your full headlights must be on.

## School buses on divided highways

Most states require all directions of traffic to stop for a school bus with flashing red lights. Georgia is more nuanced: on a **divided highway with a physical median or barrier**, only traffic following the bus and traffic in lanes traveling the **same direction** must stop. Oncoming traffic separated by a median may proceed with caution. A painted center line or two-way left-turn lane does NOT count as a divided highway — in that case, **all** directions stop.

## DUI for under-21 drivers

The legal **BAC limit is 0.08** for adults, but Georgia''s **Zero Tolerance** law sets it at **0.02** for drivers under 21. A first conviction means a **6-month license suspension** plus the standard DUI penalties. Combine that with TADRA''s automatic suspension trigger for any drug offense, and the lesson is simple: in Georgia, under 21, the only safe number is zero.', 30, 2
);
INSERT OR REPLACE INTO quiz (id, lessonId, title, passingScore, shuffleQuestions) VALUES (
  'quiz_ga_georgia-specific-rules-and-quirks', 'lesson_ga_georgia-specific-rules-and-quirks', 'Georgia Rules and Quirks Quiz', 80, 1
);
INSERT OR REPLACE INTO quiz_question (id, quizId, prompt, choices, correctIndex, explanation, ordinal) VALUES (
  'q_ga_georgia-specific-rules-and-quirks_0', 'quiz_ga_georgia-specific-rules-and-quirks', 'Joshua''s Law requires applicants under age 17 to complete how many hours of classroom instruction and supervised driving?', '["20 classroom + 30 driving, 4 at night","30 classroom + 40 driving, 6 at night","40 classroom + 50 driving, 10 at night","15 classroom + 25 driving, 3 at night"]', 1, 'Joshua''s Law requires 30 hours of classroom driver education plus 40 hours of supervised driving (at least 6 at night), certified on Form DS-1.', 0
);
INSERT OR REPLACE INTO quiz_question (id, quizId, prompt, choices, correctIndex, explanation, ordinal) VALUES (
  'q_ga_georgia-specific-rules-and-quirks_1', 'quiz_ga_georgia-specific-rules-and-quirks', 'Georgia''s Super Speeder law adds a $200 state fee for being convicted of driving at what speed?', '["65 mph or more on any road","75 mph or more on a two-lane road, or 85 mph or more on any road","Any speed 10 mph over the limit","Only for racing on a highway"]', 1, 'The Super Speeder fee applies to convictions of 75+ mph on a two-lane road OR 85+ mph on any road, in addition to local fines.', 1
);
INSERT OR REPLACE INTO quiz_question (id, quizId, prompt, choices, correctIndex, explanation, ordinal) VALUES (
  'q_ga_georgia-specific-rules-and-quirks_2', 'quiz_ga_georgia-specific-rules-and-quirks', 'Under Georgia''s Move Over Law, what must you do when approaching a stationary emergency or tow vehicle with flashing lights?', '["Honk to alert them","Move one lane away if safe; otherwise slow below the speed limit and be prepared to stop","Maintain your speed and pass quickly","Stop completely until they leave"]', 1, 'Move Over requires changing one lane away if safe, or slowing below the speed limit and being prepared to stop if a lane change isn''t possible.', 2
);
INSERT OR REPLACE INTO quiz_question (id, quizId, prompt, choices, correctIndex, explanation, ordinal) VALUES (
  'q_ga_georgia-specific-rules-and-quirks_3', 'quiz_ga_georgia-specific-rules-and-quirks', 'Georgia''s Zero Tolerance law sets the BAC limit for drivers UNDER 21 at:', '["0.00","0.02","0.05","0.08"]', 1, 'Drivers under 21 in Georgia face a 0.02 BAC limit under Zero Tolerance; a first conviction triggers a 6-month suspension.', 3
);
INSERT OR REPLACE INTO quiz_question (id, quizId, prompt, choices, correctIndex, explanation, ordinal) VALUES (
  'q_ga_georgia-specific-rules-and-quirks_4', 'quiz_ga_georgia-specific-rules-and-quirks', 'You''re driving on a four-lane road with a grass median when a school bus traveling the OPPOSITE direction stops with flashing red lights. What must you do?', '["Stop, even though a median separates you","Slow down and pass with caution — only same-direction traffic must stop on a divided highway","Pull off onto the shoulder","Sound your horn and proceed"]', 1, 'On a divided highway with a physical median, only traffic traveling in the same direction as the bus must stop. Oncoming traffic across a median may proceed with caution.', 4
);

-- Hawaii (HI)
INSERT OR REPLACE INTO rule_pack (id, jurisdiction, slug, name, maturity, createdAt) VALUES (
  'rp_hi_teen', 'US-HI', 'hi-teen', 'Hawaii Teen Driver Education', 'level1', unixepoch('now')*1000
);
INSERT OR REPLACE INTO rule_pack_version (id, rulePackId, version, definition, publishedAt, notes, createdAt) VALUES (
  'rpv_hi_teen_1_0_0', 'rp_hi_teen', '1.0.0', '{"credentials":[{"key":"permit_eligibility","label":"Instruction Permit","deliveryMode":"manual"}],"requirements":[{"key":"classroom_hours","label":"Classroom hours","target":30,"unit":"hour"},{"key":"btw_hours","label":"Behind-the-wheel hours","target":6,"unit":"hour"},{"key":"supervised_practice_hours","label":"Supervised practice (parent log)","target":50,"unit":"hour"}],"rules":[{"key":"unlock_permit_eligibility","trigger":"enrollment.state_changed","conditions":{"jurisdiction":"US-HI","minPermitAge":15.5,"classroomHoursCompleted":{"gte":30}},"actions":[{"type":"unlock_credential","credential":"permit_eligibility"},{"type":"set_journey_state","value":"permit_eligible"}]}],"facts":{"agencyName":"Hawaii Department of Transportation / County Driver Licensing Divisions","minPermitAge":15.5,"minLicenseAge":17,"minPermitDurationMonths":6,"nighttimeRestriction":"Provisional license holders under 18 may not drive between 11:00 PM and 5:00 AM unless accompanied by a licensed parent/guardian or driving to/from work, school, or an emergency.","passengerRestriction":"Provisional license holders under 18 may not transport passengers under 18 (other than immediate family) unless accompanied by a licensed parent/guardian aged 21+.","cellPhoneRule":"Hawaii bans all handheld mobile electronic device use while driving for all drivers. Drivers under 18 are prohibited from using any mobile electronic device (handheld or hands-free) while operating a vehicle, except to call 911.","notes":"Hawaii''s driver licensing is administered at the county level (Honolulu, Hawaii, Maui, Kauai) rather than by a single state DMV, though all counties follow state law (HRS Chapter 286). Hawaii uses a three-stage Graduated Driver Licensing (GDL) program: Instruction Permit (min age 15.5), Provisional License (min age 16, after holding permit 6 months), and Full License (min age 17). Driver education is required for anyone under 18 and includes 30 hours classroom + 6 hours behind-the-wheel. Applicants under 18 also need 50 hours of supervised driving (including 10 hours at night) logged and certified by a parent or guardian. Road test scheduling and document requirements vary slightly by county.","needsReview":["Exact minimum permit age (15.5 is widely cited but some county pages may state 15 years 6 months differently)","Whether 10 of the 50 supervised hours must specifically be at night (commonly cited but verify against current HRS)","Provisional license curfew exact hours (11 PM – 5 AM commonly cited)","Whether driver education is mandatory for all under-18 applicants statewide or only for some counties","County-specific permit fees and document checklists","Whether passenger restriction applies for the full provisional period or only first 6 months"]}}', unixepoch('now')*1000, 'Generated; school must review and tweak.', unixepoch('now')*1000
);
INSERT OR REPLACE INTO content_pack (id, slug, name, scope, jurisdiction, description, createdAt) VALUES (
  'cp_hi_teen_overlay', 'hi-teen-overlay', 'Hawaii Teen Overlay', 'state', 'US-HI', 'Hawaii-specific driver education content covering the Aloha State''s county-administered licensing process, three-stage GDL program, and the unique road, weather, and cultural realities of driving across the islands.', unixepoch('now')*1000
);
INSERT OR REPLACE INTO content_pack_version (id, contentPackId, version, notes, publishedAt, createdAt) VALUES (
  'cpv_hi_teen_overlay_1_0_0', 'cp_hi_teen_overlay', '1.0.0', 'Generated by per-state agent; human review required before publishing.', unixepoch('now')*1000, unixepoch('now')*1000
);
INSERT OR REPLACE INTO course (id, contentPackVersionId, slug, title, description, ordinal) VALUES (
  'course_hi_overlay', 'cpv_hi_teen_overlay_1_0_0', 'hi-overlay', 'Hawaii Teen Driver Overlay', 'Hawaii-specific driver education content covering the Aloha State''s county-administered licensing process, three-stage GDL program, and the unique road, weather, and cultural realities of driving across the islands.', 0
);
INSERT OR REPLACE INTO module (id, courseId, slug, title, description, ordinal) VALUES (
  'module_hi_overlay', 'course_hi_overlay', 'hi-teen-overlay', 'Hawaii Teen Driver Overlay', 'Hawaii-specific driver education content covering the Aloha State''s county-administered licensing process, three-stage GDL program, and the unique road, weather, and cultural realities of driving across the islands.', 0
);
INSERT OR REPLACE INTO lesson (id, moduleId, slug, title, body, estimatedSeatMinutes, ordinal) VALUES (
  'lesson_hi_getting-your-hawaii-instruction-permit', 'module_hi_overlay', 'getting-your-hawaii-instruction-permit', 'Getting Your Hawaii Instruction Permit', '# Getting Your Hawaii Instruction Permit

Hawaii is the only U.S. state where driver licensing is handled by **county** Driver Licensing Divisions rather than a centralized state DMV. That means whether you live in Honolulu, Hilo, Kahului, or Lihue, your first stop is your county''s licensing office — not a state office. The rules, however, come from the same place: Hawaii Revised Statutes (HRS) Chapter 286.

## Step 1: Meet the age requirement

You must be **at least 15 years and 6 months old** to apply for a Hawaii **Instruction Permit**. If you are under 18, you must also be enrolled in or have completed an approved driver education program (30 hours of classroom instruction). Most teens complete the classroom portion before applying for the permit because the certificate of completion (or proof of enrollment) is part of the application packet.

## Step 2: Gather your documents

Hawaii is a REAL ID state, and the document requirements are strict. Bring **originals** (no photocopies):

- **Proof of identity**: certified U.S. birth certificate, valid U.S. passport, or permanent resident card.
- **Proof of Social Security number**: SSN card, W-2, or pay stub showing full SSN.
- **Two proofs of Hawaii residency** in your name (or your parent''s name with a signed parental affidavit if you''re a minor). Acceptable items include utility bills, bank statements, school enrollment letters, or a current vehicle registration.
- **Legal presence** if you were not born in the U.S.
- **Parental consent**: a parent or legal guardian must appear in person to sign the application if you are under 18.
- **Driver education enrollment/completion certificate** from a state-approved provider.

## Step 3: Pass the knowledge and vision tests

The Hawaii permit knowledge test covers road signs, right-of-way, GDL restrictions, and Hawaii-specific rules (including the under-18 mobile device ban). It is based on the **Hawaii Driver''s Manual**, available free from each county''s website. You''ll also take a vision screening — corrective lenses are fine, but they''ll be noted on the permit if required.

Most counties charge a permit fee in the **$5–$10** range; bring exact change or a debit card. The permit is valid for **two years** from issuance.

## Step 4: Understand what the permit lets you do

The Instruction Permit is **not** a license. While driving on a permit you must:

1. Be accompanied by a **licensed driver age 21 or older** seated in the front passenger seat.
2. The supervising driver must have held a valid license for at least three years.
3. Drive only between **5:00 AM and 11:00 PM** unless the supervising adult is a parent or guardian.
4. Wear seat belts (everyone in the vehicle must be belted).
5. Not use any mobile electronic device — **at all** — while you are under 18.

You must hold the permit for a **minimum of 180 days (6 months)** before you can apply for a Provisional License. During that time you must log **at least 50 hours of supervised practice**, including roughly **10 hours at night**, on a log sheet that a parent or guardian signs.

## Step 5: Plan ahead

Appointments at county licensing centers — especially Honolulu''s Kapalama and Kapolei sites — book out weeks in advance. Schedule your knowledge test as soon as you finish (or are near finishing) your classroom course. Bring water, snacks, and patience: between document verification, testing, and photo capture, most teens spend two to three hours at the office on permit day.

Once you walk out with your permit, the real learning begins. The next six months of supervised driving — through Honolulu rush hour, narrow Hana Highway curves, or rainy Hilo evenings — are what actually prepare you for a license.', 45, 0
);
INSERT OR REPLACE INTO quiz (id, lessonId, title, passingScore, shuffleQuestions) VALUES (
  'quiz_hi_getting-your-hawaii-instruction-permit', 'lesson_hi_getting-your-hawaii-instruction-permit', 'Hawaii Instruction Permit Quiz', 80, 1
);
INSERT OR REPLACE INTO quiz_question (id, quizId, prompt, choices, correctIndex, explanation, ordinal) VALUES (
  'q_hi_getting-your-hawaii-instruction-permit_0', 'quiz_hi_getting-your-hawaii-instruction-permit', 'What is the minimum age to apply for a Hawaii Instruction Permit?', '["15 years 0 months","15 years 6 months","16 years 0 months","17 years 0 months"]', 1, 'Hawaii requires applicants to be at least 15 years and 6 months old to receive an Instruction Permit.', 0
);
INSERT OR REPLACE INTO quiz_question (id, quizId, prompt, choices, correctIndex, explanation, ordinal) VALUES (
  'q_hi_getting-your-hawaii-instruction-permit_1', 'quiz_hi_getting-your-hawaii-instruction-permit', 'Who administers driver licensing in Hawaii?', '["A single statewide DMV","The Hawaii State Police","The four county Driver Licensing Divisions","The U.S. Department of Transportation"]', 2, 'Hawaii is unique in that each county (Honolulu, Hawaii, Maui, Kauai) operates its own Driver Licensing Division under state law.', 1
);
INSERT OR REPLACE INTO quiz_question (id, quizId, prompt, choices, correctIndex, explanation, ordinal) VALUES (
  'q_hi_getting-your-hawaii-instruction-permit_2', 'quiz_hi_getting-your-hawaii-instruction-permit', 'While driving on an Instruction Permit, who must be in the front passenger seat?', '["Any licensed driver over 18","A licensed driver 21 or older who has held a license at least 3 years","A parent or guardian only","A certified driving instructor only"]', 1, 'The supervising adult must be at least 21 years old and have held a valid driver''s license for at least three years.', 2
);
INSERT OR REPLACE INTO quiz_question (id, quizId, prompt, choices, correctIndex, explanation, ordinal) VALUES (
  'q_hi_getting-your-hawaii-instruction-permit_3', 'quiz_hi_getting-your-hawaii-instruction-permit', 'How long must you hold a Hawaii Instruction Permit before applying for a Provisional License?', '["30 days","90 days","180 days (6 months)","365 days (1 year)"]', 2, 'A minimum 180-day (6-month) permit holding period is required before advancing to a Provisional License.', 3
);
INSERT OR REPLACE INTO quiz_question (id, quizId, prompt, choices, correctIndex, explanation, ordinal) VALUES (
  'q_hi_getting-your-hawaii-instruction-permit_4', 'quiz_hi_getting-your-hawaii-instruction-permit', 'How many hours of supervised driving practice must a Hawaii permit holder log before licensing?', '["20 hours","30 hours","40 hours","50 hours (including ~10 at night)"]', 3, 'Hawaii requires at least 50 logged hours of supervised practice, with roughly 10 of those hours completed at night.', 4
);
INSERT OR REPLACE INTO lesson (id, moduleId, slug, title, body, estimatedSeatMinutes, ordinal) VALUES (
  'lesson_hi_hawaii-gdl-restrictions-in-daily-life', 'module_hi_overlay', 'hawaii-gdl-restrictions-in-daily-life', 'Hawaii GDL Restrictions in Daily Life', '# Hawaii GDL Restrictions in Daily Life

The Hawaii **Graduated Driver Licensing (GDL)** system is built around the idea that crash risk drops dramatically as new drivers gain experience in lower-risk conditions before facing higher-risk ones. The rules look simple on paper, but they shape almost every decision a teen driver makes — from when you can go to a beach bonfire to who can ride home with you after volleyball practice.

## The three GDL stages

1. **Instruction Permit** — minimum age 15.5; must be supervised at all times by a licensed adult 21+ in the front seat.
2. **Provisional License** — minimum age 16, after holding a permit at least 180 days and completing 50 hours of supervised practice. Carries night and passenger restrictions.
3. **Full (unrestricted) License** — minimum age 17, after holding a Provisional License for at least 180 days conviction-free.

This lesson focuses on what life looks like during the **Provisional** stage, because that is when most teens are actually driving solo.

## The nighttime restriction

Provisional license holders under 18 **may not drive between 11:00 PM and 5:00 AM**. There are narrow exceptions:

- A licensed parent or legal guardian is in the front passenger seat.
- You are driving directly to or from **work**, **school**, or a **school-sanctioned event**, and you carry documentation (pay stub, schedule, or note).
- You are responding to a documented **emergency**.

"My friend''s curfew got extended" is not an exception. Hawaii Police Department officers are familiar with provisional plates and license formats, and a violation can extend the provisional period and add fines.

## The passenger restriction

Provisional drivers under 18 **may not carry passengers under 18** other than immediate family members unless a licensed parent/guardian 21+ is also in the car. "Immediate family" means siblings, step-siblings, and others living in your household — not cousins, not classmates, not teammates.

This is the rule teens break most often, usually without thinking. A common scenario: practice ends, three friends need a ride to Zippy''s, you all live nearby. Under Hawaii law, you can take exactly **zero** of them unless one is your sibling. If you wouldn''t pick up a friend in front of a police officer, don''t pick them up at all.

## The cell phone rule that surprises everyone

Hawaii bans **handheld** device use for all drivers. But for drivers **under 18**, the rule is stricter: **no mobile electronic device use of any kind**, including hands-free and Bluetooth. The only exception is calling 911 in an emergency. That means:

- No Spotify changes from your phone, even if it is mounted and you tap the screen at a red light.
- No navigation tapping mid-trip — set the route before you shift into drive.
- No CarPlay/Android Auto interactions that count as "using" the device.
- Yes, this applies even when the car is stopped at a light. "Operating" includes being in control of a vehicle on a public roadway.

Fines start around $250 and increase in school and construction zones.

## Seat belts and passengers

Hawaii has a **primary seat belt law** — officers can stop you for an unbelted occupant alone. Children under 4 must be in a child safety seat; ages 4–7 require a booster unless they meet height/weight thresholds. As the driver, **you are legally responsible** for all passengers under 18 being properly restrained.

## Consequences of violations

A moving violation, GDL restriction violation, or at-fault crash during the Provisional stage typically:

- **Extends** the 180-day Provisional period — the clock restarts from the violation date.
- Adds **points** to your driving record (Hawaii uses an abstract/conviction system rather than formal points, but insurers and the court track each conviction).
- Can trigger **license suspension**, especially for any alcohol-related offense (Hawaii''s under-21 limit is **0.02% BAC**, effectively zero tolerance).

The GDL rules can feel inconvenient, but they exist because 16- and 17-year-old drivers crash at roughly three times the rate of drivers over 20. Following them isn''t just about avoiding tickets — it''s the actual mechanism by which you become a safer driver.', 40, 1
);
INSERT OR REPLACE INTO quiz (id, lessonId, title, passingScore, shuffleQuestions) VALUES (
  'quiz_hi_hawaii-gdl-restrictions-in-daily-life', 'lesson_hi_hawaii-gdl-restrictions-in-daily-life', 'Hawaii GDL Restrictions Quiz', 80, 1
);
INSERT OR REPLACE INTO quiz_question (id, quizId, prompt, choices, correctIndex, explanation, ordinal) VALUES (
  'q_hi_hawaii-gdl-restrictions-in-daily-life_0', 'quiz_hi_hawaii-gdl-restrictions-in-daily-life', 'What are the standard nighttime driving hours prohibited for Hawaii provisional license holders under 18?', '["10:00 PM – 4:00 AM","11:00 PM – 5:00 AM","Midnight – 6:00 AM","9:00 PM – 6:00 AM"]', 1, 'Hawaii''s GDL nighttime restriction runs from 11:00 PM to 5:00 AM unless an exception (parent, work, school, emergency) applies.', 0
);
INSERT OR REPLACE INTO quiz_question (id, quizId, prompt, choices, correctIndex, explanation, ordinal) VALUES (
  'q_hi_hawaii-gdl-restrictions-in-daily-life_1', 'quiz_hi_hawaii-gdl-restrictions-in-daily-life', 'Under Hawaii''s passenger restriction, which passenger may a provisional driver under 18 carry without a supervising adult?', '["Any one friend under 18","A 17-year-old sibling who lives in the same household","Up to three classmates","Any passenger as long as everyone is belted"]', 1, 'Immediate family members (such as siblings in the same household) are exempt from the under-18 passenger restriction.', 1
);
INSERT OR REPLACE INTO quiz_question (id, quizId, prompt, choices, correctIndex, explanation, ordinal) VALUES (
  'q_hi_hawaii-gdl-restrictions-in-daily-life_2', 'quiz_hi_hawaii-gdl-restrictions-in-daily-life', 'Hawaii''s mobile device law for drivers under 18 prohibits which of the following?', '["Only texting while driving","Only handheld phone calls","All mobile electronic device use, including hands-free","Only social media use while driving"]', 2, 'Drivers under 18 in Hawaii may not use any mobile electronic device — handheld or hands-free — except to call 911.', 2
);
INSERT OR REPLACE INTO quiz_question (id, quizId, prompt, choices, correctIndex, explanation, ordinal) VALUES (
  'q_hi_hawaii-gdl-restrictions-in-daily-life_3', 'quiz_hi_hawaii-gdl-restrictions-in-daily-life', 'What is Hawaii''s blood alcohol concentration (BAC) limit for drivers under 21?', '["0.00%","0.02%","0.05%","0.08%"]', 1, 'Hawaii sets a 0.02% BAC limit for drivers under 21, effectively a zero-tolerance standard.', 3
);
INSERT OR REPLACE INTO quiz_question (id, quizId, prompt, choices, correctIndex, explanation, ordinal) VALUES (
  'q_hi_hawaii-gdl-restrictions-in-daily-life_4', 'quiz_hi_hawaii-gdl-restrictions-in-daily-life', 'What typically happens to the 180-day Provisional License period if the driver gets a moving violation?', '["Nothing changes","The period is shortened as a warning","The 180-day clock restarts from the violation date","The license is automatically converted to full"]', 2, 'A moving violation during the provisional stage generally restarts the 180-day clock, delaying eligibility for a full license.', 4
);
INSERT OR REPLACE INTO lesson (id, moduleId, slug, title, body, estimatedSeatMinutes, ordinal) VALUES (
  'lesson_hi_hawaii-specific-road-rules-and-quirks', 'module_hi_overlay', 'hawaii-specific-road-rules-and-quirks', 'Hawaii-Specific Road Rules and Island Quirks', '# Hawaii-Specific Road Rules and Island Quirks

Driving in Hawaii is genuinely different from driving on the mainland. Roads are narrower, weather changes in minutes, the culture around horn-honking is unique, and a handful of state-specific laws routinely catch visitors and new drivers off guard. This lesson covers the rules and habits that make a driver actually competent in the islands.

## Speed limits and the "55 max" reality

Hawaii has one of the **lowest maximum speed limits** in the country: **60 mph on the H-1, H-2, and H-3 freeways on Oahu**, and **55 mph on essentially every other state highway**. Many rural two-lane roads are posted at **35–45 mph**. There are no 70 or 75 mph zones anywhere in the state. Speeding more than **30 mph over the limit** — or driving over **80 mph anywhere** — is **Excessive Speeding**, a *criminal* offense (not a regular traffic infraction) that can mean court appearance, license suspension, and even jail time for repeat offenses.

## Horn etiquette

On the mainland, a horn often means anger. In Hawaii, **horns are largely reserved for emergencies and accident-avoidance**. Honking at someone who is slow off a green light is considered extremely rude and aggressive. The cultural norm is patience: people stop to let cars merge, they wave "shaka" thanks, and drivers behind them wait without honking. Adopt the local pace — you will get there.

## One-lane bridges and yielding

Many roads — especially the **Hana Highway on Maui**, the **Hamakua Coast on Hawaii Island**, and the **north shore of Kauai** — have **one-lane bridges**. Standard rule: the **first vehicle to arrive crosses first**, but if a line has formed on the opposite side, you wait until that line clears, then your side proceeds as a group of **five to seven cars**. Watch the locals and follow their lead — never race a bridge.

## Pedestrians and the crosswalk law

Hawaii has a **very strong pedestrian right-of-way law**. Drivers must **stop and remain stopped** for pedestrians in any crosswalk (marked or unmarked) on the driver''s half of the roadway, plus when the pedestrian is approaching close enough to be in danger. Honolulu enforces this aggressively, with regular sting operations using plainclothes pedestrians. Fines start at $150 and climb sharply.

## Vog, rain, and rainbows

- **Vog** (volcanic smog from Kilauea on Hawaii Island) can drift across all islands, reducing visibility and irritating eyes. Treat it like fog: lower beams on, reduce speed, increase following distance.
- **Trade-wind showers** are intense and brief. Roads can go from dry to flooded in under a minute. Hawaii pavement, especially older asphalt with embedded coral, becomes **extremely slick in the first few minutes of rain** as oils rise. Slow down meaningfully.
- **Rainbows are not a reason to stop in the road.** Pull off completely.

## Flash flooding and gulches

Hawaii has more **flash flood**-related driving deaths per capita than most states. The classic cause: a driver enters a low-water crossing or gulch road with shallow-looking flowing water. **Turn around, don''t drown** — six inches of moving water can sweep a small car. Pay attention to flash flood warnings, especially on windward sides.

## Lava zones and active volcanic hazards (Hawaii Island)

If you drive on Hawaii Island, eruption activity can close roads with little notice. **Never drive across or near active flows**, and respect **road closure signs** even if you can see other cars beyond them — those are often emergency personnel.

## Honu (sea turtles), nene (geese), and feral animals

- Federally protected **Hawaiian green sea turtles** sometimes cross coastal roads. Stop, do not honk, and give them space.
- **Nene**, the state bird, are common road-crossers on Hawaii Island, Maui, and Kauai. They are slow and endangered — hitting one is a federal offense.
- Feral pigs, chickens, and dogs are common, especially at dawn and dusk.

## Documents to carry

Hawaii requires drivers to carry their **license, current registration, and proof of no-fault insurance** at all times. Hawaii is a **no-fault insurance state**, meaning your own policy pays your medical bills regardless of who caused a minor crash. Driving uninsured carries fines of **$500 and up** and possible license suspension.

## The bottom line

Islands are small but the roads are demanding. Lower speeds, gentler temperaments, and respect for the land and other drivers are not just cultural niceties — they are the rules of the road in Hawaii.', 40, 2
);
INSERT OR REPLACE INTO quiz (id, lessonId, title, passingScore, shuffleQuestions) VALUES (
  'quiz_hi_hawaii-specific-road-rules-and-quirks', 'lesson_hi_hawaii-specific-road-rules-and-quirks', 'Hawaii Roads and Rules Quiz', 80, 1
);
INSERT OR REPLACE INTO quiz_question (id, quizId, prompt, choices, correctIndex, explanation, ordinal) VALUES (
  'q_hi_hawaii-specific-road-rules-and-quirks_0', 'quiz_hi_hawaii-specific-road-rules-and-quirks', 'What is the maximum freeway speed limit anywhere in Hawaii?', '["55 mph","60 mph","65 mph","70 mph"]', 1, 'Hawaii''s freeway maximum is 60 mph (on H-1, H-2, H-3); most other state highways are 55 mph or lower.', 0
);
INSERT OR REPLACE INTO quiz_question (id, quizId, prompt, choices, correctIndex, explanation, ordinal) VALUES (
  'q_hi_hawaii-specific-road-rules-and-quirks_1', 'quiz_hi_hawaii-specific-road-rules-and-quirks', 'Driving over 80 mph anywhere in Hawaii is classified as what?', '["A standard traffic infraction","A civil-only fine","Excessive Speeding, a criminal offense","Reckless driving only if a crash occurs"]', 2, 'Going over 80 mph (or 30+ mph over the posted limit) is the criminal offense of Excessive Speeding in Hawaii, with potential jail time.', 1
);
INSERT OR REPLACE INTO quiz_question (id, quizId, prompt, choices, correctIndex, explanation, ordinal) VALUES (
  'q_hi_hawaii-specific-road-rules-and-quirks_2', 'quiz_hi_hawaii-specific-road-rules-and-quirks', 'What is the customary rule at Hawaii''s many one-lane bridges?', '["Larger vehicles always have right of way","Honk loudly before entering","First to arrive crosses; if a line is waiting on the other side, wait for the group to pass before your side proceeds","Vehicles going uphill always yield"]', 2, 'The first vehicle to arrive goes first, but groups of about 5–7 cars typically take turns crossing — and you should follow local practice.', 2
);
INSERT OR REPLACE INTO quiz_question (id, quizId, prompt, choices, correctIndex, explanation, ordinal) VALUES (
  'q_hi_hawaii-specific-road-rules-and-quirks_3', 'quiz_hi_hawaii-specific-road-rules-and-quirks', 'Why is Hawaii pavement especially slick in the first few minutes of rain?', '["The asphalt is colder than mainland asphalt","Oils and residues (and embedded coral) rise to the surface before being washed away","Hawaii uses a unique low-friction sealcoat","Salt spray from the ocean coats the road"]', 1, 'Accumulated oils rise to the surface in the first minutes of rain, making roads — especially older coral-aggregate asphalt — extremely slick.', 3
);
INSERT OR REPLACE INTO quiz_question (id, quizId, prompt, choices, correctIndex, explanation, ordinal) VALUES (
  'q_hi_hawaii-specific-road-rules-and-quirks_4', 'quiz_hi_hawaii-specific-road-rules-and-quirks', 'What kind of insurance state is Hawaii?', '["Tort (at-fault) state","No-fault state","Self-insurance only","State-run insurance pool"]', 1, 'Hawaii is a no-fault insurance state — your own policy covers your medical costs in minor crashes regardless of fault.', 4
);

-- Iowa (IA)
INSERT OR REPLACE INTO rule_pack (id, jurisdiction, slug, name, maturity, createdAt) VALUES (
  'rp_ia_teen', 'US-IA', 'ia-teen', 'Iowa Teen Driver Education', 'level1', unixepoch('now')*1000
);
INSERT OR REPLACE INTO rule_pack_version (id, rulePackId, version, definition, publishedAt, notes, createdAt) VALUES (
  'rpv_ia_teen_1_0_0', 'rp_ia_teen', '1.0.0', '{"credentials":[{"key":"permit_eligibility","label":"Instruction Permit","deliveryMode":"manual"}],"requirements":[{"key":"classroom_hours","label":"Classroom hours","target":30,"unit":"hour"},{"key":"btw_hours","label":"Behind-the-wheel hours","target":6,"unit":"hour"},{"key":"supervised_practice_hours","label":"Supervised practice (parent log)","target":20,"unit":"hour"}],"rules":[{"key":"unlock_permit_eligibility","trigger":"enrollment.state_changed","conditions":{"jurisdiction":"US-IA","minPermitAge":14,"classroomHoursCompleted":{"gte":30}},"actions":[{"type":"unlock_credential","credential":"permit_eligibility"},{"type":"set_journey_state","value":"permit_eligible"}]}],"facts":{"agencyName":"Iowa Department of Transportation (Iowa DOT) - Motor Vehicle Division","minPermitAge":14,"minLicenseAge":16,"minPermitDurationMonths":12,"nighttimeRestriction":"Intermediate license holders may not drive between 12:30 a.m. and 5:00 a.m. unless accompanied by a parent/guardian or driving to/from work, school, or a school-sponsored event.","passengerRestriction":"During the first 6 months of an intermediate license, the driver may not transport more than one unrelated minor passenger unless a parent/guardian or licensed driver age 21+ is in the front seat.","cellPhoneRule":"Drivers under 18 holding an instruction permit, minor school license, or intermediate license are prohibited from using any handheld electronic communication or entertainment device while driving. Texting while driving is banned for all drivers, and as of 2025 Iowa enforces a hands-free law for all drivers.","notes":"Iowa is somewhat unusual in allowing an instruction permit as early as age 14. Iowa also offers a Minor School License (sometimes called a ''school permit'') beginning at age 14.5 that allows limited driving to and from school along designated routes for students who live more than one mile from school. The standard pathway is: Instruction Permit at 14 -> Intermediate License at 16 (after holding the permit for at least 12 months with no convictions in the prior 6 months) -> Full License at 17. Driver education is required for anyone under 18 seeking a license and must include 30 hours classroom plus 6 hours behind-the-wheel. Parents must certify 20 hours of supervised practice (at least 2 hours at night) before the intermediate license is issued.","needsReview":["Exact age threshold for Minor School License (commonly 14.5 but verify current statute)","Whether the 20-hour parent-certified practice requirement still mandates a specific nighttime minimum","Confirm 2025 hands-free law effective date and exact statutory citation","Verify the conviction-free window (6 months) required before intermediate license issuance","Confirm passenger restriction wording - some sources describe the ''one unrelated minor'' rule differently"]}}', unixepoch('now')*1000, 'Generated; school must review and tweak.', unixepoch('now')*1000
);
INSERT OR REPLACE INTO content_pack (id, slug, name, scope, jurisdiction, description, createdAt) VALUES (
  'cp_ia_teen_overlay', 'ia-teen-overlay', 'Iowa Teen Overlay', 'state', 'US-IA', 'Iowa-specific supplement covering the Iowa DOT graduated driver licensing path from instruction permit at 14 through intermediate license and full licensure, including Iowa''s school license, GDL restrictions, and the state''s hands-free distracted driving law.', unixepoch('now')*1000
);
INSERT OR REPLACE INTO content_pack_version (id, contentPackId, version, notes, publishedAt, createdAt) VALUES (
  'cpv_ia_teen_overlay_1_0_0', 'cp_ia_teen_overlay', '1.0.0', 'Generated by per-state agent; human review required before publishing.', unixepoch('now')*1000, unixepoch('now')*1000
);
INSERT OR REPLACE INTO course (id, contentPackVersionId, slug, title, description, ordinal) VALUES (
  'course_ia_overlay', 'cpv_ia_teen_overlay_1_0_0', 'ia-overlay', 'Iowa Teen Driver Overlay', 'Iowa-specific supplement covering the Iowa DOT graduated driver licensing path from instruction permit at 14 through intermediate license and full licensure, including Iowa''s school license, GDL restrictions, and the state''s hands-free distracted driving law.', 0
);
INSERT OR REPLACE INTO module (id, courseId, slug, title, description, ordinal) VALUES (
  'module_ia_overlay', 'course_ia_overlay', 'ia-teen-overlay', 'Iowa Teen Driver Overlay', 'Iowa-specific supplement covering the Iowa DOT graduated driver licensing path from instruction permit at 14 through intermediate license and full licensure, including Iowa''s school license, GDL restrictions, and the state''s hands-free distracted driving law.', 0
);
INSERT OR REPLACE INTO lesson (id, moduleId, slug, title, body, estimatedSeatMinutes, ordinal) VALUES (
  'lesson_ia_how-to-get-an-iowa-instruction-permit', 'module_ia_overlay', 'how-to-get-an-iowa-instruction-permit', 'How to Get an Iowa Instruction Permit', '# Getting Your Iowa Instruction Permit

Iowa is one of the few states in the country where you can begin driving legally at age 14. The first credential on your journey is the **Instruction Permit**, issued by the Iowa Department of Transportation (Iowa DOT) Motor Vehicle Division. This lesson walks you through eligibility, required documents, the testing process, and what the permit allows you to do.

## Who is eligible

To apply for an Iowa Instruction Permit you must be:

- At least **14 years old** on the day you apply.
- Enrolled in (or have completed) an approved Iowa driver education course, OR be enrolled in an approved course at the time of application. Anyone under 18 seeking a license must complete driver education that includes **30 hours of classroom instruction** and **6 hours of behind-the-wheel** training with an Iowa-approved instructor.
- Able to provide proof of identity, Iowa residency, Social Security number, and parent/guardian consent if under 18.

## Documents to bring to the DOT service center

Iowa requires you to verify your identity in person. Bring:

1. **Proof of identity and date of birth** - certified birth certificate or U.S. passport.
2. **Proof of Social Security number** - Social Security card, W-2, or pay stub showing your full SSN.
3. **Two proofs of Iowa residency** - utility bill, bank statement, school record, or similar documents showing your Iowa address.
4. **Parent or legal guardian** must be present (or provide a notarized consent form) to sign for any applicant under 18.
5. **Driver education enrollment or completion certificate** if you''ve started or finished the course.
6. The **application fee** - currently a few dollars for the permit itself.

## The tests

At the service center you will take:

- A **vision screening** (you can wear glasses or contacts).
- A **knowledge test** covering Iowa traffic laws, road signs, and safe driving practices. The Iowa Driver''s Manual is the official study source.
- A **sign recognition test** built into the knowledge exam.

You do **not** take a behind-the-wheel road test for the instruction permit - that test comes later, when you upgrade to an intermediate license.

## What the permit lets you do

An Iowa Instruction Permit allows you to drive **only** when a licensed driver who is at least 21 years old (or a parent/guardian/spouse who is at least 18) is seated next to you in the front seat. You must hold the permit for **at least 12 months** with no traffic convictions in the most recent 6 months before you are eligible to apply for an intermediate license at age 16.

During the permit phase you and a parent or guardian must log at least **20 hours of supervised driving practice**, including a portion at night. Iowa requires the parent to certify these hours on an official form when you apply for the intermediate license.

## The Minor School License option

If you live more than one mile from your school and are at least about 14.5 years old, you may qualify for an Iowa **Minor School License** (often called a school permit). This is a restricted license that lets you drive yourself to and from school activities along designated routes. School officials and a parent must approve the application. The school license is unique to states like Iowa that have large rural populations.

## Next steps

Once you have the permit, focus on building real-world driving experience with your supervising adult. Track every hour. Stay free of tickets. After 12 months, you can move to the intermediate license stage covered in the next lesson.', 45, 0
);
INSERT OR REPLACE INTO quiz (id, lessonId, title, passingScore, shuffleQuestions) VALUES (
  'quiz_ia_how-to-get-an-iowa-instruction-permit', 'lesson_ia_how-to-get-an-iowa-instruction-permit', 'Iowa Instruction Permit Quiz', 80, 1
);
INSERT OR REPLACE INTO quiz_question (id, quizId, prompt, choices, correctIndex, explanation, ordinal) VALUES (
  'q_ia_how-to-get-an-iowa-instruction-permit_0', 'quiz_ia_how-to-get-an-iowa-instruction-permit', 'What is the minimum age to apply for an Iowa Instruction Permit?', '["13","14","15","16"]', 1, 'Iowa allows applicants to obtain an Instruction Permit beginning at age 14, one of the youngest permit ages in the country.', 0
);
INSERT OR REPLACE INTO quiz_question (id, quizId, prompt, choices, correctIndex, explanation, ordinal) VALUES (
  'q_ia_how-to-get-an-iowa-instruction-permit_1', 'quiz_ia_how-to-get-an-iowa-instruction-permit', 'How long must an Iowa teen hold the Instruction Permit before becoming eligible for an Intermediate License?', '["3 months","6 months","9 months","12 months"]', 3, 'Iowa requires the permit be held for at least 12 months with no traffic convictions in the most recent 6 months before an intermediate license is issued.', 1
);
INSERT OR REPLACE INTO quiz_question (id, quizId, prompt, choices, correctIndex, explanation, ordinal) VALUES (
  'q_ia_how-to-get-an-iowa-instruction-permit_2', 'quiz_ia_how-to-get-an-iowa-instruction-permit', 'While driving on an Iowa Instruction Permit, the supervising adult in the front seat must be at least:', '["18 years old, any licensed driver","21 years old (or a parent/guardian/spouse age 18+)","25 years old","Any age, as long as they are licensed"]', 1, 'Iowa requires the supervising driver to be a licensed driver at least 21 years old, or a parent, guardian, or spouse who is at least 18.', 2
);
INSERT OR REPLACE INTO quiz_question (id, quizId, prompt, choices, correctIndex, explanation, ordinal) VALUES (
  'q_ia_how-to-get-an-iowa-instruction-permit_3', 'quiz_ia_how-to-get-an-iowa-instruction-permit', 'How many hours of supervised practice driving must a parent certify before an Iowa teen receives the Intermediate License?', '["10 hours","20 hours","40 hours","50 hours"]', 1, 'Iowa requires 20 hours of parent-certified supervised driving practice, with a portion completed at night.', 3
);
INSERT OR REPLACE INTO quiz_question (id, quizId, prompt, choices, correctIndex, explanation, ordinal) VALUES (
  'q_ia_how-to-get-an-iowa-instruction-permit_4', 'quiz_ia_how-to-get-an-iowa-instruction-permit', 'Which test is NOT part of the Iowa Instruction Permit application?', '["Vision screening","Knowledge (written) test","Behind-the-wheel road test","Road sign recognition"]', 2, 'The behind-the-wheel road test is required for the Intermediate License, not the Instruction Permit. The permit only requires vision, knowledge, and sign tests.', 4
);
INSERT OR REPLACE INTO lesson (id, moduleId, slug, title, body, estimatedSeatMinutes, ordinal) VALUES (
  'lesson_ia_iowa-gdl-restrictions-in-daily-life', 'module_ia_overlay', 'iowa-gdl-restrictions-in-daily-life', 'Iowa GDL Restrictions in Daily Life', '# Living With Iowa''s Graduated Driver Licensing Rules

Getting your Iowa Intermediate License at 16 is a huge milestone, but the law still places real limits on when and how you can drive until you turn 17 and get a full license. These rules are called **Graduated Driver Licensing (GDL)** restrictions, and Iowa law enforcement takes them seriously. This lesson translates the rulebook into the situations you''ll actually face.

## The intermediate license at a glance

After holding an Iowa Instruction Permit for 12 months without convictions and passing the behind-the-wheel road test, a 16-year-old can get an **Intermediate License**. This license lets you drive alone, but with three big categories of restrictions: **nighttime hours, passengers, and electronic devices.**

## Nighttime driving

From **12:30 a.m. to 5:00 a.m.**, an Iowa intermediate driver may not be behind the wheel unless one of these exceptions applies:

- A parent, guardian, or licensed driver age 21+ is riding in the front seat.
- You''re driving directly to or from work.
- You''re driving directly to or from a school or school-sponsored event.
- You''re driving for an authorized religious or charitable activity.

Real-life example: leaving a friend''s house at 1:00 a.m. on a Saturday isn''t allowed. Leaving your closing shift at the grocery store at 1:00 a.m. and driving straight home is allowed. If you get pulled over after midnight, expect the officer to ask where you''re coming from and where you''re going.

## Passenger limits

For the **first 6 months** of your intermediate license, you can transport **no more than one unrelated minor passenger** unless a parent, guardian, or licensed driver age 21+ is in the front seat. Family members (siblings, cousins who live with you) generally don''t count toward the limit, but unrelated friends do.

Why this matters: research consistently shows that crash risk for teen drivers multiplies with each additional teen passenger. Iowa''s law is designed to protect both you and your friends.

After 6 months of clean driving (no convictions), the passenger restriction lifts automatically - you do not have to file paperwork.

## Phones and electronic devices

Iowa is strict about distracted driving for teens:

- If you are **under 18** and hold a permit, school license, or intermediate license, you may **not use any handheld electronic communication or entertainment device** while driving. That includes phones, tablets, gaming devices, and music players.
- **Texting while driving is illegal for everyone** in Iowa, regardless of age.
- Iowa''s **hands-free law** (effective in 2025) prohibits all drivers from holding a phone while driving. You can use Bluetooth, a dashboard mount, or voice controls, but the phone cannot be in your hand.

A single phone-related citation can extend your GDL restrictions and may delay your full license.

## Seat belts and passengers

Iowa law requires every occupant in the front seat to wear a seat belt, and all passengers under 18 must be belted regardless of where they sit. As the driver, you can be ticketed for an unbelted minor passenger.

## What happens if you get a ticket

A moving violation conviction during your intermediate license phase can:

- Reset the 6-month clean-driving window required before passenger limits lift.
- Delay your full license eligibility past age 17.
- Trigger driver improvement requirements or license suspension for repeated offenses.

## When restrictions end

At age **17**, after holding the intermediate license without disqualifying convictions, Iowa drivers can upgrade to a **full unrestricted license**. The nighttime, passenger, and youth phone rules drop away - but the texting ban and hands-free rules continue to apply to every driver on the road.

Live within the rules for one year and you''ll graduate with both a clean record and the habits that keep you alive on Iowa roads.', 40, 1
);
INSERT OR REPLACE INTO quiz (id, lessonId, title, passingScore, shuffleQuestions) VALUES (
  'quiz_ia_iowa-gdl-restrictions-in-daily-life', 'lesson_ia_iowa-gdl-restrictions-in-daily-life', 'Iowa GDL Restrictions Quiz', 80, 1
);
INSERT OR REPLACE INTO quiz_question (id, quizId, prompt, choices, correctIndex, explanation, ordinal) VALUES (
  'q_ia_iowa-gdl-restrictions-in-daily-life_0', 'quiz_ia_iowa-gdl-restrictions-in-daily-life', 'During what hours are Iowa intermediate license holders generally prohibited from driving alone?', '["10:00 p.m. to 5:00 a.m.","11:00 p.m. to 6:00 a.m.","12:30 a.m. to 5:00 a.m.","1:00 a.m. to 6:00 a.m."]', 2, 'Iowa''s intermediate license nighttime restriction runs from 12:30 a.m. to 5:00 a.m., with exceptions for work, school, and religious activities.', 0
);
INSERT OR REPLACE INTO quiz_question (id, quizId, prompt, choices, correctIndex, explanation, ordinal) VALUES (
  'q_ia_iowa-gdl-restrictions-in-daily-life_1', 'quiz_ia_iowa-gdl-restrictions-in-daily-life', 'Which of the following is a valid exception to Iowa''s intermediate-license nighttime driving rule?', '["Driving home from a friend''s birthday party","Driving to a late-night movie","Driving directly home from your work shift","Driving to pick up fast food"]', 2, 'Driving directly to or from employment is an explicit exception to Iowa''s nighttime restriction. Social trips like parties or movies are not.', 1
);
INSERT OR REPLACE INTO quiz_question (id, quizId, prompt, choices, correctIndex, explanation, ordinal) VALUES (
  'q_ia_iowa-gdl-restrictions-in-daily-life_2', 'quiz_ia_iowa-gdl-restrictions-in-daily-life', 'For how long after receiving the Iowa Intermediate License does the unrelated-minor passenger restriction apply?', '["30 days","3 months","6 months","12 months"]', 2, 'The one-unrelated-minor passenger limit applies for the first 6 months of the intermediate license, assuming no convictions during that period.', 2
);
INSERT OR REPLACE INTO quiz_question (id, quizId, prompt, choices, correctIndex, explanation, ordinal) VALUES (
  'q_ia_iowa-gdl-restrictions-in-daily-life_3', 'quiz_ia_iowa-gdl-restrictions-in-daily-life', 'Under Iowa law, a driver under 18 with an intermediate license may:', '["Send a quick text at a red light","Hold a phone for navigation only","Use no handheld electronic device while driving","Use any device as long as it is one-handed"]', 2, 'Iowa prohibits drivers under 18 from using any handheld electronic communication or entertainment device while driving.', 3
);
INSERT OR REPLACE INTO quiz_question (id, quizId, prompt, choices, correctIndex, explanation, ordinal) VALUES (
  'q_ia_iowa-gdl-restrictions-in-daily-life_4', 'quiz_ia_iowa-gdl-restrictions-in-daily-life', 'At what age can an Iowa driver typically upgrade from the Intermediate License to a full, unrestricted license?', '["16","17","18","21"]', 1, 'Iowa drivers can upgrade to a full license at age 17 if they have held the intermediate license without disqualifying convictions.', 4
);
INSERT OR REPLACE INTO lesson (id, moduleId, slug, title, body, estimatedSeatMinutes, ordinal) VALUES (
  'lesson_ia_iowa-specific-rules-and-quirks', 'module_ia_overlay', 'iowa-specific-rules-and-quirks', 'Iowa-Specific Rules and Quirks', '# Iowa Road Rules You Won''t Find Everywhere

Every state has a handful of laws and driving situations that surprise newcomers. Iowa is no exception. Whether it''s the state''s distinctive **Minor School License**, the rules of a four-way stop in a small town, or how to share a rural highway with a tractor, this lesson covers the Iowa quirks that often catch new drivers off guard.

## The Minor School License (school permit)

Iowa is one of a small group of states that issues a **Minor School License** to students roughly age 14 and 6 months and older who live more than one mile from their school. With a school license you can drive:

- Directly between your home and your school.
- To and from school-approved extracurricular activities along designated routes.
- During hours approved by school officials.

To qualify, you need parental and school approval, completion of an approved driver education course, and a clean driving record. Violating the school license restrictions can lead to revocation and delay your standard licensing path.

## Move Over Law

Iowa''s **Move Over Law** requires drivers approaching any stationary emergency vehicle, tow truck, utility vehicle, or maintenance vehicle with flashing lights to:

- Move to a non-adjacent lane if you can do so safely, or
- Slow down well below the speed limit if moving over isn''t possible.

This applies on all roads, not just interstates. Fines escalate sharply if a worker or first responder is injured.

## Rural roads, gravel, and farm equipment

More than 60% of Iowa''s roads are rural, and many are gravel or chip-sealed. Key habits:

- **Reduce speed on gravel.** Loose surfaces dramatically lengthen stopping distance and reduce steering control. Pass oncoming vehicles slowly to avoid windshield damage from kicked-up rocks.
- **Watch for farm equipment.** Tractors, combines, and grain wagons often travel 15-25 mph and may take up part of your lane. The orange triangle (''slow-moving vehicle'' emblem) is your warning. Never pass on a hill, curve, or near a field entrance - the farmer may turn left into a field without warning.
- **Yield at uncontrolled rural intersections.** Many gravel-road intersections have no signs at all. Treat them as yield situations, slow significantly, and look both ways.

## Severe weather

Iowa drivers face all four seasons in extreme form:

- **Winter:** black ice, blowing snow, and ground blizzards can drop visibility to zero. Iowa DOT''s 511ia.org provides real-time road conditions. State law allows authorities to ban non-essential travel during severe storms.
- **Spring/summer:** thunderstorms, hail, and tornadoes. If you encounter a tornado warning, exit the highway and seek a sturdy building - do not shelter under an overpass.
- **Fall:** deer collisions peak in October and November. Use high beams when safe, scan ditches, and brake firmly if you see one deer (others usually follow).

## Headlights and wipers

Iowa law requires headlights from sunset to sunrise and any time visibility is less than 500 feet. If your **windshield wipers are on due to weather, your headlights must also be on** - a common ''wipers-on, lights-on'' rule that catches many new drivers.

## Bicycles and pedestrians

Bicycles are vehicles in Iowa and have the same right to the road. When passing a cyclist you must leave a safe distance (best practice and required equipment such as the ''Iowa Three Feet Please'' campaign guidance: give at least three feet). RAGBRAI, the annual cross-state bicycle ride, briefly turns rural highways into bike highways every July - plan ahead.

## Seat belts and child restraints

Iowa is a **primary seat belt state** for front-seat occupants, meaning an officer can pull you over solely for an unbelted driver or front passenger. All children under 18 must be properly restrained, and children under age 1 (or under 20 lbs) must be in a rear-facing child safety seat.

## Open container and alcohol

Iowa has a **zero-tolerance law** for drivers under 21: a blood alcohol concentration of 0.02% or higher triggers license suspension. Open alcohol containers in the passenger area of any vehicle are illegal, even for adults.

Understanding these Iowa-specific details will keep you safer and keep your license clean as you progress through the GDL system.', 35, 2
);
INSERT OR REPLACE INTO quiz (id, lessonId, title, passingScore, shuffleQuestions) VALUES (
  'quiz_ia_iowa-specific-rules-and-quirks', 'lesson_ia_iowa-specific-rules-and-quirks', 'Iowa Specific Rules Quiz', 80, 1
);
INSERT OR REPLACE INTO quiz_question (id, quizId, prompt, choices, correctIndex, explanation, ordinal) VALUES (
  'q_ia_iowa-specific-rules-and-quirks_0', 'quiz_ia_iowa-specific-rules-and-quirks', 'Who is the Iowa Minor School License primarily designed for?', '["Urban teens who want to drive to social events","Rural students who live more than one mile from school","College students under 18","Out-of-state students attending Iowa schools"]', 1, 'The Minor School License is designed for students (typically around age 14.5) who live more than one mile from school, allowing limited driving along approved routes.', 0
);
INSERT OR REPLACE INTO quiz_question (id, quizId, prompt, choices, correctIndex, explanation, ordinal) VALUES (
  'q_ia_iowa-specific-rules-and-quirks_1', 'quiz_ia_iowa-specific-rules-and-quirks', 'Under Iowa''s Move Over Law, when you approach a stopped emergency or maintenance vehicle with flashing lights, you must:', '["Maintain speed and stay in your lane","Honk to acknowledge them","Change to a non-adjacent lane if safe, otherwise slow down significantly","Stop completely until they wave you past"]', 2, 'Iowa requires drivers to move over to a non-adjacent lane when safe, or slow down well below the speed limit if moving over isn''t possible.', 1
);
INSERT OR REPLACE INTO quiz_question (id, quizId, prompt, choices, correctIndex, explanation, ordinal) VALUES (
  'q_ia_iowa-specific-rules-and-quirks_2', 'quiz_ia_iowa-specific-rules-and-quirks', 'Iowa''s ''wipers-on, lights-on'' rule means:', '["Headlights must be on whenever the windshield wipers are operating due to weather","Wipers must be on whenever headlights are on","Only required at night","Only required on interstates"]', 0, 'Iowa law requires headlights to be on whenever your wipers are operating because of precipitation, and any time visibility is below 500 feet.', 2
);
INSERT OR REPLACE INTO quiz_question (id, quizId, prompt, choices, correctIndex, explanation, ordinal) VALUES (
  'q_ia_iowa-specific-rules-and-quirks_3', 'quiz_ia_iowa-specific-rules-and-quirks', 'What is the blood alcohol concentration limit for Iowa drivers under age 21?', '["0.00%","0.02%","0.05%","0.08%"]', 1, 'Iowa''s zero-tolerance law sets the limit at 0.02% BAC for drivers under 21, with license suspension as the consequence.', 3
);
INSERT OR REPLACE INTO quiz_question (id, quizId, prompt, choices, correctIndex, explanation, ordinal) VALUES (
  'q_ia_iowa-specific-rules-and-quirks_4', 'quiz_ia_iowa-specific-rules-and-quirks', 'When following a tractor or combine displaying the orange slow-moving vehicle emblem on a rural Iowa road, the safest action is to:', '["Pass immediately, even on a hill or curve","Tailgate to encourage the operator to speed up","Stay back, watch for turns into field entrances, and pass only when you have a clear straight view","Use the shoulder to pass"]', 2, 'Farm equipment often turns into field entrances without much warning. Stay back, be patient, and pass only with a long, clear, straight stretch of road.', 4
);

-- Idaho (ID)
INSERT OR REPLACE INTO rule_pack (id, jurisdiction, slug, name, maturity, createdAt) VALUES (
  'rp_id_teen', 'US-ID', 'id-teen', 'Idaho Teen Driver Education', 'level1', unixepoch('now')*1000
);
INSERT OR REPLACE INTO rule_pack_version (id, rulePackId, version, definition, publishedAt, notes, createdAt) VALUES (
  'rpv_id_teen_1_0_0', 'rp_id_teen', '1.0.0', '{"credentials":[{"key":"permit_eligibility","label":"Supervised Instruction Permit (SIP)","deliveryMode":"manual"}],"requirements":[{"key":"classroom_hours","label":"Classroom hours","target":30,"unit":"hour"},{"key":"btw_hours","label":"Behind-the-wheel hours","target":6,"unit":"hour"},{"key":"supervised_practice_hours","label":"Supervised practice (parent log)","target":50,"unit":"hour"}],"rules":[{"key":"unlock_permit_eligibility","trigger":"enrollment.state_changed","conditions":{"jurisdiction":"US-ID","minPermitAge":14.5,"classroomHoursCompleted":{"gte":30}},"actions":[{"type":"unlock_credential","credential":"permit_eligibility"},{"type":"set_journey_state","value":"permit_eligible"}]}],"facts":{"agencyName":"Idaho Transportation Department, Division of Motor Vehicles","minPermitAge":14.5,"minLicenseAge":15,"minPermitDurationMonths":6,"nighttimeRestriction":"Drivers under 17 may not drive between sunset and sunrise unless accompanied by a licensed driver age 21 or older.","passengerRestriction":"During the first 6 months of licensure, drivers under 17 may not transport more than one passenger under age 17 who is not an immediate family member.","cellPhoneRule":"Idaho prohibits handheld use of a mobile electronic device (including texting and calls) by all drivers statewide; the only exceptions are hands-free use and emergency calls. Drivers under 17 should treat the vehicle as a no-phone zone.","notes":"Idaho requires teens under 17 to complete a state-approved driver education course (30 hours classroom + 6 hours behind-the-wheel + 6 hours observation) before getting a Supervised Instruction Permit. The SIP must be held for at least 6 months with no traffic violations before applying for a driver''s license. Teens must log at least 50 hours of supervised practice (including 10 hours at night) during the permit period. The driver''s license is restricted until age 17.","needsReview":["Exact minimum age (14.5 vs 15) for SIP eligibility — Idaho rule is completion of driver ed plus age 14.5","Whether observation hours (6) count toward the ''required BTW'' total or are reported separately","Exact passenger restriction text and family exemption wording","Current statewide handheld device statute citation and effective date","Whether nighttime restriction ends at 17 or upon obtaining unrestricted license","Supervised practice log requirement of 50 hours including 10 night hours — verify current ITD rule"]}}', unixepoch('now')*1000, 'Generated; school must review and tweak.', unixepoch('now')*1000
);
INSERT OR REPLACE INTO content_pack (id, slug, name, scope, jurisdiction, description, createdAt) VALUES (
  'cp_id_teen_overlay', 'id-teen-overlay', 'Idaho Teen Overlay', 'state', 'US-ID', 'Idaho-specific module covering the Supervised Instruction Permit pathway, Graduated Driver Licensing (GDL) restrictions, and quirks of driving in the Gem State — from rural two-lanes to mountain passes and wildlife corridors.', unixepoch('now')*1000
);
INSERT OR REPLACE INTO content_pack_version (id, contentPackId, version, notes, publishedAt, createdAt) VALUES (
  'cpv_id_teen_overlay_1_0_0', 'cp_id_teen_overlay', '1.0.0', 'Generated by per-state agent; human review required before publishing.', unixepoch('now')*1000, unixepoch('now')*1000
);
INSERT OR REPLACE INTO course (id, contentPackVersionId, slug, title, description, ordinal) VALUES (
  'course_id_overlay', 'cpv_id_teen_overlay_1_0_0', 'id-overlay', 'Idaho Teen Driver Overlay', 'Idaho-specific module covering the Supervised Instruction Permit pathway, Graduated Driver Licensing (GDL) restrictions, and quirks of driving in the Gem State — from rural two-lanes to mountain passes and wildlife corridors.', 0
);
INSERT OR REPLACE INTO module (id, courseId, slug, title, description, ordinal) VALUES (
  'module_id_overlay', 'course_id_overlay', 'id-teen-overlay', 'Idaho Teen Driver Overlay', 'Idaho-specific module covering the Supervised Instruction Permit pathway, Graduated Driver Licensing (GDL) restrictions, and quirks of driving in the Gem State — from rural two-lanes to mountain passes and wildlife corridors.', 0
);
INSERT OR REPLACE INTO lesson (id, moduleId, slug, title, body, estimatedSeatMinutes, ordinal) VALUES (
  'lesson_id_how-to-get-an-idaho-permit', 'module_id_overlay', 'how-to-get-an-idaho-permit', 'How to Get Your Idaho Supervised Instruction Permit', '# How to Get Your Idaho Supervised Instruction Permit

In Idaho, the first step toward driving is the **Supervised Instruction Permit (SIP)** — not a ''learner''s permit'' like in some other states. The SIP is issued by the **Idaho Transportation Department (ITD), Division of Motor Vehicles**, and it has a few rules unique to Idaho you''ll want to understand before you walk into a county DMV office.

## Who can apply

If you are **under 17**, Idaho law requires you to complete a state-approved driver education program **before** you can be issued a SIP. That means you cannot just show up at the DMV at age 15 and take a knowledge test — you must first finish:

- **30 hours of classroom instruction**
- **6 hours of behind-the-wheel (BTW) driving** with a certified instructor
- **6 hours of in-car observation** (riding along while another student drives)

Once you have completed driver education and are at least **14 years and 6 months old**, your instructor will provide an **ITD Form (driver education completion certificate)** that you take to the DMV.

If you are **17 or older**, Idaho does not require driver education — you can apply for an instruction permit directly, hold it for the required period, and then test for your license.

## What to bring to the DMV

Idaho is a ''REAL ID'' state, so documentation matters. Bring:

1. **Proof of identity** — certified birth certificate or valid U.S. passport.
2. **Proof of Social Security number** — Social Security card, W-2, or pay stub showing the full SSN.
3. **Two proofs of Idaho residency** — utility bill, lease, school enrollment record, or a parent''s documents accompanied by an affidavit.
4. **Driver education completion certificate** (if under 17).
5. **Parent or legal guardian** — a parent must appear in person to sign the application accepting financial responsibility.
6. **Fees** — the SIP fee is set by ITD and varies slightly by county; expect roughly $30 (verify with your local office).

## The knowledge and vision tests

At the DMV you will take:

- A **vision screening** (20/40 in at least one eye, with or without correction).
- A **written knowledge test** covering the *Idaho Driver''s Manual* — road signs, right-of-way, GDL rules, and safe driving practices.

The knowledge test is typically 40 questions; you must score at least **34 correct (85%)** to pass. If you fail, Idaho generally requires you to wait at least **3 days** before retesting.

## After you get the SIP

Once issued, the SIP must be held for **at least 6 months without any traffic violations**. During that time you must:

- Drive only while supervised by a licensed driver who is **at least 21 years old** and seated in the front passenger seat.
- Log at least **50 hours of supervised practice**, including **10 hours at night**.
- Avoid alcohol or controlled substances entirely (Idaho enforces zero tolerance for drivers under 21).

Any traffic violation during the 6-month permit period **resets the clock** — you must wait another 6 violation-free months before you can apply for a license. This is one of the strictest provisions in Idaho''s GDL system, so treat every drive as if your license eligibility depends on it. Because it does.

## Driver''s license eligibility

At **15 years old**, having held the SIP for 6 violation-free months and completed driver ed, you can take the **skills (road) test** at a third-party tester or DMV. Pass it, and ITD issues a **restricted driver''s license** that carries GDL restrictions until you turn **17**. We''ll cover those restrictions in the next lesson.', 45, 0
);
INSERT OR REPLACE INTO quiz (id, lessonId, title, passingScore, shuffleQuestions) VALUES (
  'quiz_id_how-to-get-an-idaho-permit', 'lesson_id_how-to-get-an-idaho-permit', 'Getting Your Idaho SIP — Quiz', 80, 1
);
INSERT OR REPLACE INTO quiz_question (id, quizId, prompt, choices, correctIndex, explanation, ordinal) VALUES (
  'q_id_how-to-get-an-idaho-permit_0', 'quiz_id_how-to-get-an-idaho-permit', 'What is the minimum age to be issued an Idaho Supervised Instruction Permit if you are under 17?', '["14 years old","14 years, 6 months old","15 years old","15 years, 6 months old"]', 1, 'Teens under 17 must be at least 14.5 years old AND have completed an approved driver education course before being issued a SIP.', 0
);
INSERT OR REPLACE INTO quiz_question (id, quizId, prompt, choices, correctIndex, explanation, ordinal) VALUES (
  'q_id_how-to-get-an-idaho-permit_1', 'quiz_id_how-to-get-an-idaho-permit', 'Which agency issues Idaho driver permits and licenses?', '["Idaho Department of Public Safety","Idaho State Police","Idaho Transportation Department, Division of Motor Vehicles","Idaho Secretary of State"]', 2, 'The Idaho Transportation Department (ITD) Division of Motor Vehicles is responsible for driver licensing, working through county sheriff DMV offices.', 1
);
INSERT OR REPLACE INTO quiz_question (id, quizId, prompt, choices, correctIndex, explanation, ordinal) VALUES (
  'q_id_how-to-get-an-idaho-permit_2', 'quiz_id_how-to-get-an-idaho-permit', 'Driver education for an Idaho teen under 17 requires which combination of hours?', '["20 classroom + 6 BTW + 6 observation","30 classroom + 6 BTW + 6 observation","30 classroom + 10 BTW + 0 observation","40 classroom + 4 BTW + 4 observation"]', 1, 'Idaho requires 30 hours of classroom instruction, 6 hours of behind-the-wheel driving, and 6 hours of in-car observation.', 2
);
INSERT OR REPLACE INTO quiz_question (id, quizId, prompt, choices, correctIndex, explanation, ordinal) VALUES (
  'q_id_how-to-get-an-idaho-permit_3', 'quiz_id_how-to-get-an-idaho-permit', 'How long must an Idaho teen hold the SIP — and under what conditions — before applying for a driver''s license?', '["3 months with no more than one violation","6 months with no traffic violations","6 months regardless of violations","12 months with no traffic violations"]', 1, 'The SIP must be held for at least 6 months with NO traffic violations. Any violation resets the 6-month clock.', 3
);
INSERT OR REPLACE INTO quiz_question (id, quizId, prompt, choices, correctIndex, explanation, ordinal) VALUES (
  'q_id_how-to-get-an-idaho-permit_4', 'quiz_id_how-to-get-an-idaho-permit', 'Who must accompany an Idaho SIP holder when driving?', '["Any licensed driver age 18 or older","A licensed driver age 21 or older, seated in the front passenger seat","A parent or legal guardian only","A certified driving instructor only"]', 1, 'A SIP holder must drive with a licensed driver at least 21 years old seated in the front passenger seat — not a parent specifically, but they must be 21+.', 4
);
INSERT OR REPLACE INTO lesson (id, moduleId, slug, title, body, estimatedSeatMinutes, ordinal) VALUES (
  'lesson_id_idaho-gdl-restrictions-daily-life', 'module_id_overlay', 'idaho-gdl-restrictions-daily-life', 'Idaho GDL Restrictions in Daily Life', '# Idaho GDL Restrictions in Daily Life

Passing the skills test and getting your Idaho driver''s license at 15 does **not** give you full driving privileges. Idaho operates a **Graduated Driver Licensing (GDL)** system designed to ease new drivers into the riskiest situations — nighttime driving, peer passengers, and distractions — gradually. These restrictions stay in place until you turn **17**, no matter how skilled you become.

Understanding what you can and can''t do, day to day, helps you avoid tickets that could cost you your license — and helps your family plan around your driving.

## The nighttime restriction

Idaho restricts drivers under 17 from driving between **sunset and sunrise** unless accompanied by a licensed driver age 21 or older in the front passenger seat. Note that this is **sunset**, not a fixed clock time like 10 p.m. or midnight — which means the restriction window stretches longer in winter and shrinks in summer. In Boise in December, sunset is around 5:10 p.m.; in late June it''s nearly 9:30 p.m.

Practical examples:
- A 16-year-old who finishes a study session at the library at 6 p.m. on a December evening is already driving illegally if they''re alone.
- The same drive in June would be fine until well after 9 p.m.
- A high school basketball game ending at 10 p.m. in February requires a 21+ supervisor for the ride home.

There are limited exceptions for driving to or from authorized employment or a school-sanctioned activity, but you should carry documentation (a work schedule, a coach''s note) if you rely on these exceptions.

## The passenger restriction

During the **first 6 months** after getting your driver''s license, drivers under 17 may not transport **more than one passenger under age 17** who is not an immediate family member. ''Immediate family'' means siblings, stepsiblings, or other minors who live in your household.

Why this rule exists: national crash data show that a teen driver''s fatal crash risk roughly doubles with one teen passenger and quadruples with three or more. Idaho''s GDL aligns with that research.

Practical examples:
- You can drive your two younger siblings to school — both are immediate family.
- You can drive one friend to soccer practice — one non-family minor is allowed.
- You cannot drive three friends to a movie — that''s three non-family minors.
- After six violation-free months, the passenger restriction lifts (though the nighttime restriction continues until age 17).

## The cell phone rule

Idaho has a **statewide handheld device ban** for all drivers — not just teens. You may not hold a phone to talk, text, scroll, navigate, or take a video while driving. Hands-free use (Bluetooth, dashboard mount with voice commands) is allowed for adults, and emergency 911 calls are always allowed.

For SIP and GDL-restricted drivers, the safest and clearest standard is **no phone use at all** while the vehicle is in motion. Pull into a parking lot if you need to text, check directions, or change music.

First offense for handheld use is a fine (currently around $75); second and third offenses escalate quickly and can include points on your driving record.

## Zero tolerance for alcohol

Idaho enforces a **0.02% BAC** limit for drivers under 21. Practically, that''s zero tolerance — even a single drink can trigger a license suspension. For SIP and GDL drivers, any alcohol-related offense also resets your eligibility for an unrestricted license.

## Seat belts and child passengers

Idaho law requires all front-seat occupants to wear seat belts and all passengers under 18 to be belted, regardless of seating position. As the driver, **you are responsible** for every minor in your vehicle being properly restrained — even if they''re old enough to buckle themselves.

## Violations and consequences

Any moving violation during the GDL period can:
- Reset the 6-month clean record needed to remove the passenger restriction.
- Trigger a mandatory driver-improvement course.
- Result in a license suspension at 3 violations within 12 months for drivers under 17.

The simplest rule: **drive like every trip is being graded** — because for the first year or two, it effectively is.', 40, 1
);
INSERT OR REPLACE INTO quiz (id, lessonId, title, passingScore, shuffleQuestions) VALUES (
  'quiz_id_idaho-gdl-restrictions-daily-life', 'lesson_id_idaho-gdl-restrictions-daily-life', 'Idaho GDL Daily Life — Quiz', 80, 1
);
INSERT OR REPLACE INTO quiz_question (id, quizId, prompt, choices, correctIndex, explanation, ordinal) VALUES (
  'q_id_idaho-gdl-restrictions-daily-life_0', 'quiz_id_idaho-gdl-restrictions-daily-life', 'Idaho''s nighttime driving restriction for drivers under 17 begins at:', '["10:00 p.m.","Midnight","Sunset","9:00 p.m. year-round"]', 2, 'Idaho''s restriction is tied to sunset, not a fixed clock time. The window expands in winter and shrinks in summer.', 0
);
INSERT OR REPLACE INTO quiz_question (id, quizId, prompt, choices, correctIndex, explanation, ordinal) VALUES (
  'q_id_idaho-gdl-restrictions-daily-life_1', 'quiz_id_idaho-gdl-restrictions-daily-life', 'During the first 6 months after licensure, a 16-year-old Idaho driver may transport:', '["No passengers at all","Only immediate family members","One non-family passenger under 17, plus any number of immediate family members","Up to three friends under 17"]', 2, 'Idaho limits drivers under 17 to one non-family passenger under 17 during the first 6 months. Immediate family (siblings/household minors) don''t count toward the limit.', 1
);
INSERT OR REPLACE INTO quiz_question (id, quizId, prompt, choices, correctIndex, explanation, ordinal) VALUES (
  'q_id_idaho-gdl-restrictions-daily-life_2', 'quiz_id_idaho-gdl-restrictions-daily-life', 'Idaho''s handheld device law applies to:', '["Only drivers under 18","Only drivers with a SIP","All drivers statewide","Only drivers in cities over 50,000 residents"]', 2, 'Idaho''s handheld ban is statewide and applies to every driver. Hands-free and emergency 911 calls are the only general exceptions.', 2
);
INSERT OR REPLACE INTO quiz_question (id, quizId, prompt, choices, correctIndex, explanation, ordinal) VALUES (
  'q_id_idaho-gdl-restrictions-daily-life_3', 'quiz_id_idaho-gdl-restrictions-daily-life', 'Idaho''s blood alcohol concentration (BAC) limit for drivers under 21 is:', '["0.08%","0.05%","0.02%","0.00%"]', 2, 'Idaho enforces a 0.02% BAC limit for drivers under 21 — effectively zero tolerance. Any detectable alcohol can trigger suspension.', 3
);
INSERT OR REPLACE INTO quiz_question (id, quizId, prompt, choices, correctIndex, explanation, ordinal) VALUES (
  'q_id_idaho-gdl-restrictions-daily-life_4', 'quiz_id_idaho-gdl-restrictions-daily-life', 'What happens if a 16-year-old Idaho driver gets a moving violation during the first 6 months after licensure?', '["Nothing — only SIP-period violations matter","It can reset the 6-month clean-record clock needed to lift the passenger restriction","Their license is automatically revoked","Only their parents are fined"]', 1, 'Violations during the post-license GDL period can reset the clean-record clock and delay when the passenger restriction lifts.', 4
);
INSERT OR REPLACE INTO lesson (id, moduleId, slug, title, body, estimatedSeatMinutes, ordinal) VALUES (
  'lesson_id_idaho-specific-rules-and-quirks', 'module_id_overlay', 'idaho-specific-rules-and-quirks', 'Idaho-Specific Rules and Driving Quirks', '# Idaho-Specific Rules and Driving Quirks

Driving in Idaho is different from driving in Los Angeles, Chicago, or even neighboring Washington. The state combines high-speed rural interstates, two-lane mountain highways, long stretches of farmland, harsh winter weather, and lots of wildlife. This lesson covers the laws and conditions that make Idaho driving distinct — the kind of things you won''t find spelled out in a generic driver''s manual.

## Idaho Stop (for bicycles — and what it means for drivers)

Idaho is famous nationally for the **''Idaho Stop''** law, which lets bicyclists treat **stop signs as yield signs** and **red lights as stop signs** (after coming to a complete stop and yielding). Idaho enacted this in 1982 and remained the only state with such a law for decades; several states have since copied it.

What this means for you as a driver: at a four-way stop, a cyclist may legally roll through if they have the right-of-way. At a red light, a cyclist may stop, then proceed when clear, even if the light is still red. **Do not assume a cyclist is breaking the law** — they likely are not. Watch for bikes at every intersection, especially in Boise, Coeur d''Alene, Moscow, and other college towns.

## High rural speed limits

Idaho has some of the highest posted speed limits in the country:
- **80 mph** on rural sections of I-84, I-86, I-15, and parts of I-90.
- **70 mph** on many two-lane state highways (e.g., US-95, US-20, US-26).
- **65 mph** is common on rural arterials.

These speeds are legal — but they also mean that **stopping distances roughly double** compared to a 55 mph zone, and any deer, elk, or mechanical failure becomes far more dangerous. Following distance should be at least **4 seconds** at 80 mph, more in poor conditions.

## Wildlife on the road

Idaho leads the Pacific Northwest in **deer and elk vehicle collisions**. Peak risk is dawn and dusk, especially October–December (mating and migration season) and March–May. Key habits:

- Scan the shoulders, not just the road ahead.
- If you see one animal, expect more — deer and elk travel in groups.
- If a collision is unavoidable, **brake hard and stay in your lane** — swerving at highway speed causes worse crashes than the animal impact itself.
- Use high beams when there''s no oncoming traffic; animal eyes reflect at long distances.

## Winter driving and mountain passes

Idaho''s mountain passes — Lookout Pass, Lolo Pass, Galena Summit, Teton Pass — can require **traction tires or chains** from October through April. Idaho law requires you to comply with posted chain-up signs; failure can mean a fine and being turned around.

Other winter realities:
- **Black ice** is common on bridges and shaded curves, even when the rest of the road looks dry.
- The Treasure Valley (Boise area) gets severe **winter inversions** — dense fog with very poor visibility lasting days at a time.
- Studded tires are legal in Idaho from **October 1 through April 30** only.

## Open range law

Much of southern and central Idaho is **open range**, meaning livestock can legally graze on or cross unfenced roads. If you hit a cow or sheep on an open-range road, **you may be liable for the animal''s value** — the rancher generally is not required to fence them in. Watch for ''Open Range'' or ''Loose Livestock'' signs and slow down.

## Move Over law

Idaho requires drivers to **move over one lane or slow down** when approaching any stopped emergency vehicle, tow truck, ITD maintenance vehicle, or other vehicle with flashing lights on the shoulder. Violations carry significant fines and points.

## Headlights and visibility

Idaho law requires headlights:
- From **sunset to sunrise**.
- Any time **visibility is less than 500 feet** (rain, snow, fog, smoke from summer wildfires).
- When windshield wipers are in continuous use (in many jurisdictions; safe practice everywhere).

Wildfire smoke is increasingly common in Idaho summers and can drop visibility dramatically with little warning. Treat smoky days like foggy ones: slow down, headlights on, increase following distance.

## Idaho doesn''t have vehicle safety inspections

Unlike many states, Idaho does **not** require annual safety inspections for passenger vehicles. That means the burden is on **you** to verify your tires, brakes, lights, and wipers are roadworthy — especially before mountain or winter trips. A pre-trip walk-around is a good habit to build now.', 40, 2
);
INSERT OR REPLACE INTO quiz (id, lessonId, title, passingScore, shuffleQuestions) VALUES (
  'quiz_id_idaho-specific-rules-and-quirks', 'lesson_id_idaho-specific-rules-and-quirks', 'Idaho-Specific Rules — Quiz', 80, 1
);
INSERT OR REPLACE INTO quiz_question (id, quizId, prompt, choices, correctIndex, explanation, ordinal) VALUES (
  'q_id_idaho-specific-rules-and-quirks_0', 'quiz_id_idaho-specific-rules-and-quirks', 'Under Idaho''s ''Idaho Stop'' law, bicyclists may legally:', '["Ignore all stop signs and red lights","Treat stop signs as yield signs and red lights as stop signs","Ride on any sidewalk in the state","Exceed posted speed limits by 5 mph"]', 1, 'Idaho lets cyclists treat stop signs as yields and red lights as stop signs (after stopping and yielding). Drivers should never assume a cyclist proceeding through is breaking the law.', 0
);
INSERT OR REPLACE INTO quiz_question (id, quizId, prompt, choices, correctIndex, explanation, ordinal) VALUES (
  'q_id_idaho-specific-rules-and-quirks_1', 'quiz_id_idaho-specific-rules-and-quirks', 'The maximum posted speed limit on some rural Idaho interstates is:', '["65 mph","70 mph","75 mph","80 mph"]', 3, 'Idaho permits 80 mph on rural sections of I-84, I-86, I-15, and parts of I-90 — among the highest limits in the nation.', 1
);
INSERT OR REPLACE INTO quiz_question (id, quizId, prompt, choices, correctIndex, explanation, ordinal) VALUES (
  'q_id_idaho-specific-rules-and-quirks_2', 'quiz_id_idaho-specific-rules-and-quirks', 'If a deer suddenly appears in front of you on a highway, the safest reaction is to:', '["Swerve sharply to avoid it","Accelerate to pass before it crosses","Brake hard and stay in your lane","Flash your high beams and continue at the same speed"]', 2, 'Swerving at highway speed often causes worse crashes than the animal impact. Brake hard, stay in your lane, and stay on the road.', 2
);
INSERT OR REPLACE INTO quiz_question (id, quizId, prompt, choices, correctIndex, explanation, ordinal) VALUES (
  'q_id_idaho-specific-rules-and-quirks_3', 'quiz_id_idaho-specific-rules-and-quirks', 'On an Idaho ''open range'' road, if your vehicle strikes a cow:', '["The rancher is always liable for vehicle damage","You may be liable for the value of the animal","The state pays for both the cow and your repairs","There are no legal consequences — it''s a no-fault zone"]', 1, 'On open range, ranchers generally aren''t required to fence livestock. Drivers may owe the animal''s value and bear their own vehicle damage.', 3
);
INSERT OR REPLACE INTO quiz_question (id, quizId, prompt, choices, correctIndex, explanation, ordinal) VALUES (
  'q_id_idaho-specific-rules-and-quirks_4', 'quiz_id_idaho-specific-rules-and-quirks', 'Studded snow tires are legal in Idaho:', '["Year-round with no restrictions","Only October 1 through April 30","Only November 15 through March 15","Only on vehicles registered in mountain counties"]', 1, 'Idaho allows studded tires from October 1 through April 30. Using them outside that window can result in a fine.', 4
);

-- Illinois (IL)
INSERT OR REPLACE INTO rule_pack (id, jurisdiction, slug, name, maturity, createdAt) VALUES (
  'rp_il_teen', 'US-IL', 'il-teen', 'Illinois Teen Driver Education', 'level1', unixepoch('now')*1000
);
INSERT OR REPLACE INTO rule_pack_version (id, rulePackId, version, definition, publishedAt, notes, createdAt) VALUES (
  'rpv_il_teen_1_0_0', 'rp_il_teen', '1.0.0', '{"credentials":[{"key":"permit_eligibility","label":"Instruction Permit","deliveryMode":"manual"}],"requirements":[{"key":"classroom_hours","label":"Classroom hours","target":30,"unit":"hour"},{"key":"btw_hours","label":"Behind-the-wheel hours","target":6,"unit":"hour"},{"key":"supervised_practice_hours","label":"Supervised practice (parent log)","target":50,"unit":"hour"}],"rules":[{"key":"unlock_permit_eligibility","trigger":"enrollment.state_changed","conditions":{"jurisdiction":"US-IL","minPermitAge":15,"classroomHoursCompleted":{"gte":30}},"actions":[{"type":"unlock_credential","credential":"permit_eligibility"},{"type":"set_journey_state","value":"permit_eligible"}]}],"facts":{"agencyName":"Illinois Secretary of State","minPermitAge":15,"minLicenseAge":16,"minPermitDurationMonths":9,"nighttimeRestriction":"Drivers under 17 may not drive between 10:00 PM and 6:00 AM Sunday through Thursday, or between 11:00 PM and 6:00 AM Friday and Saturday.","passengerRestriction":"For the first 12 months of licensure (or until age 18, whichever comes first), drivers under 18 are limited to one passenger under age 20 who is not a sibling, stepsibling, child, or stepchild.","cellPhoneRule":"Drivers under 19 are prohibited from using any cell phone, including hands-free devices, while driving except in emergencies. All Illinois drivers are prohibited from texting or hand-held cell phone use while driving.","notes":"Illinois has a robust three-tier Graduated Driver Licensing (GDL) program with the Permit Phase (9 months), Initial Licensing Phase (12 months), and Full Licensing Phase (age 18+). Teens 15-17 must complete a state-approved driver education course (30 hours classroom + 6 hours behind-the-wheel) before getting an instruction permit. Of the 50 required practice hours, at least 10 must be at night. Parent/guardian signature is required for applicants under 18. Illinois does not use a separate physical credential like Minnesota''s Blue Card; completion is verified via the school''s submission of records to the Secretary of State, typically through the Driver Education Certificate of Completion.","needsReview":["permitCredentialDeliveryMode - Illinois schools historically submit completion via paper certificate but electronic submission may now be available; confirm current SOS process","Exact nighttime curfew hours - verify weekday vs weekend split is still 10pm/11pm cutoff","Whether the 9-month permit duration applies to all teens or just under-18 applicants","Current cell phone rule wording for under-19 drivers - law has been amended multiple times"]}}', unixepoch('now')*1000, 'Generated; school must review and tweak.', unixepoch('now')*1000
);
INSERT OR REPLACE INTO content_pack (id, slug, name, scope, jurisdiction, description, createdAt) VALUES (
  'cp_il_teen_overlay', 'il-teen-overlay', 'Illinois Teen Overlay', 'state', 'US-IL', 'Illinois-specific supplemental curriculum covering the Secretary of State''s Graduated Driver Licensing requirements, instruction permit process, and state-specific traffic laws for teen drivers ages 15-17.', unixepoch('now')*1000
);
INSERT OR REPLACE INTO content_pack_version (id, contentPackId, version, notes, publishedAt, createdAt) VALUES (
  'cpv_il_teen_overlay_1_0_0', 'cp_il_teen_overlay', '1.0.0', 'Generated by per-state agent; human review required before publishing.', unixepoch('now')*1000, unixepoch('now')*1000
);
INSERT OR REPLACE INTO course (id, contentPackVersionId, slug, title, description, ordinal) VALUES (
  'course_il_overlay', 'cpv_il_teen_overlay_1_0_0', 'il-overlay', 'Illinois Teen Driver Overlay', 'Illinois-specific supplemental curriculum covering the Secretary of State''s Graduated Driver Licensing requirements, instruction permit process, and state-specific traffic laws for teen drivers ages 15-17.', 0
);
INSERT OR REPLACE INTO module (id, courseId, slug, title, description, ordinal) VALUES (
  'module_il_overlay', 'course_il_overlay', 'il-teen-overlay', 'Illinois Teen Driver Overlay', 'Illinois-specific supplemental curriculum covering the Secretary of State''s Graduated Driver Licensing requirements, instruction permit process, and state-specific traffic laws for teen drivers ages 15-17.', 0
);
INSERT OR REPLACE INTO lesson (id, moduleId, slug, title, body, estimatedSeatMinutes, ordinal) VALUES (
  'lesson_il_how-to-get-an-illinois-instruction-permit', 'module_il_overlay', 'how-to-get-an-illinois-instruction-permit', 'How to Get Your Illinois Instruction Permit', '# How to Get Your Illinois Instruction Permit

Getting your instruction permit in Illinois is the first major milestone in the Secretary of State''s Graduated Driver Licensing (GDL) program. Unlike many states where you can walk into a DMV at 15 and take a knowledge test on the spot, Illinois requires that teens between the ages of 15 and 17 first enroll in and begin a state-approved driver education course before they can even apply for a permit.

## Step 1: Enroll in Driver Education

If you are 15, 16, or 17, you must be enrolled in a driver education program that meets Illinois Secretary of State standards. This program consists of two parts: **30 hours of classroom instruction** and **6 hours of behind-the-wheel (BTW) training**. The course can be taken at your high school or through a commercial driving school licensed by the state.

You cannot apply for your instruction permit until you have completed **at least 15 hours** of the classroom portion. Your driver education school will provide you with a course completion verification document — often called a **"blue slip"** or driver education enrollment certificate — that you''ll bring to the Secretary of State facility.

## Step 2: Gather Your Documents

When you visit a Secretary of State Driver Services facility, you will need to bring:

- **Proof of identity** (such as a certified birth certificate or passport)
- **Proof of your Social Security Number** (Social Security card, W-2, or pay stub)
- **Proof of Illinois residency** (two documents such as a utility bill, bank statement, school transcript, or report card)
- **Proof of signature** (a signed credit card, school ID, or canceled check)
- **Parent or legal guardian signature** on the application — they must accompany you to the facility if you are under 18
- **Driver education enrollment verification** from your school

If your name differs from the name on your birth certificate (for example, due to a legal name change), you''ll also need certified documentation of that change.

## Step 3: Pass the Required Tests

At the facility, you will take three tests:

1. **Vision screening** — basic eye test to confirm you meet Illinois''s minimum visual acuity standards
2. **Written knowledge test** — multiple-choice exam covering traffic laws, road signs, and safe driving practices from the Illinois Rules of the Road manual
3. **Sign identification** — recognizing standard road signs by shape, color, and meaning

You will **not** take a road test at this stage; that comes later when you apply for your full license.

## Step 4: Pay the Fee and Get Your Permit

The instruction permit fee is **$20** (subject to change). Once issued, your permit is valid for **24 months**.

## Step 5: Begin the 9-Month Permit Holding Period

This is the rule that surprises many Illinois teens: you must hold your instruction permit for a **minimum of 9 months** without any traffic convictions before you are eligible to apply for an initial driver''s license. If you receive a moving violation conviction during this period, the 9-month clock effectively restarts from the date of the conviction.

During these 9 months, you must:

- Always drive with a licensed adult age 21 or older (parent, guardian, or driving instructor) in the front passenger seat
- Log a minimum of **50 hours of supervised practice driving**, with at least **10 of those hours at night**
- Comply with all GDL nighttime curfew and passenger restrictions even while on the permit
- Wear a seatbelt and ensure all passengers do as well

Your parent or guardian will be required to sign an affidavit confirming the practice hours when you apply for your license.

## Common Pitfalls to Avoid

- **Don''t forget the parent signature.** Many teens are turned away at the facility because a parent didn''t come along.
- **Track your practice hours carefully.** Use a printed log or an app — "I think we drove enough" won''t satisfy the SOS.
- **A single ticket can reset your clock.** Take the 9-month holding period seriously.

Once you have your permit in hand, you''re officially in Phase 1 of Illinois GDL. The next lessons will cover what daily life looks like under these restrictions.', 25, 0
);
INSERT OR REPLACE INTO quiz (id, lessonId, title, passingScore, shuffleQuestions) VALUES (
  'quiz_il_how-to-get-an-illinois-instruction-permit', 'lesson_il_how-to-get-an-illinois-instruction-permit', 'Illinois Instruction Permit Quiz', 80, 1
);
INSERT OR REPLACE INTO quiz_question (id, quizId, prompt, choices, correctIndex, explanation, ordinal) VALUES (
  'q_il_how-to-get-an-illinois-instruction-permit_0', 'quiz_il_how-to-get-an-illinois-instruction-permit', 'What is the minimum age to apply for an instruction permit in Illinois?', '["14","15","16","17"]', 1, 'Illinois teens may apply for an instruction permit at age 15, provided they are enrolled in a state-approved driver education course.', 0
);
INSERT OR REPLACE INTO quiz_question (id, quizId, prompt, choices, correctIndex, explanation, ordinal) VALUES (
  'q_il_how-to-get-an-illinois-instruction-permit_1', 'quiz_il_how-to-get-an-illinois-instruction-permit', 'How many hours of classroom instruction are required in an Illinois driver education course?', '["20 hours","25 hours","30 hours","40 hours"]', 2, 'Illinois requires 30 hours of classroom instruction plus 6 hours of behind-the-wheel training for state-approved driver education.', 1
);
INSERT OR REPLACE INTO quiz_question (id, quizId, prompt, choices, correctIndex, explanation, ordinal) VALUES (
  'q_il_how-to-get-an-illinois-instruction-permit_2', 'quiz_il_how-to-get-an-illinois-instruction-permit', 'How long must an Illinois teen hold an instruction permit before becoming eligible for a driver''s license?', '["3 months","6 months","9 months","12 months"]', 2, 'Illinois requires a minimum 9-month permit holding period during which the teen must not be convicted of any traffic violations.', 2
);
INSERT OR REPLACE INTO quiz_question (id, quizId, prompt, choices, correctIndex, explanation, ordinal) VALUES (
  'q_il_how-to-get-an-illinois-instruction-permit_3', 'quiz_il_how-to-get-an-illinois-instruction-permit', 'How many hours of supervised practice driving are required during the permit phase, and how many of those must be at night?', '["30 hours total, 5 at night","50 hours total, 10 at night","60 hours total, 15 at night","40 hours total, 8 at night"]', 1, 'Illinois requires 50 hours of supervised practice with at least 10 of those hours completed at night.', 3
);
INSERT OR REPLACE INTO quiz_question (id, quizId, prompt, choices, correctIndex, explanation, ordinal) VALUES (
  'q_il_how-to-get-an-illinois-instruction-permit_4', 'quiz_il_how-to-get-an-illinois-instruction-permit', 'Who must accompany a permit holder in the vehicle while driving?', '["Anyone with a valid license","A licensed driver age 18 or older","A licensed driver age 21 or older in the front passenger seat","Only a parent or legal guardian"]', 2, 'A licensed adult age 21 or older must be seated in the front passenger seat with the permit holder at all times while driving.', 4
);
INSERT OR REPLACE INTO lesson (id, moduleId, slug, title, body, estimatedSeatMinutes, ordinal) VALUES (
  'lesson_il_illinois-gdl-restrictions-in-daily-life', 'module_il_overlay', 'illinois-gdl-restrictions-in-daily-life', 'Living With Illinois GDL Restrictions Day to Day', '# Living With Illinois GDL Restrictions Day to Day

Once you''ve earned your initial driver''s license at 16 or 17, you''re not yet a fully unrestricted Illinois driver. You''re in **Phase 2 of the Graduated Driver Licensing program**, which lasts for **12 months** or until you turn 18, whichever comes first. These restrictions exist because nationwide crash data consistently shows that newly licensed teen drivers have the highest crash rates of any age group, particularly at night and with peer passengers in the car.

Understanding how these rules apply in everyday situations — not just on paper — is the difference between a smooth first year of driving and an unexpected ticket, license suspension, or worse.

## The Nighttime Driving Curfew

Illinois has one of the more nuanced nighttime restrictions in the country because it splits the school week from the weekend:

- **Sunday through Thursday:** No driving between **10:00 PM and 6:00 AM**
- **Friday and Saturday:** No driving between **11:00 PM and 6:00 AM**

### What counts as an exception?

You may drive during curfew hours only when:

- Driving to or from a **school-authorized activity** (varsity game, debate tournament, school play)
- Driving to or from a **religious activity**
- Driving to or from **employment** (you should carry proof, such as a recent pay stub or letter from your employer)
- A **parent or legal guardian is in the front passenger seat**
- A **medical emergency**

### Real-world scenarios

- **"I''m leaving a friend''s birthday party at 10:30 PM on a Tuesday."** Not allowed. Birthday parties are not school, work, or religious activities.
- **"My shift at the restaurant ends at 11:30 PM on Friday."** Allowed, because you''re driving directly home from work — but keep your pay stub in the glove compartment.
- **"I''m dropping my younger brother off at home after his basketball game at 10:15 PM Wednesday."** Not allowed — the exemption applies to *your* school activity, not a sibling''s.

## The Passenger Restriction

For the **first 12 months of licensure** or until you turn 18 (whichever comes first), you are limited to **one passenger under age 20** in the vehicle who is not an immediate family member (sibling, stepsibling, child, or stepchild).

This rule traps a lot of teens because it sounds simple but the edge cases get tricky:

- **Three teammates need a ride to practice.** You can take one. The others need another ride.
- **Your 19-year-old cousin and your 16-year-old friend.** Both count toward the limit — only one can be in the car.
- **Your 15-year-old sister and two friends.** Your sister doesn''t count (she''s a sibling), but you can still only take one friend.
- **A 21-year-old neighbor and a 17-year-old friend.** The 21-year-old doesn''t count toward the limit (over 20), so you can also bring the 17-year-old.

After your first 12 months of licensure, the passenger limit increases — but if you''re still under 18, you must still follow nighttime curfew rules.

## Cell Phone Rules

Illinois has some of the strictest cell phone laws in the country for teen drivers:

- **Drivers under 19:** No use of cell phones at all while driving — **even hands-free** — except in an emergency.
- **All Illinois drivers:** No texting and no hand-held cell phone use.

That means even using Bluetooth to take a call from your mom is a violation if you''re under 19. Pull over safely first.

## Seatbelts

Illinois is a **primary enforcement** state for seatbelts: an officer can pull you over solely because they observed someone in your vehicle not wearing one. As the driver, you are responsible for ensuring all passengers under 18 are properly buckled.

## Consequences of Violations

The Illinois GDL system is unforgiving. Just **two moving violation convictions within 24 months** of becoming licensed (while under 18) trigger an automatic license suspension. A third conviction extends the suspension. Curfew violations, passenger violations, and cell phone violations all count.

If you''re suspended, you''ll need to attend a hearing with the Secretary of State to get your driving privileges back — and you may be required to retake driver education.

## Practical Tips

- Use Do Not Disturb While Driving on your phone — set it to auto-enable when your car connects.
- Keep a digital and physical copy of your work schedule in the car.
- Don''t rely on "it''s only five minutes after curfew" — officers don''t negotiate.
- Have an awkward-but-honest conversation with friends: "I can only take one of you, so let''s figure out the ride."', 25, 1
);
INSERT OR REPLACE INTO quiz (id, lessonId, title, passingScore, shuffleQuestions) VALUES (
  'quiz_il_illinois-gdl-restrictions-in-daily-life', 'lesson_il_illinois-gdl-restrictions-in-daily-life', 'Illinois GDL Daily Life Quiz', 80, 1
);
INSERT OR REPLACE INTO quiz_question (id, quizId, prompt, choices, correctIndex, explanation, ordinal) VALUES (
  'q_il_illinois-gdl-restrictions-in-daily-life_0', 'quiz_il_illinois-gdl-restrictions-in-daily-life', 'On a Tuesday night, what is the latest a 16-year-old licensed driver may legally drive in Illinois without an exemption?', '["9:00 PM","10:00 PM","11:00 PM","Midnight"]', 1, 'Sunday through Thursday, the Illinois nighttime curfew for drivers under 18 begins at 10:00 PM.', 0
);
INSERT OR REPLACE INTO quiz_question (id, quizId, prompt, choices, correctIndex, explanation, ordinal) VALUES (
  'q_il_illinois-gdl-restrictions-in-daily-life_1', 'quiz_il_illinois-gdl-restrictions-in-daily-life', 'During the first 12 months of licensure, how many non-sibling passengers under age 20 may a teen driver legally transport?', '["Zero","One","Two","Three"]', 1, 'Illinois GDL Phase 2 limits new drivers to one non-sibling passenger under age 20 for the first 12 months.', 1
);
INSERT OR REPLACE INTO quiz_question (id, quizId, prompt, choices, correctIndex, explanation, ordinal) VALUES (
  'q_il_illinois-gdl-restrictions-in-daily-life_2', 'quiz_il_illinois-gdl-restrictions-in-daily-life', 'Which of the following is NOT a valid exception to the Illinois teen nighttime curfew?', '["Driving home from a paid shift at work","Driving to a school-authorized event","Driving to a friend''s birthday party","Driving with a parent in the front passenger seat"]', 2, 'Birthday parties and other social gatherings are not exempt. Only school, religious, employment, parent-supervised driving, or medical emergencies qualify.', 2
);
INSERT OR REPLACE INTO quiz_question (id, quizId, prompt, choices, correctIndex, explanation, ordinal) VALUES (
  'q_il_illinois-gdl-restrictions-in-daily-life_3', 'quiz_il_illinois-gdl-restrictions-in-daily-life', 'An Illinois driver under what age is prohibited from using a cell phone while driving, even hands-free?', '["16","18","19","21"]', 2, 'Illinois law prohibits drivers under 19 from any cell phone use while driving, including hands-free devices, except in emergencies.', 3
);
INSERT OR REPLACE INTO quiz_question (id, quizId, prompt, choices, correctIndex, explanation, ordinal) VALUES (
  'q_il_illinois-gdl-restrictions-in-daily-life_4', 'quiz_il_illinois-gdl-restrictions-in-daily-life', 'How many moving violation convictions within 24 months will trigger an automatic license suspension for an Illinois driver under 18?', '["One","Two","Three","Four"]', 1, 'Two moving violation convictions within a 24-month period trigger an automatic suspension for drivers under 18.', 4
);
INSERT OR REPLACE INTO lesson (id, moduleId, slug, title, body, estimatedSeatMinutes, ordinal) VALUES (
  'lesson_il_illinois-specific-rules-and-quirks', 'module_il_overlay', 'illinois-specific-rules-and-quirks', 'Illinois-Specific Rules and Quirks Every Driver Should Know', '# Illinois-Specific Rules and Quirks Every Driver Should Know

Illinois shares most of its traffic laws with neighboring states, but a handful of rules trip up new drivers — especially those who grew up watching family members drive in another state or who learned bad habits from out-of-state YouTube channels. This lesson covers the Illinois-specific quirks that show up most often on the written test and in real-world traffic stops.

## Scott''s Law — The "Move Over" Law

Named after Lieutenant Scott Gillen of the Chicago Fire Department, who was struck and killed by an intoxicated driver while assisting at a crash scene, **Scott''s Law** is one of the most aggressively enforced laws in Illinois.

When approaching **any stationary emergency vehicle, tow truck, or maintenance vehicle** with flashing lights, you must:

1. **Slow down**, and
2. **Change lanes** away from the stopped vehicle if it is safe to do so.

Violations carry fines starting at **$250** and going up to **$10,000**, plus possible license suspension — and if a violation causes injury or death to a responder, it becomes a felony. Illinois State Police make Scott''s Law enforcement a top priority, and dashcam footage from troopers regularly appears on the news featuring tickets issued for failure to move over.

## Right Turn on Red — Mostly, But Not in Chicago Loop

Like most states, Illinois generally allows right turns on red after a complete stop and after yielding to pedestrians and cross traffic. However:

- **Watch for posted "No Turn on Red" signs**, which are common at downtown intersections.
- **Many intersections in the Chicago Loop and dense urban corridors prohibit it.**
- **Left turn on red is only permitted from a one-way street onto another one-way street.**

## Snow and Winter Driving

Illinois winters are real winters — particularly north of I-80. A few rules and conventions to know:

- **Headlights must be on whenever windshield wipers are in continuous use** (rain, snow, fog). This is the law, not just a suggestion.
- During declared **snow emergencies in Chicago and other cities**, parking on designated snow routes is prohibited and your car will be towed.
- Carry an emergency kit (blanket, shovel, flashlight, jumper cables) from November through March.

## The DUI Threshold for Drivers Under 21

Illinois has a **zero tolerance** law for drivers under 21: any detectable alcohol (BAC of 0.00 with any trace amount) results in an automatic license suspension — **3 months for a first offense, 1 year for a second**. For drivers 21 and over, the legal limit is 0.08, but for under-21 drivers, even a sip of beer at a wedding can cost you your license.

There are no "I only had one" exceptions for teens. Refusing a chemical test as a minor results in an even longer suspension.

## School Bus Stops

When a school bus is stopped with its red lights flashing and stop arm extended:

- **On a two-lane road:** All traffic in both directions must stop.
- **On a road with four or more lanes, with at least two lanes traveling in your direction:** Only traffic moving in the same direction as the bus must stop. Oncoming traffic may proceed with caution.

This is one of the most commonly misunderstood rules. The fine for illegally passing a stopped school bus starts at **$300** for a first offense and includes a **3-month license suspension**.

## Funeral Processions Have Right of Way

Illinois law gives the lead vehicle of a funeral procession the right to proceed through intersections — even against a red light — as long as a lead vehicle has lawfully entered the intersection. Following vehicles in the procession (typically marked with flags or hazard lights) may follow without stopping. **Do not cut through a funeral procession.**

## Roundabouts

Illinois has been steadily adding roundabouts to replace traditional intersections, particularly in suburban Chicagoland and around the I-39 / I-88 corridors. Rules:

- **Yield to traffic already in the circle.**
- **Enter only when there''s a safe gap** — do not stop in the roundabout unless necessary.
- **Use your right turn signal as you exit.**
- **Never change lanes inside the roundabout.**

## Bicyclists and "Dutch Reach"

Illinois recognizes bicycles as vehicles. Drivers must:

- Give cyclists at least **3 feet of clearance** when passing.
- Yield to cyclists in marked bike lanes when turning across them.
- Check for cyclists before opening a parked car''s door (the "Dutch Reach" — using your far hand — is taught in IL driver ed for this reason).

Chicago especially has dense bike infrastructure and a corresponding number of car-door collisions every year. "Dooring" a cyclist is illegal and you can be cited.

## Quirks on the Written Test

The Illinois Rules of the Road manual loves to test these specific points:

- Exact curfew hours by day of week
- Scott''s Law specifics
- BAC limits by age
- School bus stop rules by road configuration
- Distances for headlight and turn signal use

Study these directly from the manual rather than from generic online quizzes — Illinois has its own wording.', 25, 2
);
INSERT OR REPLACE INTO quiz (id, lessonId, title, passingScore, shuffleQuestions) VALUES (
  'quiz_il_illinois-specific-rules-and-quirks', 'lesson_il_illinois-specific-rules-and-quirks', 'Illinois-Specific Rules Quiz', 80, 1
);
INSERT OR REPLACE INTO quiz_question (id, quizId, prompt, choices, correctIndex, explanation, ordinal) VALUES (
  'q_il_illinois-specific-rules-and-quirks_0', 'quiz_il_illinois-specific-rules-and-quirks', 'Under Scott''s Law, what must an Illinois driver do when approaching a stationary emergency vehicle with flashing lights?', '["Maintain speed but honk a warning","Slow down and change lanes away from the vehicle if safe","Come to a complete stop in the current lane","Flash headlights and proceed normally"]', 1, 'Scott''s Law requires drivers to slow down and, when safe, move over to a lane away from any stationary emergency, tow, or maintenance vehicle with flashing lights.', 0
);
INSERT OR REPLACE INTO quiz_question (id, quizId, prompt, choices, correctIndex, explanation, ordinal) VALUES (
  'q_il_illinois-specific-rules-and-quirks_1', 'quiz_il_illinois-specific-rules-and-quirks', 'When must Illinois drivers turn on their headlights according to state law?', '["Only between sunset and sunrise","Only when visibility is under 500 feet","Whenever windshield wipers are in continuous use","Only during officially declared weather emergencies"]', 2, 'Illinois law requires headlights to be on any time the windshield wipers are being used continuously due to rain, snow, or fog.', 1
);
INSERT OR REPLACE INTO quiz_question (id, quizId, prompt, choices, correctIndex, explanation, ordinal) VALUES (
  'q_il_illinois-specific-rules-and-quirks_2', 'quiz_il_illinois-specific-rules-and-quirks', 'What is the legal blood alcohol concentration (BAC) threshold for an Illinois driver under age 21?', '["0.08","0.05","0.02","Zero tolerance — any detectable amount"]', 3, 'Illinois has a zero tolerance policy for drivers under 21. Any detectable amount of alcohol results in license suspension.', 2
);
INSERT OR REPLACE INTO quiz_question (id, quizId, prompt, choices, correctIndex, explanation, ordinal) VALUES (
  'q_il_illinois-specific-rules-and-quirks_3', 'quiz_il_illinois-specific-rules-and-quirks', 'On a four-lane road with two lanes going each direction, a school bus stops with red lights flashing in the oncoming lanes. What must you do?', '["Stop and wait for the bus to proceed","Slow to 20 mph and pass cautiously","Proceed with caution — only same-direction traffic must stop","Pull over to the shoulder and wait"]', 2, 'On roads with four or more lanes, only vehicles traveling in the same direction as the bus must stop. Oncoming traffic may proceed with caution.', 3
);
INSERT OR REPLACE INTO quiz_question (id, quizId, prompt, choices, correctIndex, explanation, ordinal) VALUES (
  'q_il_illinois-specific-rules-and-quirks_4', 'quiz_il_illinois-specific-rules-and-quirks', 'When entering a roundabout in Illinois, you must:', '["Yield to traffic already in the circle","Stop completely at the yield sign every time","Proceed first if you arrive at the same moment","Signal left to indicate you''re entering"]', 0, 'Traffic already circulating in a roundabout has the right of way. Entering drivers must yield and only proceed when there is a safe gap.', 4
);

-- Indiana (IN)
INSERT OR REPLACE INTO rule_pack (id, jurisdiction, slug, name, maturity, createdAt) VALUES (
  'rp_in_teen', 'US-IN', 'in-teen', 'Indiana Teen Driver Education', 'level1', unixepoch('now')*1000
);
INSERT OR REPLACE INTO rule_pack_version (id, rulePackId, version, definition, publishedAt, notes, createdAt) VALUES (
  'rpv_in_teen_1_0_0', 'rp_in_teen', '1.0.0', '{"credentials":[{"key":"permit_eligibility","label":"Learner''s Permit","deliveryMode":"manual"}],"requirements":[{"key":"classroom_hours","label":"Classroom hours","target":30,"unit":"hour"},{"key":"btw_hours","label":"Behind-the-wheel hours","target":6,"unit":"hour"},{"key":"supervised_practice_hours","label":"Supervised practice (parent log)","target":50,"unit":"hour"}],"rules":[{"key":"unlock_permit_eligibility","trigger":"enrollment.state_changed","conditions":{"jurisdiction":"US-IN","minPermitAge":15,"classroomHoursCompleted":{"gte":30}},"actions":[{"type":"unlock_credential","credential":"permit_eligibility"},{"type":"set_journey_state","value":"permit_eligible"}]}],"facts":{"agencyName":"Indiana Bureau of Motor Vehicles (BMV)","minPermitAge":15,"minLicenseAge":16.25,"minPermitDurationMonths":6,"nighttimeRestriction":"For the first 180 days after licensing, no driving between 10:00 PM and 5:00 AM Sunday-Friday, and between 11:00 PM and 5:00 AM on Friday and Saturday nights. After 180 days and until age 18, no driving between 1:00 AM and 5:00 AM.","passengerRestriction":"For the first 180 days after licensing, the driver may not transport any passengers other than immediate family members (parent/guardian/sibling/spouse/child) unless accompanied by a licensed driver age 25+.","cellPhoneRule":"Drivers under 21 are prohibited from using any telecommunications device while driving, except to call 911 in an emergency. Indiana also has a statewide hands-free law (effective 2020) prohibiting all drivers from holding a mobile device while operating a vehicle.","notes":"Indiana requires a state-approved driver education course (classroom + behind-the-wheel) for anyone wanting a license before age 18. A teen who completes approved driver ed may apply for the probationary license at 16 years and 3 months; without driver ed, the minimum is 16 years and 9 months. The learner''s permit can be obtained at 15 if enrolled in an approved driver ed program, otherwise at 16. Supervised practice driving log of 50 hours (10 at night) must be signed by parent/guardian. Indiana uses a ''probationary license'' for drivers under 21 with GDL restrictions that lift in stages.","needsReview":["Exact minLicenseAge representation (16.25 = 16 years 3 months with driver ed; 16.75 without)","Whether learner''s permit minimum is strictly 15 only with concurrent enrollment in driver ed","Current BMV-required behind-the-wheel hour count (6 is standard for approved courses; verify against latest BMV rule)","Whether telecommunications-device prohibition for under-21 is still separately enforced after the 2020 hands-free law"]}}', unixepoch('now')*1000, 'Generated; school must review and tweak.', unixepoch('now')*1000
);
INSERT OR REPLACE INTO content_pack (id, slug, name, scope, jurisdiction, description, createdAt) VALUES (
  'cp_in_teen_overlay', 'in-teen-overlay', 'Indiana Teen Overlay', 'state', 'US-IN', 'Indiana-specific module covering BMV permit requirements, the probationary license GDL stages, and state-specific rules every new Hoosier driver needs to know before testing.', unixepoch('now')*1000
);
INSERT OR REPLACE INTO content_pack_version (id, contentPackId, version, notes, publishedAt, createdAt) VALUES (
  'cpv_in_teen_overlay_1_0_0', 'cp_in_teen_overlay', '1.0.0', 'Generated by per-state agent; human review required before publishing.', unixepoch('now')*1000, unixepoch('now')*1000
);
INSERT OR REPLACE INTO course (id, contentPackVersionId, slug, title, description, ordinal) VALUES (
  'course_in_overlay', 'cpv_in_teen_overlay_1_0_0', 'in-overlay', 'Indiana Teen Driver Overlay', 'Indiana-specific module covering BMV permit requirements, the probationary license GDL stages, and state-specific rules every new Hoosier driver needs to know before testing.', 0
);
INSERT OR REPLACE INTO module (id, courseId, slug, title, description, ordinal) VALUES (
  'module_in_overlay', 'course_in_overlay', 'in-teen-overlay', 'Indiana Teen Driver Overlay', 'Indiana-specific module covering BMV permit requirements, the probationary license GDL stages, and state-specific rules every new Hoosier driver needs to know before testing.', 0
);
INSERT OR REPLACE INTO lesson (id, moduleId, slug, title, body, estimatedSeatMinutes, ordinal) VALUES (
  'lesson_in_how-to-get-an-indiana-learners-permit', 'module_in_overlay', 'how-to-get-an-indiana-learners-permit', 'How to Get an Indiana Learner''s Permit', '# How to Get an Indiana Learner''s Permit

In Indiana, your driving journey starts at the Bureau of Motor Vehicles (BMV) with a learner''s permit. The permit lets you practice driving on public roads as long as a qualified licensed driver is in the front passenger seat. Here is exactly what you need to know to walk out of the BMV branch with a permit in hand.

## Age requirements

- **Age 15:** You may apply for a learner''s permit if you are enrolled in an Indiana BMV-approved driver education course. Your driver ed school will provide a Certificate of Enrollment (sometimes called the CDE) that you bring to the BMV.
- **Age 16:** You may apply for a learner''s permit even without driver ed enrollment.

If you want to be licensed before your 18th birthday, you are required to complete an approved driver ed course (30 hours classroom + 6 hours behind-the-wheel), so most teens choose the age-15 path.

## What to bring to the BMV

Indiana follows federal REAL ID document rules. You need to present originals (no photocopies) of:

1. **Proof of identity** — certified U.S. birth certificate, valid U.S. passport, or Permanent Resident Card.
2. **Proof of Social Security number** — Social Security card, W-2, or pay stub showing the full SSN.
3. **Proof of lawful status** — usually covered by the identity document above.
4. **Two proofs of Indiana residency** — utility bill, bank statement, school record, or a parent''s documents with a notarized affidavit if you live with them.
5. **Parental consent** — if you are under 18, a parent or legal guardian must appear in person to sign the application, OR provide a notarized consent form.
6. **Certificate of Driver Education Enrollment** — required if you are 15.

## The tests you must pass

At the branch, you will take:

- A **vision screening** (20/40 in at least one eye, with corrective lenses if needed).
- A **written knowledge test** based on the Indiana Driver''s Manual — 50 questions covering road signs, traffic laws, and safe-driving practices. You must score at least 84% (no more than 8 wrong).

You''ll also have your photo taken and pay the permit fee (currently around $9).

## After you have your permit

With the permit you may drive only when:

- A licensed driver age 25 or older (or a certified driver-ed instructor) is in the front passenger seat, AND
- That supervising driver is not under the influence of alcohol or drugs.

You must hold the permit for **at least 180 days (6 months)** before you can be issued a probationary license, and during that time you must log **50 hours of supervised practice driving, including 10 hours at night.** A parent or guardian signs the log.

## Common reasons applications get rejected

- Bringing a photocopy of the birth certificate instead of the original.
- Forgetting the second residency document.
- A 15-year-old arriving without the Certificate of Driver Ed Enrollment.
- A parent who isn''t present and didn''t notarize the consent form.

Call ahead to your local branch or use the BMV Connect online appointment tool — Indiana BMV strongly prefers appointments and walk-ins can wait hours.

Once you pass, the permit is valid for two years. Plenty of time to practice safely and build the habits you''ll need for the road test.', 35, 0
);
INSERT OR REPLACE INTO quiz (id, lessonId, title, passingScore, shuffleQuestions) VALUES (
  'quiz_in_how-to-get-an-indiana-learners-permit', 'lesson_in_how-to-get-an-indiana-learners-permit', 'Indiana Permit Application Quiz', 80, 1
);
INSERT OR REPLACE INTO quiz_question (id, quizId, prompt, choices, correctIndex, explanation, ordinal) VALUES (
  'q_in_how-to-get-an-indiana-learners-permit_0', 'quiz_in_how-to-get-an-indiana-learners-permit', 'What is the youngest age at which an Indiana teen can apply for a learner''s permit?', '["14, with a parent''s signature","15, if enrolled in an approved driver education course","15 and 6 months, with or without driver ed","16, no exceptions"]', 1, 'Indiana allows a 15-year-old to apply for a learner''s permit only when enrolled in a BMV-approved driver ed course; otherwise the minimum is 16.', 0
);
INSERT OR REPLACE INTO quiz_question (id, quizId, prompt, choices, correctIndex, explanation, ordinal) VALUES (
  'q_in_how-to-get-an-indiana-learners-permit_1', 'quiz_in_how-to-get-an-indiana-learners-permit', 'How long must an Indiana teen hold the learner''s permit before becoming eligible for a probationary license?', '["30 days","90 days","180 days","12 months"]', 2, 'Indiana requires teens to hold the learner''s permit for at least 180 days (about 6 months) before they can be issued a probationary driver''s license.', 1
);
INSERT OR REPLACE INTO quiz_question (id, quizId, prompt, choices, correctIndex, explanation, ordinal) VALUES (
  'q_in_how-to-get-an-indiana-learners-permit_2', 'quiz_in_how-to-get-an-indiana-learners-permit', 'How many hours of supervised practice driving — and how many of those at night — must be logged before licensing in Indiana?', '["30 hours total, 5 at night","40 hours total, 8 at night","50 hours total, 10 at night","60 hours total, 15 at night"]', 2, 'Indiana requires 50 hours of parent-supervised practice driving, of which at least 10 hours must be after sunset.', 2
);
INSERT OR REPLACE INTO quiz_question (id, quizId, prompt, choices, correctIndex, explanation, ordinal) VALUES (
  'q_in_how-to-get-an-indiana-learners-permit_3', 'quiz_in_how-to-get-an-indiana-learners-permit', 'While driving on a learner''s permit in Indiana, who must be in the front passenger seat?', '["Any licensed driver age 18 or older","Any adult age 21 or older","A licensed driver age 25 or older, or a certified driver ed instructor","Only a parent or legal guardian"]', 2, 'Indiana law requires the supervising driver in the front passenger seat to be at least 25 years old and properly licensed, or a certified driver ed instructor.', 3
);
INSERT OR REPLACE INTO quiz_question (id, quizId, prompt, choices, correctIndex, explanation, ordinal) VALUES (
  'q_in_how-to-get-an-indiana-learners-permit_4', 'quiz_in_how-to-get-an-indiana-learners-permit', 'Which document does a 15-year-old applicant need that a 16-year-old applicant does not?', '["A Social Security card","A Certificate of Driver Education Enrollment","Two proofs of Indiana residency","A notarized parental consent form"]', 1, 'A 15-year-old can only apply if currently enrolled in a BMV-approved driver ed course and must bring the Certificate of Driver Education Enrollment. A 16-year-old does not need this document.', 4
);
INSERT OR REPLACE INTO lesson (id, moduleId, slug, title, body, estimatedSeatMinutes, ordinal) VALUES (
  'lesson_in_indiana-gdl-restrictions-daily-life', 'module_in_overlay', 'indiana-gdl-restrictions-daily-life', 'Indiana GDL Restrictions in Daily Life', '# Indiana GDL Restrictions in Daily Life

Indiana uses a Graduated Driver Licensing (GDL) program designed to ease new drivers into full driving privileges. Getting your **probationary license** is a milestone, but it does not mean unrestricted driving. The state imposes time-of-day, passenger, and electronic-device rules that stay in effect until you turn 21 — and the toughest ones apply during your first 180 days as a licensed driver. Understanding these rules is the difference between keeping your license and losing it before prom.

## The first 180 days are the strictest

For the first **180 days after you receive your probationary license**, these rules apply:

### Nighttime driving curfew (first 180 days)

- **Sunday through Friday:** No driving between **10:00 PM and 5:00 AM**.
- **Friday and Saturday nights:** No driving between **11:00 PM and 5:00 AM**.

### Passenger restriction (first 180 days)

You may **not** carry any passengers other than:

- Your spouse,
- Your own child, or
- A sibling, stepsibling, parent, or guardian.

Friends, classmates, teammates, and dates are off-limits unless a licensed driver age 25 or older is also in the vehicle. This is the rule that trips up the most new drivers — "just one friend on the way home from practice" is a citation.

## After 180 days — but still under 21

Once you''ve held the probationary license for more than 180 days, the passenger restriction lifts, but a nighttime curfew remains:

- **Every night:** No driving between **1:00 AM and 5:00 AM** until your 21st birthday.

Exceptions exist for driving to or from work, school activities, or religious events, but you should be able to document the exception if a law-enforcement officer asks.

## Electronic device rules — Indiana is strict

Indiana has two layers of phone rules:

1. **Under 21:** Drivers may not use a telecommunications device of any kind while operating a vehicle, except to call 911 in an emergency. That includes hands-free use, voice texting, and any app interaction.
2. **All ages (hands-free law since 2020):** No driver may **hold** a mobile device while the vehicle is in motion. You can use a mounted phone with voice commands or a single tap, but holding the phone — even at a red light, since the vehicle is still in traffic — is a primary offense, meaning an officer can pull you over for that alone.

Violation typically carries a fine and adds points to your driving record. For under-21 drivers, a phone-related conviction can also delay the lifting of GDL restrictions.

## Seat belts — no exceptions

Indiana law requires every occupant of a passenger vehicle to wear a seat belt regardless of seating position. As the driver, you are responsible for any unbelted passenger under 16. Children under 8 must be in a child safety seat appropriate for their size.

## What happens if you violate a GDL rule

A single moving violation — or any conviction for unsafe driving — can extend your probationary period and reset the 180-day clock. Two convictions within 12 months can lead to suspension of your driving privileges. Indiana also notifies your parents/guardians by mail when a teen driver is cited.

## Practical planning tips

- Build a habit of putting your phone in the glovebox or trunk before you start the car.
- If you drive friends home after a school event, drop them off before 10 PM during the first 180 days — or arrange for a parent to ride along.
- Use your phone''s "Do Not Disturb While Driving" mode as a backstop.

The GDL system isn''t there to punish teens — it''s based on crash data showing that nighttime driving, peer passengers, and phone use are the three biggest killers of new drivers. Following the rules literally keeps you alive.', 30, 1
);
INSERT OR REPLACE INTO quiz (id, lessonId, title, passingScore, shuffleQuestions) VALUES (
  'quiz_in_indiana-gdl-restrictions-daily-life', 'lesson_in_indiana-gdl-restrictions-daily-life', 'Indiana GDL Daily-Life Quiz', 80, 1
);
INSERT OR REPLACE INTO quiz_question (id, quizId, prompt, choices, correctIndex, explanation, ordinal) VALUES (
  'q_in_indiana-gdl-restrictions-daily-life_0', 'quiz_in_indiana-gdl-restrictions-daily-life', 'During the first 180 days with a probationary license on a Tuesday night, what is the latest you may legally drive in Indiana?', '["9:00 PM","10:00 PM","11:00 PM","Midnight"]', 1, 'Sunday through Friday during the first 180 days, Indiana teens may not drive between 10:00 PM and 5:00 AM.', 0
);
INSERT OR REPLACE INTO quiz_question (id, quizId, prompt, choices, correctIndex, explanation, ordinal) VALUES (
  'q_in_indiana-gdl-restrictions-daily-life_1', 'quiz_in_indiana-gdl-restrictions-daily-life', 'Which passenger is a newly licensed Indiana teen allowed to carry alone during the first 180 days?', '["A best friend the same age","A teammate riding home from practice","A younger sibling","A boyfriend or girlfriend"]', 2, 'During the first 180 days, only immediate family members (spouse, child, sibling, stepsibling, parent, or guardian) may ride with a teen driver unless a licensed driver age 25+ is also present.', 1
);
INSERT OR REPLACE INTO quiz_question (id, quizId, prompt, choices, correctIndex, explanation, ordinal) VALUES (
  'q_in_indiana-gdl-restrictions-daily-life_2', 'quiz_in_indiana-gdl-restrictions-daily-life', 'After holding the probationary license for more than 180 days but still under age 21, what nighttime curfew remains in effect?', '["10:00 PM to 5:00 AM, every night","11:00 PM to 5:00 AM, every night","1:00 AM to 5:00 AM, every night","No curfew at all"]', 2, 'After the first 180 days, Indiana drivers under 21 still may not drive between 1:00 AM and 5:00 AM.', 2
);
INSERT OR REPLACE INTO quiz_question (id, quizId, prompt, choices, correctIndex, explanation, ordinal) VALUES (
  'q_in_indiana-gdl-restrictions-daily-life_3', 'quiz_in_indiana-gdl-restrictions-daily-life', 'Under Indiana law, when may a driver under 21 use a telecommunications device while driving?', '["Anytime, as long as it''s hands-free","Only to call 911 in an emergency","Only when stopped at a red light","When using a mounted GPS app"]', 1, 'Indiana prohibits drivers under 21 from using any telecommunications device while driving, with the only exception being a 911 emergency call.', 3
);
INSERT OR REPLACE INTO quiz_question (id, quizId, prompt, choices, correctIndex, explanation, ordinal) VALUES (
  'q_in_indiana-gdl-restrictions-daily-life_4', 'quiz_in_indiana-gdl-restrictions-daily-life', 'Indiana''s hands-free law, which applies to all drivers, prohibits which behavior?', '["Using a Bluetooth headset for a call","Glancing at a mounted GPS","Holding a mobile phone while the vehicle is in operation","Listening to streaming music"]', 2, 'Since 2020, Indiana drivers of any age may not hold a mobile device while the vehicle is in motion. Mounted, voice-activated, or single-tap use is still allowed.', 4
);
INSERT OR REPLACE INTO lesson (id, moduleId, slug, title, body, estimatedSeatMinutes, ordinal) VALUES (
  'lesson_in_indiana-specific-rules-and-quirks', 'module_in_overlay', 'indiana-specific-rules-and-quirks', 'Indiana-Specific Rules and Quirks', '# Indiana-Specific Rules and Quirks

Most driving rules are similar across the country, but every state has a few quirks that surprise new drivers — and Indiana is no exception. The rules below show up on the BMV knowledge test and, more importantly, in everyday Hoosier driving.

## Roundabouts: Indiana loves them

Carmel, Indiana, has the most roundabouts of any city in the United States, and roundabouts are exploding in popularity statewide. Key rules:

- **Yield to traffic already in the circle** — left-lane vehicles in a multi-lane roundabout have right of way.
- **No stopping inside the circle.** If an emergency vehicle approaches, exit the roundabout first, then pull over.
- **Use your right turn signal as you approach your exit** — this signals to other drivers that the gap is opening.
- **Trucks and trailers** may need the full width; give them room and don''t pass alongside them in a roundabout.

Expect at least one roundabout question on the BMV written test.

## Move Over Law

Indiana''s Move Over Law requires drivers to:

- **Change lanes away** from any stopped emergency, utility, or road-maintenance vehicle with flashing lights when safely possible, OR
- **Slow to at least 10 mph below the posted speed limit** if changing lanes is not safe.

The law was expanded in recent years to include tow trucks, utility trucks, and any vehicle displaying flashing amber lights — not just police and fire.

## School buses — extra strict in Indiana

When a school bus stops with its **stop arm extended and red lights flashing**:

- **On a two-lane road:** Traffic in **both directions must stop.**
- **On a divided highway with a physical barrier or unpaved median:** Only traffic traveling in the same direction as the bus must stop. Oncoming traffic across the barrier may proceed with caution.
- **A painted line or center turn lane does NOT count as a divider.** Both directions must still stop.

Indiana increased penalties for passing a stopped school bus following several high-profile tragedies. A first offense is a Class A infraction with a fine up to $10,000 and a 90-day license suspension; injuring a child is a felony.

## Headlights — Indiana''s "wipers-on, lights-on" rule

Indiana law requires headlights to be on:

- From **sunset to sunrise.**
- Anytime weather conditions require windshield wipers (rain, snow, sleet, fog).
- When visibility is less than 500 feet.

Daytime running lights alone do not satisfy this rule — your tail lights must also be on, which usually requires the full headlight switch.

## Railroad crossings

Indiana has thousands of at-grade rail crossings. Buses, vehicles transporting hazardous materials, and certain large vehicles must come to a full stop at every crossing. For passenger vehicles, you must stop at any crossing where:

- Gates are down,
- Lights are flashing,
- A signal person is flagging you down, or
- A train is visibly approaching.

Never attempt to drive around lowered gates — it is both illegal and frequently fatal.

## Implied consent and zero tolerance

By holding an Indiana driver''s license, you give **implied consent** to chemical testing (breath, blood, urine) if a law-enforcement officer has probable cause to suspect impaired driving. Refusal automatically suspends your license for at least one year, even if you are later found not guilty of OWI.

For drivers **under 21**, Indiana uses a **zero-tolerance** standard: a Blood Alcohol Concentration of **0.02% or higher** is grounds for an OWI charge. That''s roughly half of one drink. For drivers 21+, the limit is 0.08%.

## Right turn on red

Right turns on a red light are permitted statewide after coming to a complete stop, unless a sign specifically prohibits it. **Left turn on red is permitted only from a one-way street onto another one-way street.**

## Indiana plates and registration

Indiana requires both front and rear license plates... actually no — Indiana is a **rear plate only** state. Don''t drill mounting holes in your front bumper. Your registration sticker goes on the rear plate, top-right corner.

Know these quirks and you''ll drive like a lifelong Hoosier — and pass your test the first time.', 30, 2
);
INSERT OR REPLACE INTO quiz (id, lessonId, title, passingScore, shuffleQuestions) VALUES (
  'quiz_in_indiana-specific-rules-and-quirks', 'lesson_in_indiana-specific-rules-and-quirks', 'Indiana Rules and Quirks Quiz', 80, 1
);
INSERT OR REPLACE INTO quiz_question (id, quizId, prompt, choices, correctIndex, explanation, ordinal) VALUES (
  'q_in_indiana-specific-rules-and-quirks_0', 'quiz_in_indiana-specific-rules-and-quirks', 'You approach a roundabout in Carmel, Indiana. What is the correct action?', '["Stop at the entrance, then proceed when the road is clear","Yield to traffic already circulating in the roundabout","Enter at full speed since roundabouts don''t require yielding","Always come to a complete stop, even if the roundabout is empty"]', 1, 'Indiana roundabouts require entering drivers to yield to traffic already circulating; stopping is only required if necessary to yield.', 0
);
INSERT OR REPLACE INTO quiz_question (id, quizId, prompt, choices, correctIndex, explanation, ordinal) VALUES (
  'q_in_indiana-specific-rules-and-quirks_1', 'quiz_in_indiana-specific-rules-and-quirks', 'A school bus on a two-lane road stops with its stop arm extended and red lights flashing. What must you do if you are traveling in the opposite direction?', '["Slow to 20 mph and proceed with caution","Continue at the posted speed; only same-direction traffic must stop","Stop and wait until the stop arm retracts and red lights stop flashing","Stop only if children are visibly crossing"]', 2, 'On a two-lane road in Indiana, traffic in BOTH directions must stop for a school bus with its stop arm extended. A painted line or center turn lane does not count as a divided highway.', 1
);
INSERT OR REPLACE INTO quiz_question (id, quizId, prompt, choices, correctIndex, explanation, ordinal) VALUES (
  'q_in_indiana-specific-rules-and-quirks_2', 'quiz_in_indiana-specific-rules-and-quirks', 'Under Indiana''s Move Over Law, what must you do when passing a stopped tow truck with flashing amber lights?', '["Nothing special — the law only applies to police vehicles","Honk to alert the tow operator","Move over a lane if safe, or slow to at least 10 mph below the posted limit","Come to a complete stop until the tow truck leaves"]', 2, 'Indiana''s Move Over Law applies to any stopped emergency, utility, or road-maintenance vehicle with flashing lights, including tow trucks. Change lanes if safe, or slow to at least 10 mph below the posted speed limit.', 2
);
INSERT OR REPLACE INTO quiz_question (id, quizId, prompt, choices, correctIndex, explanation, ordinal) VALUES (
  'q_in_indiana-specific-rules-and-quirks_3', 'quiz_in_indiana-specific-rules-and-quirks', 'Indiana law requires headlights to be on in which of the following situations?', '["Only between midnight and 5:00 AM","Anytime wipers are in use due to weather, plus sunset to sunrise","Only when visibility is less than 100 feet","Only during winter months"]', 1, 'Indiana''s wipers-on/lights-on rule requires headlights to be illuminated from sunset to sunrise and anytime weather conditions require windshield wipers.', 3
);
INSERT OR REPLACE INTO quiz_question (id, quizId, prompt, choices, correctIndex, explanation, ordinal) VALUES (
  'q_in_indiana-specific-rules-and-quirks_4', 'quiz_in_indiana-specific-rules-and-quirks', 'An 18-year-old Indiana driver is pulled over and registers a Blood Alcohol Concentration of 0.04%. What is the legal consequence?', '["Nothing — they are under the 0.08% limit","A written warning only","An OWI charge under Indiana''s zero-tolerance law for drivers under 21","A fine but no license suspension"]', 2, 'Indiana applies a zero-tolerance standard to drivers under 21: a BAC of 0.02% or higher is grounds for an OWI charge, regardless of how the driver appears or behaves.', 4
);

-- Kansas (KS)
INSERT OR REPLACE INTO rule_pack (id, jurisdiction, slug, name, maturity, createdAt) VALUES (
  'rp_ks_teen', 'US-KS', 'ks-teen', 'Kansas Teen Driver Education', 'level1', unixepoch('now')*1000
);
INSERT OR REPLACE INTO rule_pack_version (id, rulePackId, version, definition, publishedAt, notes, createdAt) VALUES (
  'rpv_ks_teen_1_0_0', 'rp_ks_teen', '1.0.0', '{"credentials":[{"key":"permit_eligibility","label":"Instruction Permit","deliveryMode":"manual"}],"requirements":[{"key":"classroom_hours","label":"Classroom hours","target":30,"unit":"hour"},{"key":"btw_hours","label":"Behind-the-wheel hours","target":6,"unit":"hour"},{"key":"supervised_practice_hours","label":"Supervised practice (parent log)","target":50,"unit":"hour"}],"rules":[{"key":"unlock_permit_eligibility","trigger":"enrollment.state_changed","conditions":{"jurisdiction":"US-KS","minPermitAge":14,"classroomHoursCompleted":{"gte":30}},"actions":[{"type":"unlock_credential","credential":"permit_eligibility"},{"type":"set_journey_state","value":"permit_eligible"}]}],"facts":{"agencyName":"Kansas Department of Revenue, Division of Vehicles","minPermitAge":14,"minLicenseAge":16,"minPermitDurationMonths":12,"nighttimeRestriction":"Restricted license holders (ages 15-16) may not drive between 9:00 p.m. and 5:00 a.m. except to or from work, school activities, or religious activities.","passengerRestriction":"Restricted license holders may not transport more than one non-sibling passenger under age 18.","cellPhoneRule":"Drivers under 18 with an instruction permit or restricted license are prohibited from using a wireless communication device while driving, except to report an emergency. All Kansas drivers are banned from texting while driving.","notes":"Kansas has a tiered Graduated Driver Licensing (GDL) system: Instruction Permit at age 14, Restricted License at 15 (with driver education) or 16, and Full License at age 16.5 (with completion of restricted period) or 17. Teens who complete an approved driver education course can receive a restricted license at 15; those who do not must wait until 16. The Kansas Department of Revenue oversees licensing through county treasurer driver license offices.","needsReview":["Exact required supervised practice hours (50 is commonly cited but verify current KDOR rule)","Whether driver education completion certificate is submitted electronically by schools or via paper to the county treasurer","Current passenger restriction wording — siblings may be exempt but verify exact statute","Confirm minimum permit holding period before restricted license eligibility"]}}', unixepoch('now')*1000, 'Generated; school must review and tweak.', unixepoch('now')*1000
);
INSERT OR REPLACE INTO content_pack (id, slug, name, scope, jurisdiction, description, createdAt) VALUES (
  'cp_ks_teen_overlay', 'ks-teen-overlay', 'Kansas Teen Overlay', 'state', 'US-KS', 'Kansas-specific module covering the Sunflower State''s Graduated Driver Licensing system, how to obtain an instruction permit, navigating restricted license limits, and Kansas-specific rules of the road. Complements the national driver education curriculum.', unixepoch('now')*1000
);
INSERT OR REPLACE INTO content_pack_version (id, contentPackId, version, notes, publishedAt, createdAt) VALUES (
  'cpv_ks_teen_overlay_1_0_0', 'cp_ks_teen_overlay', '1.0.0', 'Generated by per-state agent; human review required before publishing.', unixepoch('now')*1000, unixepoch('now')*1000
);
INSERT OR REPLACE INTO course (id, contentPackVersionId, slug, title, description, ordinal) VALUES (
  'course_ks_overlay', 'cpv_ks_teen_overlay_1_0_0', 'ks-overlay', 'Kansas Teen Driver Overlay', 'Kansas-specific module covering the Sunflower State''s Graduated Driver Licensing system, how to obtain an instruction permit, navigating restricted license limits, and Kansas-specific rules of the road. Complements the national driver education curriculum.', 0
);
INSERT OR REPLACE INTO module (id, courseId, slug, title, description, ordinal) VALUES (
  'module_ks_overlay', 'course_ks_overlay', 'ks-teen-overlay', 'Kansas Teen Driver Overlay', 'Kansas-specific module covering the Sunflower State''s Graduated Driver Licensing system, how to obtain an instruction permit, navigating restricted license limits, and Kansas-specific rules of the road. Complements the national driver education curriculum.', 0
);
INSERT OR REPLACE INTO lesson (id, moduleId, slug, title, body, estimatedSeatMinutes, ordinal) VALUES (
  'lesson_ks_how-to-get-a-kansas-permit', 'module_ks_overlay', 'how-to-get-a-kansas-permit', 'How to Get Your Kansas Instruction Permit', '# How to Get Your Kansas Instruction Permit

Kansas uses a Graduated Driver Licensing (GDL) system that walks new drivers through three stages: the Instruction Permit, the Restricted License, and the Full License. This lesson focuses on the first step — getting your Instruction Permit.

## Who issues your permit?

Driver licensing in Kansas is administered by the **Kansas Department of Revenue (KDOR), Division of Vehicles**. Unlike many states, Kansas does not have a standalone DMV; instead, you apply for your permit at a **county treasurer''s driver license office** or a state-operated examination station. You can find your nearest location on the KDOR website.

## When can you apply?

You can apply for a Kansas Instruction Permit beginning at **age 14**. This is one of the youngest permit ages in the country, and it reflects Kansas''s largely rural geography — many families need teens to help with farm or family driving early.

## What documents do you need?

Kansas requires you to prove four things at the counter:

1. **Identity** — a certified birth certificate, U.S. passport, or other primary identity document.
2. **Social Security number** — your Social Security card, W-2, or 1099.
3. **Kansas residency** — two proofs (such as a utility bill, bank statement, or school enrollment record showing your name and a Kansas address).
4. **Lawful presence** — for non-citizens, immigration documentation.

If you are under 16, **a parent or legal guardian must sign your application in person**. Kansas considers this signature a financial responsibility agreement — your parent is co-signing for any civil liability from your driving until you turn 18 or get a non-restricted license.

## The tests

To earn your permit you must pass:

- A **vision screening** (20/40 in at least one eye, with or without corrective lenses).
- A **written knowledge test** covering Kansas road signs, traffic laws, and safe driving practices. The test is based on the current Kansas Driving Handbook, which is free to download from KDOR.

There is no behind-the-wheel skills test at the permit stage — that comes later when you upgrade to a restricted or full license.

## Fees

The instruction permit fee is modest (typically under $20), but you should confirm the current amount at your county treasurer''s office. Payment is usually accepted by cash, check, debit, or credit card depending on the location.

## What the permit lets you do

With an Instruction Permit you may drive only when:

- An **adult age 21 or older** with a valid Kansas driver''s license is seated next to you in the front seat, **OR**
- A **licensed driving instructor** is supervising you during a driver education course.

The permit holder must always wear a seatbelt, and so must every passenger.

## What''s next?

Kansas requires you to hold the Instruction Permit for at least **12 months** (or until age 16, whichever comes first if you completed driver ed) before moving up to a Restricted License. During this period you should:

- Complete an approved Kansas driver education course (30 hours classroom + 6 hours behind-the-wheel is typical).
- Log at least **50 hours of supervised practice driving**, including at least 10 hours at night.
- Avoid traffic violations — moving violations can extend your permit period.

Keep a written driving log; many county treasurer offices will ask for it when you upgrade.

## Common pitfalls

- **Forgetting the parent.** If you are under 16, you cannot get the permit without a parent or guardian physically present to sign.
- **Out-of-state birth certificates.** Certified copies are fine but photocopies are not.
- **Address mismatch.** Your residency proofs must match the address you list on the application.

Once you have the permit, you are officially a Kansas driver-in-training. Treat every drive as practice — every minute counts toward the 50-hour log and toward your habits as a lifelong safe driver.', 35, 0
);
INSERT OR REPLACE INTO quiz (id, lessonId, title, passingScore, shuffleQuestions) VALUES (
  'quiz_ks_how-to-get-a-kansas-permit', 'lesson_ks_how-to-get-a-kansas-permit', 'Kansas Instruction Permit Quiz', 80, 1
);
INSERT OR REPLACE INTO quiz_question (id, quizId, prompt, choices, correctIndex, explanation, ordinal) VALUES (
  'q_ks_how-to-get-a-kansas-permit_0', 'quiz_ks_how-to-get-a-kansas-permit', 'What is the minimum age to apply for a Kansas Instruction Permit?', '["13","14","15","16"]', 1, 'Kansas allows teens to apply for an Instruction Permit beginning at age 14 — one of the youngest permit ages in the United States.', 0
);
INSERT OR REPLACE INTO quiz_question (id, quizId, prompt, choices, correctIndex, explanation, ordinal) VALUES (
  'q_ks_how-to-get-a-kansas-permit_1', 'quiz_ks_how-to-get-a-kansas-permit', 'Which agency issues driver licenses in Kansas?', '["Kansas Department of Motor Vehicles","Kansas Highway Patrol","Kansas Department of Revenue, Division of Vehicles","Kansas Secretary of State"]', 2, 'Driver licensing in Kansas is administered by the Kansas Department of Revenue (KDOR), Division of Vehicles, typically at county treasurer driver license offices.', 1
);
INSERT OR REPLACE INTO quiz_question (id, quizId, prompt, choices, correctIndex, explanation, ordinal) VALUES (
  'q_ks_how-to-get-a-kansas-permit_2', 'quiz_ks_how-to-get-a-kansas-permit', 'While driving on an Instruction Permit, who must be supervising you?', '["Any licensed driver age 18 or older in the vehicle","An adult age 21 or older with a valid driver''s license, seated in the front passenger seat","A parent or legal guardian only","Anyone with a Kansas license, anywhere in the vehicle"]', 1, 'An Instruction Permit holder must drive with an adult age 21 or older who has a valid driver''s license seated next to them in the front passenger seat (or a licensed driving instructor).', 2
);
INSERT OR REPLACE INTO quiz_question (id, quizId, prompt, choices, correctIndex, explanation, ordinal) VALUES (
  'q_ks_how-to-get-a-kansas-permit_3', 'quiz_ks_how-to-get-a-kansas-permit', 'If you are under 16, what must happen for your permit application to be accepted?', '["You must pass a behind-the-wheel test","You must already have completed driver education","A parent or legal guardian must sign the application in person","You must wait 30 days after applying"]', 2, 'Kansas requires a parent or legal guardian to sign the permit application in person for applicants under 16, accepting financial responsibility for the teen''s driving.', 3
);
INSERT OR REPLACE INTO quiz_question (id, quizId, prompt, choices, correctIndex, explanation, ordinal) VALUES (
  'q_ks_how-to-get-a-kansas-permit_4', 'quiz_ks_how-to-get-a-kansas-permit', 'Approximately how many hours of supervised practice driving does Kansas recommend before moving from the permit to a restricted license?', '["10 hours","25 hours","50 hours","100 hours"]', 2, 'Kansas requires teen drivers to complete approximately 50 hours of supervised practice driving, including at least 10 hours at night, before advancing to a restricted license.', 4
);
INSERT OR REPLACE INTO lesson (id, moduleId, slug, title, body, estimatedSeatMinutes, ordinal) VALUES (
  'lesson_ks_kansas-gdl-restrictions-daily-life', 'module_ks_overlay', 'kansas-gdl-restrictions-daily-life', 'Living With Kansas GDL Restrictions', '# Living With Kansas GDL Restrictions

Getting your Kansas Restricted License is exciting, but it comes with real limits that shape your daily life. Understanding these restrictions — and planning for them — keeps you legal, keeps your parents trusting you, and keeps your license in your wallet.

## The three GDL stages

Kansas''s Graduated Driver Licensing system has three stages:

1. **Instruction Permit** (age 14+) — supervised driving only.
2. **Restricted License** (age 15 with driver ed, or 16 without) — limited solo driving.
3. **Full (Unrestricted) License** (age 16.5+ with one year of clean restricted driving, or age 17) — full driving privileges.

This lesson focuses on the Restricted License stage — what you can and cannot do once you''re driving alone.

## Nighttime restriction

If you hold a Kansas Restricted License, you **cannot drive between 9:00 p.m. and 5:00 a.m.** unless you are:

- Going directly to or from **work**,
- Going directly to or from a **school-sponsored activity**, or
- Going directly to or from a **religious activity**.

Notice the word **directly**. You cannot stop at a friend''s house on the way home from your shift. If a police officer stops you at 10:30 p.m., they may ask where you are coming from and where you are going. Keeping a pay stub, a school schedule, or a coach''s note in the car can help if you are questioned.

## Passenger restriction

Kansas restricted drivers may carry **no more than one passenger under age 18 who is not a sibling**. The intent is to reduce the documented risk of crashes that goes up sharply with every additional teen passenger. Family members in your immediate household generally don''t count toward the limit, but check the latest KDOR rules — exemptions can change.

Examples:

- You + your younger sister + one friend = **legal** (sibling doesn''t count).
- You + two non-sibling friends = **not legal**.
- You + your cousin (who lives elsewhere) + one friend = **probably not legal**, since cousins are not siblings.

## Cell phone and electronics

Kansas bans **all wireless communication device use** for drivers under 18 who hold an Instruction Permit or Restricted License, except to report an illegal activity, a medical emergency, or a safety hazard. That means:

- No talking on the phone, even hands-free.
- No texting, ever.
- No scrolling social media at a red light.
- No using map apps with your hands while moving.

Set up your music and navigation **before** you put the car in drive. If a call is truly urgent, pull over safely first.

All Kansas drivers — not just teens — are banned from **texting** while driving. This is a primary offense, meaning an officer can pull you over for texting alone.

## Seatbelts

Kansas requires every occupant under 18 to wear a seatbelt or be in an appropriate child restraint. As the driver, **you are legally responsible** for ensuring your underage passengers are buckled. Tickets for unbelted teen passengers go on **your** record, not theirs.

## What happens if you break a restriction?

Violating a GDL restriction is a moving violation. Consequences can include:

- A fine.
- Points on your driving record.
- Extension of your restricted period.
- Suspension of your license.

Worse, conviction of two moving violations in a year (or one serious one) while on a restricted license can delay your full license — sometimes for many months.

## Practical tips

- **Plan your night out backward.** Whose car gets used after 9:00 p.m.? Often, a parent or older friend.
- **Keep proof in the car.** A laminated copy of your work schedule and any school activity sheet protects you if questioned.
- **Be the safe driver, not the chauffeur.** Friends will pressure you to drive everyone. Practice saying "I can only take one — meet you there."
- **Put your phone in the glove box.** Out of sight is out of mind.

The restrictions feel inconvenient, but the year you spend on a restricted license is the single most dangerous year you will ever drive. Kansas''s GDL rules exist because data — not opinion — shows they save teen lives.', 30, 1
);
INSERT OR REPLACE INTO quiz (id, lessonId, title, passingScore, shuffleQuestions) VALUES (
  'quiz_ks_kansas-gdl-restrictions-daily-life', 'lesson_ks_kansas-gdl-restrictions-daily-life', 'Kansas GDL Restrictions Quiz', 80, 1
);
INSERT OR REPLACE INTO quiz_question (id, quizId, prompt, choices, correctIndex, explanation, ordinal) VALUES (
  'q_ks_kansas-gdl-restrictions-daily-life_0', 'quiz_ks_kansas-gdl-restrictions-daily-life', 'During which hours is a Kansas Restricted License holder generally prohibited from driving?', '["10:00 p.m. to 4:00 a.m.","9:00 p.m. to 5:00 a.m.","Midnight to 6:00 a.m.","11:00 p.m. to 5:00 a.m."]', 1, 'Kansas restricts driving between 9:00 p.m. and 5:00 a.m. for Restricted License holders, with exceptions for direct travel to or from work, school activities, or religious activities.', 0
);
INSERT OR REPLACE INTO quiz_question (id, quizId, prompt, choices, correctIndex, explanation, ordinal) VALUES (
  'q_ks_kansas-gdl-restrictions-daily-life_1', 'quiz_ks_kansas-gdl-restrictions-daily-life', 'Which of the following is an allowable exception to the Kansas nighttime driving restriction?', '["Driving a friend home from a party at 10:00 p.m.","Driving directly home from a school sports practice at 10:00 p.m.","Driving to a 24-hour gym at 11:00 p.m.","Driving to a friend''s house to study at 9:30 p.m."]', 1, 'Direct travel to or from a school-sponsored activity is one of the allowable exceptions to the 9 p.m.–5 a.m. driving restriction. The trip must be direct, with no detours.', 1
);
INSERT OR REPLACE INTO quiz_question (id, quizId, prompt, choices, correctIndex, explanation, ordinal) VALUES (
  'q_ks_kansas-gdl-restrictions-daily-life_2', 'quiz_ks_kansas-gdl-restrictions-daily-life', 'How many non-sibling passengers under 18 can a Kansas Restricted License holder transport at one time?', '["None at all","One","Two","As many as fit safely"]', 1, 'Kansas restricted drivers may transport no more than one non-sibling passenger under age 18. Siblings generally do not count toward the limit.', 2
);
INSERT OR REPLACE INTO quiz_question (id, quizId, prompt, choices, correctIndex, explanation, ordinal) VALUES (
  'q_ks_kansas-gdl-restrictions-daily-life_3', 'quiz_ks_kansas-gdl-restrictions-daily-life', 'Which cell phone use is legal for a Kansas driver under 18 with a Restricted License?', '["Hands-free calls only","Texting at red lights only","Using a wireless device to report an emergency","Using GPS apps if mounted on the dashboard"]', 2, 'Kansas bans wireless communication device use for drivers under 18 on a permit or restricted license, except to report an emergency or safety hazard.', 3
);
INSERT OR REPLACE INTO quiz_question (id, quizId, prompt, choices, correctIndex, explanation, ordinal) VALUES (
  'q_ks_kansas-gdl-restrictions-daily-life_4', 'quiz_ks_kansas-gdl-restrictions-daily-life', 'Who is legally responsible if an underage passenger in your car is not wearing a seatbelt?', '["The passenger","The passenger''s parents","You, the driver","No one — it''s only a warning under 18"]', 2, 'In Kansas the driver is legally responsible for ensuring that passengers under 18 are properly buckled. The ticket goes on the driver''s record.', 4
);
INSERT OR REPLACE INTO lesson (id, moduleId, slug, title, body, estimatedSeatMinutes, ordinal) VALUES (
  'lesson_ks_kansas-rules-of-the-road-quirks', 'module_ks_overlay', 'kansas-rules-of-the-road-quirks', 'Kansas Rules of the Road and Local Quirks', '# Kansas Rules of the Road and Local Quirks

Every state has driving rules that surprise newcomers, and Kansas is no exception. Between rural two-lane highways, wide-open interstates, sudden severe weather, and a healthy population of farm equipment on public roads, Kansas drivers face challenges that drivers in dense urban states do not. This lesson covers the rules and habits that keep you safe — and legal — on Kansas roads.

## Speed limits

Kansas sets some of the higher rural speed limits in the country:

- **Rural interstates and the Kansas Turnpike (I-70, I-35, I-135, I-335):** 75 mph in many segments.
- **Other rural four-lane divided highways:** typically 70 mph.
- **Two-lane state and U.S. highways:** typically 65 mph.
- **Urban interstates:** typically 60 to 70 mph depending on the segment.
- **Residential streets:** 20 to 30 mph unless posted otherwise.
- **School zones:** 20 mph when children are present.

The Kansas Turnpike is a toll road; pay attention to overhead signs, and have a K-TAG or be ready to take a paper ticket at the entry plaza.

## Move Over Law

Kansas''s **Move Over Law** requires drivers approaching any stopped emergency vehicle, tow truck, road maintenance vehicle, or utility vehicle with flashing lights to:

1. **Move over** one lane away from the stopped vehicle if it is safe to do so, OR
2. **Slow down significantly** below the posted speed limit if you cannot change lanes.

This applies to law enforcement, ambulances, fire trucks, tow trucks, and Kansas Department of Transportation crews. The fines are steep, and the law exists because roadside workers are killed every year in Kansas by drivers who didn''t move over.

## Severe weather driving

Kansas weather is famously dramatic. As a Kansas driver, you must be ready for:

- **Sudden thunderstorms and hail.** Pull off the road if hail is large enough to crack your windshield. Do **not** park under an overpass — this blocks traffic and creates a wind tunnel that is dangerous in tornadoes.
- **Tornadoes.** If you see a tornado while driving, do not try to outrun it laterally. Drive perpendicular to its path if you can, or abandon the vehicle and lie flat in a low ditch away from the car.
- **Blizzards and ice storms.** Black ice forms on bridges and overpasses first. Slow down, increase following distance to at least 8 seconds, and avoid sudden inputs.
- **High winds.** Crosswinds can push high-profile vehicles (trucks, RVs, empty trailers) across lanes. Reduce speed and keep both hands on the wheel.

## Farm equipment and slow-moving vehicles

On rural roads you will encounter combines, tractors, and grain trucks — often during planting (April–May) and harvest (September–October). Slow-moving vehicles display an **orange triangular reflector** on the back. The law:

- You may pass a slow-moving farm vehicle when safe and legal.
- Farm equipment often makes **wide left turns** — never pass a tractor on the left near a driveway or field entrance.
- Combines and headers can be **wider than one lane**. Move as far right as safely possible when meeting them.

## Right turn on red and four-way stops

Kansas allows **right turn on red** after a complete stop unless a sign prohibits it. You must yield to pedestrians and cross traffic. **Left turn on red** is allowed only from a one-way street onto another one-way street.

At four-way stops, the rule is **first to arrive, first to go**. When two vehicles arrive simultaneously, the one on the **right** has the right of way. When two vehicles facing each other arrive at the same time, both may go straight or turn right; the left-turning vehicle yields.

## Open container and DUI

Kansas is a **zero-tolerance state for drivers under 21**. Any measurable blood alcohol concentration (BAC of 0.02% or higher) is a violation and results in license suspension. For drivers 21 and over, the legal limit is **0.08%**, or **0.04%** for commercial drivers. Kansas''s **implied consent** law means that by driving in Kansas you have already agreed to a breath, blood, or urine test if lawfully arrested — refusal carries an automatic one-year suspension for a first offense.

Open alcohol containers are illegal in the passenger area of a moving vehicle.

## Quirks worth knowing

- **Headlights with wipers.** If your windshield wipers are on because of weather, your headlights must be on too.
- **Funeral processions.** Vehicles in a marked funeral procession have the right of way through intersections, even on red lights, once the lead vehicle has entered.
- **School buses.** Stop in **both directions** on undivided roads when a school bus has its red lights flashing and stop arm extended. On a divided highway with a physical median, only the side traveling the same direction as the bus must stop.
- **Deer.** Kansas has more than 10,000 reported deer-vehicle crashes per year. Dawn and dusk in fall are peak times. If a deer is in your path, brake hard but do not swerve — most fatalities happen when drivers swerve into oncoming traffic or roll the vehicle.

Driving in Kansas rewards drivers who anticipate. The roads are often long, straight, and empty — until suddenly they aren''t.', 30, 2
);
INSERT OR REPLACE INTO quiz (id, lessonId, title, passingScore, shuffleQuestions) VALUES (
  'quiz_ks_kansas-rules-of-the-road-quirks', 'lesson_ks_kansas-rules-of-the-road-quirks', 'Kansas Rules of the Road Quiz', 80, 1
);
INSERT OR REPLACE INTO quiz_question (id, quizId, prompt, choices, correctIndex, explanation, ordinal) VALUES (
  'q_ks_kansas-rules-of-the-road-quirks_0', 'quiz_ks_kansas-rules-of-the-road-quirks', 'Under Kansas''s Move Over Law, what must you do when approaching a stopped emergency or utility vehicle with flashing lights?', '["Honk to alert the workers","Move over one lane if safe, or slow down significantly if you cannot","Stop completely until the emergency vehicle leaves","Maintain your speed and stay in your lane"]', 1, 'Kansas''s Move Over Law requires drivers to change lanes away from a stopped emergency, tow, maintenance, or utility vehicle if safe, or to slow significantly below the posted speed limit when changing lanes is not possible.', 0
);
INSERT OR REPLACE INTO quiz_question (id, quizId, prompt, choices, correctIndex, explanation, ordinal) VALUES (
  'q_ks_kansas-rules-of-the-road-quirks_1', 'quiz_ks_kansas-rules-of-the-road-quirks', 'What is the typical maximum speed limit on a rural interstate in Kansas?', '["65 mph","70 mph","75 mph","80 mph"]', 2, 'Many rural segments of Kansas interstates and the Kansas Turnpike are posted at 75 mph, among the higher rural limits in the United States.', 1
);
INSERT OR REPLACE INTO quiz_question (id, quizId, prompt, choices, correctIndex, explanation, ordinal) VALUES (
  'q_ks_kansas-rules-of-the-road-quirks_2', 'quiz_ks_kansas-rules-of-the-road-quirks', 'What is the blood alcohol concentration (BAC) limit for Kansas drivers under 21?', '["0.08%","0.05%","0.02%","0.00%"]', 2, 'Kansas has a zero-tolerance policy for drivers under 21: a BAC of 0.02% or higher is a violation and triggers license suspension.', 2
);
INSERT OR REPLACE INTO quiz_question (id, quizId, prompt, choices, correctIndex, explanation, ordinal) VALUES (
  'q_ks_kansas-rules-of-the-road-quirks_3', 'quiz_ks_kansas-rules-of-the-road-quirks', 'On a two-lane undivided road in Kansas, a school bus stops with its red lights flashing and stop arm extended. What must drivers do?', '["Only vehicles behind the bus must stop","Vehicles in both directions must stop","Only vehicles in the oncoming lane must stop","Drivers may pass slowly if no children are visible"]', 1, 'On an undivided road, traffic in both directions must stop for a school bus with flashing red lights and an extended stop arm. Only a physical median exempts oncoming traffic.', 3
);
INSERT OR REPLACE INTO quiz_question (id, quizId, prompt, choices, correctIndex, explanation, ordinal) VALUES (
  'q_ks_kansas-rules-of-the-road-quirks_4', 'quiz_ks_kansas-rules-of-the-road-quirks', 'If a deer suddenly appears in your lane on a Kansas highway, what is generally the safest action?', '["Swerve hard to the left to avoid impact","Speed up to clear the deer''s path","Brake firmly and stay in your lane","Turn off your headlights so the deer moves"]', 2, 'Safety experts advise braking firmly and staying in your lane. Most serious deer-related crashes happen when drivers swerve into oncoming traffic, off the road, or roll their vehicles.', 4
);

-- Kentucky (KY)
INSERT OR REPLACE INTO rule_pack (id, jurisdiction, slug, name, maturity, createdAt) VALUES (
  'rp_ky_teen', 'US-KY', 'ky-teen', 'Kentucky Teen Driver Education', 'level1', unixepoch('now')*1000
);
INSERT OR REPLACE INTO rule_pack_version (id, rulePackId, version, definition, publishedAt, notes, createdAt) VALUES (
  'rpv_ky_teen_1_0_0', 'rp_ky_teen', '1.0.0', '{"credentials":[{"key":"permit_eligibility","label":"Instruction Permit","deliveryMode":"manual"}],"requirements":[{"key":"classroom_hours","label":"Classroom hours","target":0,"unit":"hour"},{"key":"btw_hours","label":"Behind-the-wheel hours","target":0,"unit":"hour"},{"key":"supervised_practice_hours","label":"Supervised practice (parent log)","target":60,"unit":"hour"}],"rules":[{"key":"unlock_permit_eligibility","trigger":"enrollment.state_changed","conditions":{"jurisdiction":"US-KY","minPermitAge":16,"classroomHoursCompleted":{"gte":0}},"actions":[{"type":"unlock_credential","credential":"permit_eligibility"},{"type":"set_journey_state","value":"permit_eligible"}]}],"facts":{"agencyName":"Kentucky Transportation Cabinet, Division of Driver Licensing","minPermitAge":16,"minLicenseAge":16.5,"minPermitDurationMonths":6,"nighttimeRestriction":"No driving between midnight and 6:00 a.m. for intermediate license holders unless accompanied by a parent/guardian, traveling to/from work or school, or in an emergency.","passengerRestriction":"During the intermediate license period, no more than one passenger under age 20 who is not an immediate family member may be in the vehicle.","cellPhoneRule":"Drivers under 18 are prohibited from using any personal communication device (handheld or hands-free) while operating a motor vehicle. All drivers are prohibited from texting while driving.","notes":"Kentucky uses a three-stage Graduated Licensing program: Instruction Permit (minimum 180 days, minimum age 16), Intermediate License (minimum age 16.5 after 60 hours of supervised practice including 10 nighttime hours and passing the road test), and Full Unrestricted License (minimum age 17 after at least 180 days with no moving violations or alcohol/drug convictions). Driver education is not mandatory but completing a state-approved course can shorten the intermediate stage by allowing earlier removal of restrictions. The permit knowledge test covers signs, rules of the road, and a vision screening. Applicants under 18 must show proof of school enrollment/compliance (No Pass No Drive law: students with 9+ unexcused absences or who drop out lose driving privileges).","needsReview":["Exact required supervised practice hours (commonly cited as 60 total with 10 at night, but verify current statute)","Whether driver education is now mandatory or remains optional/incentivized","Current permit credential delivery mode (paper permit issued at regional office vs. mailed)","Exact intermediate-to-full license waiting period (180 days vs. other duration)","Whether No Pass No Drive thresholds have been updated","Current cell phone statute scope (some sources cite under-18 ban, all-driver texting ban)"]}}', unixepoch('now')*1000, 'Generated; school must review and tweak.', unixepoch('now')*1000
);
INSERT OR REPLACE INTO content_pack (id, slug, name, scope, jurisdiction, description, createdAt) VALUES (
  'cp_ky_teen_overlay', 'ky-teen-overlay', 'Kentucky Teen Overlay', 'state', 'US-KY', 'Kentucky-specific supplement covering instruction permit eligibility, graduated licensing restrictions, and Bluegrass State driving quirks for teen drivers and their families.', unixepoch('now')*1000
);
INSERT OR REPLACE INTO content_pack_version (id, contentPackId, version, notes, publishedAt, createdAt) VALUES (
  'cpv_ky_teen_overlay_1_0_0', 'cp_ky_teen_overlay', '1.0.0', 'Generated by per-state agent; human review required before publishing.', unixepoch('now')*1000, unixepoch('now')*1000
);
INSERT OR REPLACE INTO course (id, contentPackVersionId, slug, title, description, ordinal) VALUES (
  'course_ky_overlay', 'cpv_ky_teen_overlay_1_0_0', 'ky-overlay', 'Kentucky Teen Driver Overlay', 'Kentucky-specific supplement covering instruction permit eligibility, graduated licensing restrictions, and Bluegrass State driving quirks for teen drivers and their families.', 0
);
INSERT OR REPLACE INTO module (id, courseId, slug, title, description, ordinal) VALUES (
  'module_ky_overlay', 'course_ky_overlay', 'ky-teen-overlay', 'Kentucky Teen Driver Overlay', 'Kentucky-specific supplement covering instruction permit eligibility, graduated licensing restrictions, and Bluegrass State driving quirks for teen drivers and their families.', 0
);
INSERT OR REPLACE INTO lesson (id, moduleId, slug, title, body, estimatedSeatMinutes, ordinal) VALUES (
  'lesson_ky_how-to-get-a-kentucky-permit', 'module_ky_overlay', 'how-to-get-a-kentucky-permit', 'How to Get Your Kentucky Instruction Permit', '# How to Get Your Kentucky Instruction Permit

Kentucky issues teen drivers an **Instruction Permit** through the Kentucky Transportation Cabinet, Division of Driver Licensing. This is the first stage of Kentucky''s three-stage Graduated Licensing program, and it is the only legal way for a teen to practice on public roads.

## Minimum age and prerequisites

You must be **at least 16 years old** to apply for an instruction permit in Kentucky. Before you walk into a regional driver licensing office, gather the documents you will need:

- **Proof of identity** — certified birth certificate or U.S. passport
- **Proof of Social Security number** — Social Security card or W-2
- **Two proofs of Kentucky residency** — utility bill, lease, bank statement, or school record showing your name and physical address
- **Parent or legal guardian consent** — a parent or guardian must appear in person with you to sign the application if you are under 18
- **School Compliance Verification Form** — required under Kentucky''s *No Pass No Drive* law (see Lesson 3), proving you are enrolled and academically compliant
- **Application fee** — payable at the licensing office (currently a modest fee for the permit itself)

If you are pursuing a federally compliant **REAL ID** credential, bring originals (not copies) of all identity documents.

## The knowledge test and vision screening

At the regional office you will take:

1. A **vision screening** to confirm you meet Kentucky''s minimum visual acuity standard (20/40 in at least one eye, with or without corrective lenses).
2. A **written knowledge test** covering Kentucky traffic laws, road signs, signals, and safe driving practices. The test is based on the current *Kentucky Driver Manual*, which you should download from drive.ky.gov and read cover to cover before testing.

Most questions are multiple choice. If you fail, Kentucky requires a waiting period before you can retest — typically the next business day, but rules vary by office.

## What the permit lets you do

Once issued, your Kentucky instruction permit allows you to drive **only when accompanied by a licensed driver age 21 or older** who is seated in the front passenger seat and has at least one year of licensed driving experience. The supervising driver must be alert and unimpaired.

Key rules during the permit phase:

- You must hold the permit for a **minimum of 180 days (6 months)** before applying for the intermediate license.
- You must log a **minimum of 60 hours of supervised practice driving**, including **at least 10 hours at night**.
- You must remain conviction-free of any moving violations or alcohol/drug offenses during the permit period — otherwise the 180-day clock resets.
- You cannot drive alone under any circumstance, even briefly.

## Tracking your practice hours

Kentucky requires you to maintain a **driving log** that your parent or guardian signs. The log must show date, duration, weather/road conditions, and the supervising driver''s signature. When you apply for the intermediate license, you will present this signed log as proof.

We recommend logging hours digitally inside this LMS — your parent can sign electronically and the totals are calculated automatically.

## Moving to the next stage

After holding the permit for 180 days, logging 60+ hours of supervised driving (10+ at night), reaching age 16.5, and remaining conviction-free, you can schedule the **road skills test** at a Kentucky State Police testing location. Passing the road test moves you to the **Intermediate License**, which we cover in detail in the next lesson.', 25, 0
);
INSERT OR REPLACE INTO quiz (id, lessonId, title, passingScore, shuffleQuestions) VALUES (
  'quiz_ky_how-to-get-a-kentucky-permit', 'lesson_ky_how-to-get-a-kentucky-permit', 'Kentucky Instruction Permit Quiz', 80, 1
);
INSERT OR REPLACE INTO quiz_question (id, quizId, prompt, choices, correctIndex, explanation, ordinal) VALUES (
  'q_ky_how-to-get-a-kentucky-permit_0', 'quiz_ky_how-to-get-a-kentucky-permit', 'What is the minimum age to apply for a Kentucky instruction permit?', '["15","15 years 6 months","16","17"]', 2, 'Kentucky requires applicants to be at least 16 years old to receive an instruction permit.', 0
);
INSERT OR REPLACE INTO quiz_question (id, quizId, prompt, choices, correctIndex, explanation, ordinal) VALUES (
  'q_ky_how-to-get-a-kentucky-permit_1', 'quiz_ky_how-to-get-a-kentucky-permit', 'How long must a Kentucky teen hold the instruction permit before becoming eligible for the intermediate license?', '["30 days","90 days","180 days (6 months)","12 months"]', 2, 'Kentucky law requires a minimum permit holding period of 180 days before advancing to the intermediate license.', 1
);
INSERT OR REPLACE INTO quiz_question (id, quizId, prompt, choices, correctIndex, explanation, ordinal) VALUES (
  'q_ky_how-to-get-a-kentucky-permit_2', 'quiz_ky_how-to-get-a-kentucky-permit', 'How many total supervised practice hours, and how many of those at night, must a Kentucky permit holder log?', '["30 total / 5 at night","40 total / 10 at night","50 total / 15 at night","60 total / 10 at night"]', 3, 'Kentucky requires 60 hours of supervised practice, including at least 10 hours of nighttime driving.', 2
);
INSERT OR REPLACE INTO quiz_question (id, quizId, prompt, choices, correctIndex, explanation, ordinal) VALUES (
  'q_ky_how-to-get-a-kentucky-permit_3', 'quiz_ky_how-to-get-a-kentucky-permit', 'Who may supervise a Kentucky permit holder during practice driving?', '["Any licensed driver 18 or older","A licensed driver age 21 or older with at least one year of licensed experience, seated in the front","Only a parent or guardian","Any adult passenger"]', 1, 'The supervisor must be a licensed driver age 21+, have at least one year of licensed experience, and ride in the front passenger seat.', 3
);
INSERT OR REPLACE INTO quiz_question (id, quizId, prompt, choices, correctIndex, explanation, ordinal) VALUES (
  'q_ky_how-to-get-a-kentucky-permit_4', 'quiz_ky_how-to-get-a-kentucky-permit', 'What happens if a Kentucky permit holder is convicted of a moving violation during the permit period?', '["Nothing, violations don''t apply to permits","The permit is permanently revoked","The 180-day permit holding clock resets","The driver loses 10 practice hours"]', 2, 'A moving violation conviction during the permit phase resets the 180-day clock, delaying eligibility for the intermediate license.', 4
);
INSERT OR REPLACE INTO lesson (id, moduleId, slug, title, body, estimatedSeatMinutes, ordinal) VALUES (
  'lesson_ky_kentucky-gdl-restrictions-daily-life', 'module_ky_overlay', 'kentucky-gdl-restrictions-daily-life', 'Kentucky GDL Restrictions in Daily Life', '# Kentucky GDL Restrictions in Daily Life

Once you pass your road test, Kentucky issues an **Intermediate License**. This license lets you drive without a supervisor, but it comes with restrictions designed to reduce the highest-risk situations for new drivers: late nights, distracting passengers, and electronic devices. These rules apply for at least **180 days**, and longer if you are convicted of any moving violation or alcohol/drug offense.

This lesson walks through what the intermediate stage means for real-life situations — going to school, weekend plans, after-school jobs, and family errands.

## The nighttime curfew

Kentucky intermediate license holders **may not drive between midnight and 6:00 a.m.** unless one of these exceptions applies:

- A licensed parent, guardian, or person in loco parentis is in the front passenger seat
- You are driving directly to or from work
- You are driving directly to or from a school-sanctioned activity
- A documented emergency requires it (medical, safety)

**What this means in practice:** A Friday-night movie that ends at 11:45 p.m. is fine if you go straight home. A late shift at a restaurant that ends at 12:30 a.m. is allowed *only if* you go directly home and can document the work schedule if asked. Going from work to a friend''s house at 1 a.m. is a violation.

## The passenger rule

During the intermediate phase you may **not carry more than one passenger under age 20** who is not an immediate family member. Immediate family — siblings, stepsiblings, children — do not count toward the limit.

**What this means in practice:** You can drive your little sister and one friend to school. You cannot drive three teammates home from practice. Carpooling has to be planned around this rule, and parents should help arrange alternates so the new driver is not pressured into violating it.

## The phone and device rule

Kentucky bans **all use of personal communication devices** by drivers under 18 — this includes both handheld and hands-free use. That means:

- No phone calls (even on Bluetooth or speaker)
- No texting, snapping, scrolling, navigating, or music app changes while moving
- No video chats, even if the phone is mounted

For all drivers regardless of age, **texting while driving is illegal**. The only narrow exception is using a navigation app that is configured before you start moving and not actively touched while driving — and even then, drivers under 18 are technically prohibited.

**Best practice:** put your phone in Do Not Disturb / Driving Mode before you start the engine, and stow it where you cannot reach it. If you need to take a call or change a route, pull off the road safely first.

## Seat belt and passenger safety

Kentucky has a primary seat belt law — meaning officers can stop you solely for an unbelted driver or passenger. As the driver, you are responsible for ensuring every passenger under 18 is properly restrained. Children under 8 and shorter than 57 inches must be in an appropriate child safety or booster seat.

## Zero tolerance for alcohol

Kentucky has a **zero-tolerance law** for drivers under 21: a blood alcohol concentration of **0.02% or higher** is grounds for license suspension. For context, that is roughly one drink — not a margin you can manage. A conviction also restarts your intermediate restrictions and can extend them well past your 17th birthday.

## Moving to a full license

To move from the intermediate license to a **full, unrestricted license** you must:

- Hold the intermediate license for at least **180 days**
- Have **no moving violation convictions** during that period
- Have **no alcohol or drug convictions**
- Be at least **17 years old**

If you stay clean, your full license is largely automatic at the next renewal. If you collect violations, the clock resets each time — making the difference between getting your full license at 17 and getting it at 18 or later.', 25, 1
);
INSERT OR REPLACE INTO quiz (id, lessonId, title, passingScore, shuffleQuestions) VALUES (
  'quiz_ky_kentucky-gdl-restrictions-daily-life', 'lesson_ky_kentucky-gdl-restrictions-daily-life', 'Kentucky GDL Restrictions Quiz', 80, 1
);
INSERT OR REPLACE INTO quiz_question (id, quizId, prompt, choices, correctIndex, explanation, ordinal) VALUES (
  'q_ky_kentucky-gdl-restrictions-daily-life_0', 'quiz_ky_kentucky-gdl-restrictions-daily-life', 'What are the nighttime driving curfew hours for a Kentucky intermediate license holder?', '["10:00 p.m. to 5:00 a.m.","11:00 p.m. to 6:00 a.m.","Midnight to 6:00 a.m.","1:00 a.m. to 5:00 a.m."]', 2, 'Kentucky intermediate license holders cannot drive between midnight and 6:00 a.m. without an allowed exception.', 0
);
INSERT OR REPLACE INTO quiz_question (id, quizId, prompt, choices, correctIndex, explanation, ordinal) VALUES (
  'q_ky_kentucky-gdl-restrictions-daily-life_1', 'quiz_ky_kentucky-gdl-restrictions-daily-life', 'Which of the following is an allowed exception to the Kentucky intermediate nighttime curfew?', '["Driving home from a friend''s party","Driving directly to or from work","Driving for fun if a sibling is in the car","Driving anywhere on weekends"]', 1, 'Driving directly to or from work, school activities, or in a documented emergency are valid exceptions, as is driving with a parent/guardian in the front seat.', 1
);
INSERT OR REPLACE INTO quiz_question (id, quizId, prompt, choices, correctIndex, explanation, ordinal) VALUES (
  'q_ky_kentucky-gdl-restrictions-daily-life_2', 'quiz_ky_kentucky-gdl-restrictions-daily-life', 'What is the passenger limit during Kentucky''s intermediate license phase?', '["No passengers at all","No more than one passenger under 20 who is not immediate family","No more than three teen passengers","Only one passenger total"]', 1, 'Intermediate drivers may carry only one passenger under age 20 who is not an immediate family member.', 2
);
INSERT OR REPLACE INTO quiz_question (id, quizId, prompt, choices, correctIndex, explanation, ordinal) VALUES (
  'q_ky_kentucky-gdl-restrictions-daily-life_3', 'quiz_ky_kentucky-gdl-restrictions-daily-life', 'What is the rule on cell phone use for Kentucky drivers under 18?', '["Hands-free use is allowed","Texting only is banned, calls are fine","All personal communication device use is prohibited","Use is allowed when stopped at red lights"]', 2, 'Kentucky bans all use of personal communication devices — handheld or hands-free — for drivers under 18.', 3
);
INSERT OR REPLACE INTO quiz_question (id, quizId, prompt, choices, correctIndex, explanation, ordinal) VALUES (
  'q_ky_kentucky-gdl-restrictions-daily-life_4', 'quiz_ky_kentucky-gdl-restrictions-daily-life', 'What blood alcohol concentration triggers Kentucky''s zero-tolerance law for drivers under 21?', '["0.08% or higher","0.05% or higher","0.02% or higher","Any detectable amount"]', 2, 'Kentucky''s zero-tolerance threshold for drivers under 21 is 0.02% BAC, well below the 0.08% adult limit.', 4
);
INSERT OR REPLACE INTO lesson (id, moduleId, slug, title, body, estimatedSeatMinutes, ordinal) VALUES (
  'lesson_ky_kentucky-specific-rules-and-quirks', 'module_ky_overlay', 'kentucky-specific-rules-and-quirks', 'Kentucky-Specific Rules and Quirks Every Teen Should Know', '# Kentucky-Specific Rules and Quirks Every Teen Should Know

Some of Kentucky''s most important driving rules are not obvious from a generic national driver''s manual. This lesson covers the Bluegrass State quirks that get new drivers cited, suspended, or worse — and the practical things every Kentucky teen should know before getting behind the wheel.

## The "No Pass No Drive" law

Kentucky links your driving privilege to your school performance. Under KRS 159.051 — commonly called the **No Pass No Drive law** — students under 18 can lose their permit, intermediate license, or full license if they:

- Accumulate **9 or more unexcused absences** in a school year, OR
- **Drop out** of school, OR
- Fail to maintain satisfactory academic progress as defined by their school district

Schools report non-compliance directly to the Transportation Cabinet, which then suspends the credential. To get your license back you must show a **School Compliance Verification Form** signed by your school. This is also required when you first apply for the permit.

**Practical takeaway:** skipping class can literally cost you your license. Track attendance carefully and talk to your school counselor immediately if you have an attendance or grade problem brewing.

## The yellow plate / restricted plate

In many Kentucky counties, instruction-permit and intermediate-license drivers historically had distinctive license plates or decals so officers could quickly identify a new driver. Even when not required by your county, expect that officers know the look of a young driver and will pay closer attention to curfew and passenger compliance.

## Move Over law

Kentucky''s **Move Over law** requires drivers to either change lanes away from, or significantly slow down for, any stopped emergency vehicle, tow truck, utility truck, KYTC vehicle, or other vehicle with flashing lights on the shoulder. Failure to move over is a primary offense and a frequent citation against new drivers who don''t anticipate it.

## Rural roads, ridge roads, and deer

Kentucky has thousands of miles of two-lane rural and mountain roads. New drivers need to know:

- **Deer collisions** peak October through December, especially at dawn and dusk. If a deer enters the road, brake firmly and stay in your lane — swerving into oncoming traffic or off a shoulder is far more dangerous than the collision itself.
- **No-passing zones** on hilly two-lane roads exist for a reason. Passing on a blind crest or curve in eastern or central Kentucky is a recipe for a head-on crash.
- **Coal trucks, farm equipment, and Amish buggies** share many rural routes. Expect very slow vehicles around the next bend and pass only in marked zones with full visibility.

## Weather: ice, fog, and flash floods

- **Black ice** is common on bridges and overpasses from late November through March even when air temperatures are above freezing. Bridges freeze first.
- **Valley fog** in central and western Kentucky river valleys can drop visibility to near zero at sunrise. Slow down, use low-beam headlights (not high beams), and increase following distance.
- **Flash flooding** is a recurring hazard, especially in eastern Kentucky hollers. The state''s slogan is **Turn Around, Don''t Drown** — never drive into water of unknown depth. Six inches of moving water can sweep a small car off the road.

## School buses and stop-arm law

On any **two-lane road**, traffic in **both directions** must stop for a school bus displaying flashing red lights and an extended stop arm. On a divided highway with a physical median or barrier, only traffic on the same side as the bus must stop. Violations are heavily penalized and frequently caught on bus-mounted cameras.

## Insurance and registration in the car

Kentucky requires you to carry **proof of insurance** in the vehicle at all times. The minimum liability coverage is 25/50/25 (25k bodily injury per person / 50k per accident / 25k property damage). New drivers should also know where the registration and insurance card are stored *before* they are ever pulled over.

## After a crash

Kentucky law requires you to:

1. Stop immediately at the scene
2. Render reasonable aid to anyone injured
3. Exchange information (name, address, registration, insurance) with other drivers
4. Notify police if anyone is injured, killed, or if property damage exceeds **$500**

Leaving the scene of even a minor crash is a serious criminal offense — far worse than the original fender bender.', 25, 2
);
INSERT OR REPLACE INTO quiz (id, lessonId, title, passingScore, shuffleQuestions) VALUES (
  'quiz_ky_kentucky-specific-rules-and-quirks', 'lesson_ky_kentucky-specific-rules-and-quirks', 'Kentucky Rules and Quirks Quiz', 80, 1
);
INSERT OR REPLACE INTO quiz_question (id, quizId, prompt, choices, correctIndex, explanation, ordinal) VALUES (
  'q_ky_kentucky-specific-rules-and-quirks_0', 'quiz_ky_kentucky-specific-rules-and-quirks', 'Under Kentucky''s No Pass No Drive law, how many unexcused absences in a school year can cost a teen their driving privilege?', '["3","5","9","15"]', 2, 'Accumulating 9 or more unexcused absences in a school year can trigger license suspension under KRS 159.051.', 0
);
INSERT OR REPLACE INTO quiz_question (id, quizId, prompt, choices, correctIndex, explanation, ordinal) VALUES (
  'q_ky_kentucky-specific-rules-and-quirks_1', 'quiz_ky_kentucky-specific-rules-and-quirks', 'On a two-lane road in Kentucky, when a school bus extends its stop arm with red flashing lights, who must stop?', '["Only traffic behind the bus","Only oncoming traffic","Traffic in both directions","No one is required to stop"]', 2, 'On a two-lane road, traffic traveling in both directions must stop for a school bus with its stop arm extended.', 1
);
INSERT OR REPLACE INTO quiz_question (id, quizId, prompt, choices, correctIndex, explanation, ordinal) VALUES (
  'q_ky_kentucky-specific-rules-and-quirks_2', 'quiz_ky_kentucky-specific-rules-and-quirks', 'What should you do if a deer suddenly steps into the road in front of you?', '["Swerve sharply to avoid it","Brake firmly and stay in your lane","Accelerate to get past it","Honk and keep your speed"]', 1, 'Brake firmly and stay in your lane — swerving causes more serious crashes than the deer collision itself.', 2
);
INSERT OR REPLACE INTO quiz_question (id, quizId, prompt, choices, correctIndex, explanation, ordinal) VALUES (
  'q_ky_kentucky-specific-rules-and-quirks_3', 'quiz_ky_kentucky-specific-rules-and-quirks', 'What is Kentucky''s well-known slogan for driving during flash flooding?', '["Slow Down or Pay Up","Turn Around, Don''t Drown","Watch the Water","Bridge Out Ahead"]', 1, 'Kentucky uses the national "Turn Around, Don''t Drown" message — never drive into water of unknown depth.', 3
);
INSERT OR REPLACE INTO quiz_question (id, quizId, prompt, choices, correctIndex, explanation, ordinal) VALUES (
  'q_ky_kentucky-specific-rules-and-quirks_4', 'quiz_ky_kentucky-specific-rules-and-quirks', 'Above what amount of property damage does Kentucky require you to notify police after a crash?', '["$100","$250","$500","$1,000"]', 2, 'Kentucky law requires police notification if anyone is injured/killed or if property damage exceeds $500.', 4
);

-- Louisiana (LA)
INSERT OR REPLACE INTO rule_pack (id, jurisdiction, slug, name, maturity, createdAt) VALUES (
  'rp_la_teen', 'US-LA', 'la-teen', 'Louisiana Teen Driver Education', 'level1', unixepoch('now')*1000
);
INSERT OR REPLACE INTO rule_pack_version (id, rulePackId, version, definition, publishedAt, notes, createdAt) VALUES (
  'rpv_la_teen_1_0_0', 'rp_la_teen', '1.0.0', '{"credentials":[{"key":"permit_eligibility","label":"Temporary Instructional Permit (TIP)","deliveryMode":"manual"}],"requirements":[{"key":"classroom_hours","label":"Classroom hours","target":30,"unit":"hour"},{"key":"btw_hours","label":"Behind-the-wheel hours","target":8,"unit":"hour"},{"key":"supervised_practice_hours","label":"Supervised practice (parent log)","target":50,"unit":"hour"}],"rules":[{"key":"unlock_permit_eligibility","trigger":"enrollment.state_changed","conditions":{"jurisdiction":"US-LA","minPermitAge":15,"classroomHoursCompleted":{"gte":30}},"actions":[{"type":"unlock_credential","credential":"permit_eligibility"},{"type":"set_journey_state","value":"permit_eligible"}]}],"facts":{"agencyName":"Louisiana Office of Motor Vehicles (OMV)","minPermitAge":15,"minLicenseAge":16,"minPermitDurationMonths":6,"nighttimeRestriction":"Intermediate license holders under 17 may not drive between 11:00 p.m. and 5:00 a.m. unless accompanied by a licensed adult 21 or older, or for limited purposes such as work, school, or religious activities.","passengerRestriction":"Drivers under 17 with an intermediate license may not transport more than one passenger under age 21 who is not an immediate family member between 6:00 p.m. and 5:00 a.m.","cellPhoneRule":"All drivers under 18, and any driver with a learner''s permit or intermediate license regardless of age, are prohibited from using a handheld wireless communication device while driving. Texting while driving is banned for all Louisiana drivers.","notes":"Louisiana uses a three-stage Graduated Driver License (GDL) program: Temporary Instructional Permit (TIP) at 15, Intermediate License at 16, and Full License at 17. Applicants under 18 must complete a state-approved 30-hour classroom plus 8-hour behind-the-wheel driver education course (the ''38-hour'' course). Applicants 18 and older may instead complete a 6-hour pre-licensing course. A parent or legal guardian must sign for any minor applicant, and proof of school enrollment or a high school equivalency is required for minors under the state''s compulsory attendance law. The OMV accepts course completion certificates issued by licensed third-party driving schools; submission is typically a paper certificate handed to the OMV clerk at the field office.","needsReview":["Exact statutory citation for nighttime curfew hours (11 p.m.-5 a.m. vs. midnight-5 a.m.) — verify against current RS 32:407","Whether the 50-hour supervised practice requirement is statutorily mandated or only strongly recommended in LA","Current delivery mode for course completion certificates — OMV may now accept electronic submissions from licensed schools in some parishes","Exact passenger restriction wording and age cutoffs — verify against current OMV handbook","Whether the intermediate license stage ends at age 17 exactly or has additional conditions"]}}', unixepoch('now')*1000, 'Generated; school must review and tweak.', unixepoch('now')*1000
);
INSERT OR REPLACE INTO content_pack (id, slug, name, scope, jurisdiction, description, createdAt) VALUES (
  'cp_la_teen_overlay', 'la-teen-overlay', 'Louisiana Teen Overlay', 'state', 'US-LA', 'Louisiana-specific supplement covering the OMV''s Temporary Instructional Permit (TIP) process, the state''s three-stage Graduated Driver License program, and the local rules — from Bourbon Street parade detours to bayou-road wildlife — that every new Louisiana driver should know before sitting for the road test.', unixepoch('now')*1000
);
INSERT OR REPLACE INTO content_pack_version (id, contentPackId, version, notes, publishedAt, createdAt) VALUES (
  'cpv_la_teen_overlay_1_0_0', 'cp_la_teen_overlay', '1.0.0', 'Generated by per-state agent; human review required before publishing.', unixepoch('now')*1000, unixepoch('now')*1000
);
INSERT OR REPLACE INTO course (id, contentPackVersionId, slug, title, description, ordinal) VALUES (
  'course_la_overlay', 'cpv_la_teen_overlay_1_0_0', 'la-overlay', 'Louisiana Teen Driver Overlay', 'Louisiana-specific supplement covering the OMV''s Temporary Instructional Permit (TIP) process, the state''s three-stage Graduated Driver License program, and the local rules — from Bourbon Street parade detours to bayou-road wildlife — that every new Louisiana driver should know before sitting for the road test.', 0
);
INSERT OR REPLACE INTO module (id, courseId, slug, title, description, ordinal) VALUES (
  'module_la_overlay', 'course_la_overlay', 'la-teen-overlay', 'Louisiana Teen Driver Overlay', 'Louisiana-specific supplement covering the OMV''s Temporary Instructional Permit (TIP) process, the state''s three-stage Graduated Driver License program, and the local rules — from Bourbon Street parade detours to bayou-road wildlife — that every new Louisiana driver should know before sitting for the road test.', 0
);
INSERT OR REPLACE INTO lesson (id, moduleId, slug, title, body, estimatedSeatMinutes, ordinal) VALUES (
  'lesson_la_how-to-get-a-louisiana-permit', 'module_la_overlay', 'how-to-get-a-louisiana-permit', 'How to Get Your Louisiana Temporary Instructional Permit', '## Welcome to Louisiana''s Graduated Driver License Program

Louisiana''s path to a full driver''s license is a three-stage Graduated Driver License (GDL) program administered by the **Office of Motor Vehicles (OMV)**, a division of the Department of Public Safety. Stage one is the **Temporary Instructional Permit (TIP)**, sometimes just called the learner''s permit. This lesson walks you through everything you need to obtain it.

### Step 1: Meet the Age Requirement

You must be at least **15 years old** to apply for a TIP in Louisiana. There is no upper age limit, but the document requirements differ if you are under 18 (a minor) versus 18 or older.

### Step 2: Complete Driver Education

Applicants under 18 must complete a **state-approved 30-hour classroom course plus 8 hours of behind-the-wheel (BTW) instruction** with a licensed Louisiana driving school. This is commonly called the **38-hour course**. The classroom hours can be delivered in-person or through an OMV-approved online program, but the 8 BTW hours must be conducted in a vehicle with a licensed instructor.

Applicants who are 18 or older have a shorter option: a **6-hour pre-licensing course**. Many adults still choose the full 38-hour course because it provides much more practice.

### Step 3: Gather Your Documents

When you visit the OMV, bring:

- **Proof of identity**: certified birth certificate or valid U.S. passport
- **Social Security card** (or a document showing your SSN)
- **Two proofs of Louisiana residency** dated within the last six months (utility bill, bank statement, school records). If you are a minor, your parent''s documents typically work.
- **Proof of school enrollment** or a high school equivalency (HiSET/GED). Louisiana ties driving privileges to school attendance for minors.
- **Driver education completion certificate** issued by your licensed school
- **Parent or legal guardian signature** on the minor''s application — the parent must appear in person or provide a notarized form
- **Payment** for the application fee (currently around $32, subject to change)

### Step 4: Pass the Knowledge and Vision Tests

At the OMV field office (or an authorized third-party tester), you will take:

- A **vision screening** (20/40 in at least one eye, with or without corrective lenses)
- A **40-question written knowledge test** based on the Louisiana Class E Driver''s Guide. You must score **80% or higher** (32 of 40 correct). The test covers road signs, right-of-way, GDL restrictions, and impaired-driving laws.

Many Louisiana driving schools administer the knowledge test in-house as part of the 38-hour course, which can save you a trip.

### Step 5: Hold the Permit for at Least Six Months

Once issued, the TIP must be held for a **minimum of 180 days (6 months)** before you can move to the next stage. During this period you must:

- Always drive with a **licensed adult 21 or older** seated in the front passenger seat
- Log supervised driving practice (Louisiana strongly recommends 50 hours, including some night driving)
- Avoid any moving violations — a conviction will restart your six-month clock

### Step 6: Move to the Intermediate License

At **16**, after holding the TIP for six months with a clean record and completing your BTW hours, you can apply for the **Intermediate License**. This stage carries the nighttime and passenger restrictions covered in the next lesson, and ends at age 17 when you become eligible for a full Class E license.

### Common Mistakes to Avoid

- Letting your parent sign the application without bringing valid ID for themselves
- Forgetting that school enrollment proof is required for minors
- Assuming an online-only course is enough — the 8 BTW hours are mandatory under 18
- Driving outside the supervised conditions during the TIP phase, which can void the permit', 35, 0
);
INSERT OR REPLACE INTO quiz (id, lessonId, title, passingScore, shuffleQuestions) VALUES (
  'quiz_la_how-to-get-a-louisiana-permit', 'lesson_la_how-to-get-a-louisiana-permit', 'Louisiana TIP Application Quiz', 80, 1
);
INSERT OR REPLACE INTO quiz_question (id, quizId, prompt, choices, correctIndex, explanation, ordinal) VALUES (
  'q_la_how-to-get-a-louisiana-permit_0', 'quiz_la_how-to-get-a-louisiana-permit', 'What is the minimum age to apply for a Temporary Instructional Permit (TIP) in Louisiana?', '["14","15","16","17"]', 1, 'Louisiana allows TIP applications starting at age 15, provided the applicant has completed the required driver education.', 0
);
INSERT OR REPLACE INTO quiz_question (id, quizId, prompt, choices, correctIndex, explanation, ordinal) VALUES (
  'q_la_how-to-get-a-louisiana-permit_1', 'quiz_la_how-to-get-a-louisiana-permit', 'How many hours of driver education are required for a Louisiana applicant under 18?', '["6 hours of pre-licensing only","20 hours classroom plus 4 hours BTW","30 hours classroom plus 8 hours behind-the-wheel (38 total)","50 hours classroom only"]', 2, 'Minors must complete the full ''38-hour course'' — 30 hours of classroom plus 8 hours of behind-the-wheel instruction with a licensed school.', 1
);
INSERT OR REPLACE INTO quiz_question (id, quizId, prompt, choices, correctIndex, explanation, ordinal) VALUES (
  'q_la_how-to-get-a-louisiana-permit_2', 'quiz_la_how-to-get-a-louisiana-permit', 'What is the minimum holding period for the TIP before moving to an Intermediate License?', '["30 days","90 days","180 days (6 months)","1 year"]', 2, 'The TIP must be held for at least 180 days (6 months) with a clean driving record before you can advance to the Intermediate License stage.', 2
);
INSERT OR REPLACE INTO quiz_question (id, quizId, prompt, choices, correctIndex, explanation, ordinal) VALUES (
  'q_la_how-to-get-a-louisiana-permit_3', 'quiz_la_how-to-get-a-louisiana-permit', 'While driving with a TIP, who must be seated in the front passenger seat?', '["Any licensed driver","A licensed adult age 18 or older","A licensed adult age 21 or older","Only a parent or legal guardian"]', 2, 'A TIP holder must always drive with a licensed adult 21 or older in the front passenger seat. A parent is fine but not required — any licensed 21+ adult qualifies.', 3
);
INSERT OR REPLACE INTO quiz_question (id, quizId, prompt, choices, correctIndex, explanation, ordinal) VALUES (
  'q_la_how-to-get-a-louisiana-permit_4', 'quiz_la_how-to-get-a-louisiana-permit', 'What passing score is required on the Louisiana written knowledge test?', '["70%","75%","80%","90%"]', 2, 'Louisiana requires at least 80% (32 of 40 questions) to pass the written knowledge exam.', 4
);
INSERT OR REPLACE INTO lesson (id, moduleId, slug, title, body, estimatedSeatMinutes, ordinal) VALUES (
  'lesson_la_louisiana-gdl-restrictions-daily-life', 'module_la_overlay', 'louisiana-gdl-restrictions-daily-life', 'Living With Louisiana''s GDL Restrictions', '## What Changes When You Get Your Intermediate License

At 16, after six months on the TIP, you can graduate to a **Louisiana Intermediate License**. It feels like freedom — you can finally drive without an adult riding shotgun — but Louisiana keeps several **Graduated Driver License (GDL)** guardrails in place until you turn 17. This lesson covers what those restrictions look like in real life: dinner with friends, Friday-night football games, after-school jobs, and family beach trips to Grand Isle.

### The Nighttime Driving Curfew

Intermediate license holders under 17 **may not drive between 11:00 p.m. and 5:00 a.m.** unless a licensed adult 21 or older is in the front passenger seat. There are narrow exceptions for:

- Driving to or from work (carry a note or schedule from your employer)
- Driving to or from a school-sanctioned event
- Driving to or from a religious service or event
- Bona fide emergencies

**Daily-life implications:**

- The 10 p.m. Saints game that goes into overtime? You need to be off the road by 11.
- Late-night Waffle House run with friends after prom? Not legal unless an adult is along.
- Closing shift at a restaurant in the French Quarter? Carry proof of your work schedule.

### The Passenger Restriction

Between **6:00 p.m. and 5:00 a.m.**, intermediate license holders under 17 may carry **no more than one passenger under age 21** who is not an immediate family member. "Immediate family" generally means siblings, step-siblings, or other minors living in your household.

**Daily-life implications:**

- Carpool to school in the morning? Generally fine — that''s before 6 p.m.
- Driving four friends to a movie at 7 p.m.? Not legal.
- Driving your sister and her two friends home from a football game at 9 p.m.? Your sister counts as family; the two friends together exceed the one-passenger limit.

### Cell Phones and Electronics

Louisiana is strict about distracted driving for new drivers:

- **All drivers under 18** are prohibited from using a **handheld wireless device** while driving, including hands-free for some categories under newer enforcement guidance.
- **All TIP and Intermediate license holders**, regardless of age, are prohibited from any cell phone use while driving.
- **Texting while driving is illegal for every Louisiana driver**, and is a primary offense — officers can pull you over for that alone.

The penalty for a first cell-phone offense as a minor is a fine plus possible suspension of your intermediate license.

### Seat Belts and Child Passengers

Louisiana requires every occupant in a vehicle to wear a seat belt — not just front-seat passengers. As the driver, you are legally responsible for ensuring passengers under 17 are buckled. Children under 13 should ride in the back seat, and child restraint laws apply by age and weight (rear-facing under 2, harness through age 4, booster through age 9 or 4''9").

### Carrying Proof at All Times

While on an Intermediate License, always carry:

- Your physical license (digital-only is not yet universally accepted at LA traffic stops)
- Proof of insurance for the vehicle
- If you''re working a late shift, your employment schedule or a signed note from your employer

### Consequences of Violations

Violations during the GDL period can:

- **Restart the clock** on your TIP or Intermediate stage
- Trigger **license suspension** (a single conviction for reckless driving, DWI, or hit-and-run usually results in immediate suspension regardless of age)
- Increase your family''s insurance premiums substantially
- Stay on your record and affect your ability to get a full Class E license at 17

The smart play: treat the restrictions as training wheels, not as obstacles. Drivers who finish the Intermediate stage with a clean record qualify for lower insurance rates and have measurably fewer crashes in their first year of full licensure.', 30, 1
);
INSERT OR REPLACE INTO quiz (id, lessonId, title, passingScore, shuffleQuestions) VALUES (
  'quiz_la_louisiana-gdl-restrictions-daily-life', 'lesson_la_louisiana-gdl-restrictions-daily-life', 'Louisiana GDL Daily Life Quiz', 80, 1
);
INSERT OR REPLACE INTO quiz_question (id, quizId, prompt, choices, correctIndex, explanation, ordinal) VALUES (
  'q_la_louisiana-gdl-restrictions-daily-life_0', 'quiz_la_louisiana-gdl-restrictions-daily-life', 'When does Louisiana''s nighttime driving curfew for Intermediate License holders under 17 apply?', '["9:00 p.m. to 6:00 a.m.","10:00 p.m. to 5:00 a.m.","11:00 p.m. to 5:00 a.m.","Midnight to 6:00 a.m."]', 2, 'The curfew runs from 11:00 p.m. to 5:00 a.m. unless a licensed adult 21+ is in the front passenger seat or a narrow exception (work, school, religious activity, emergency) applies.', 0
);
INSERT OR REPLACE INTO quiz_question (id, quizId, prompt, choices, correctIndex, explanation, ordinal) VALUES (
  'q_la_louisiana-gdl-restrictions-daily-life_1', 'quiz_la_louisiana-gdl-restrictions-daily-life', 'During the passenger-restricted hours, how many non-family passengers under 21 can an Intermediate License holder transport?', '["Zero","One","Two","Unlimited"]', 1, 'Between 6 p.m. and 5 a.m., the driver may carry no more than ONE passenger under 21 who is not an immediate family member.', 1
);
INSERT OR REPLACE INTO quiz_question (id, quizId, prompt, choices, correctIndex, explanation, ordinal) VALUES (
  'q_la_louisiana-gdl-restrictions-daily-life_2', 'quiz_la_louisiana-gdl-restrictions-daily-life', 'Which of the following is a legal exception to the nighttime curfew?', '["Going to a friend''s house","Picking up takeout food","Driving home from a documented work shift","Cruising with siblings"]', 2, 'Driving to or from documented work, school events, religious services, or true emergencies is an allowed exception. Carry proof when possible.', 2
);
INSERT OR REPLACE INTO quiz_question (id, quizId, prompt, choices, correctIndex, explanation, ordinal) VALUES (
  'q_la_louisiana-gdl-restrictions-daily-life_3', 'quiz_la_louisiana-gdl-restrictions-daily-life', 'Which statement about cell phones is TRUE in Louisiana?', '["Only texting is banned; calls are fine for any driver","Texting while driving is illegal for ALL Louisiana drivers and is a primary offense","Cell phone use is only restricted on highways","Drivers 18+ can use any device freely with no restrictions"]', 1, 'Texting while driving is banned statewide for every driver and is a primary offense, meaning an officer can stop you for that alone.', 3
);
INSERT OR REPLACE INTO quiz_question (id, quizId, prompt, choices, correctIndex, explanation, ordinal) VALUES (
  'q_la_louisiana-gdl-restrictions-daily-life_4', 'quiz_la_louisiana-gdl-restrictions-daily-life', 'What is a likely consequence if an Intermediate License holder is convicted of a moving violation during the GDL period?', '["Nothing — minor violations are ignored under GDL","An automatic upgrade to a full license","The GDL clock can restart and the license may be suspended","Only a warning letter is mailed"]', 2, 'Violations during the GDL period can restart the holding period clock and, depending on severity, trigger license suspension.', 4
);
INSERT OR REPLACE INTO lesson (id, moduleId, slug, title, body, estimatedSeatMinutes, ordinal) VALUES (
  'lesson_la_louisiana-specific-rules-and-quirks', 'module_la_overlay', 'louisiana-specific-rules-and-quirks', 'Louisiana-Specific Rules, Roads, and Quirks', '## Driving in Louisiana Is Not Like Driving Anywhere Else

Between parish-by-parish road quality, hurricane evacuations, parade season, and bayou wildlife, Louisiana throws driving scenarios at you that the generic national driver''s manual doesn''t cover. This lesson walks through the Louisiana-specific rules and quirks every new driver should know.

### Contraflow and Hurricane Evacuations

Louisiana is one of the few states that activates **contraflow** — reversing the direction of inbound interstate lanes so all lanes carry traffic away from the coast — during major hurricane evacuations. If you are driving when contraflow is activated:

- **Follow the posted detour signs and state troopers'' directions exactly.** GPS will not be updated in real time.
- Be aware that on-ramps, exits, and rest stops are closed or repurposed.
- Fuel up before you leave — gas stations along contraflow routes run dry quickly.
- Keep an emergency kit (water, snacks, phone charger, paper map) in your car during hurricane season (June through November).

### Parade Season and Street Closures

From **Twelfth Night (January 6) through Mardi Gras**, parade routes shut down major streets across the state — not just in New Orleans. Lafayette, Baton Rouge, Houma, and Lake Charles all run multi-week parade calendars. Key rules:

- **It is illegal to cross a parade route** while a parade is active. Plan your trips around posted parade schedules.
- **Ladders, chairs, and coolers** staked out along parade routes have informal but vigorously defended priority — don''t park where they''re set up.
- **Throwing or catching beads/throws while driving** is illegal and dangerous.

### Right Turn on Red and Left Turn on Red

Louisiana follows the standard U.S. rule: **right turn on red is allowed** after a complete stop, unless a sign prohibits it. Louisiana also allows a **left turn on red from a one-way street onto another one-way street** moving in the legal direction — common in downtown New Orleans, Baton Rouge, and Shreveport.

### Move-Over Law

Louisiana''s **Move-Over law** requires drivers to change lanes away from any stopped emergency vehicle, tow truck, utility vehicle, or sanitation truck displaying flashing lights. If you can''t safely change lanes, you must **slow to at least 25 mph below the posted speed limit** (or 10 mph if the limit is under 25). Violations carry stiff fines.

### Funeral Processions

Louisiana law gives **funeral processions the right-of-way** at intersections once the lead vehicle has legally entered. Do not cut through a procession even if your light turns green. Processions are typically marked by purple or orange flags and hazard lights.

### Bridges, Causeways, and Elevated Highways

- The **Lake Pontchartrain Causeway** (about 24 miles) is one of the longest bridges in the world. There is no shoulder for most of it, and crossing in fog or high winds requires extra caution. Authorities sometimes close lanes or require escort convoys.
- **Atchafalaya Basin Bridge (I-10)** crosses 18 miles of swamp west of Baton Rouge. Sudden rain bands and standing water are common.
- Many older elevated highways flood at the on-ramps during heavy rain — never attempt to cross standing water of unknown depth. "**Turn around, don''t drown**" is the official state slogan.

### Wildlife and Livestock

Rural Louisiana parishes are home to **alligators, deer, wild hogs, and the occasional escaped cow**. Open-range laws still apply in a handful of parishes. At dawn and dusk, scan ditches and tree lines. If an animal crosses your path, brake firmly in a straight line — do not swerve.

### Open Container and DWI

Louisiana has unusually permissive open-container norms for passengers in some parishes (and famously allows go-cups for pedestrians on Bourbon Street), **but it is illegal for the driver to have an open alcoholic beverage** anywhere in the state, and the legal BAC is **0.02% for drivers under 21** — effectively zero tolerance. A first DWI as a minor results in license suspension and mandatory substance-abuse evaluation.

### Insurance Requirements

Louisiana requires minimum liability insurance of **$15,000 / $30,000 / $25,000**. Driving without proof of insurance can result in your license plate being seized at the roadside. Always keep a current insurance card (paper or digital) in the vehicle.

### Quick Quirks Cheat Sheet

- Parishes, not counties.
- ''Neutral ground'' = median.
- ''Banquette'' = sidewalk (mostly New Orleans).
- ''Making groceries'' = grocery shopping (heard on the road, not a driving rule, but you''ll hear it).
- Yellow flashing left arrows are increasingly common in Baton Rouge — they mean you may turn left but must yield to oncoming traffic.', 30, 2
);
INSERT OR REPLACE INTO quiz (id, lessonId, title, passingScore, shuffleQuestions) VALUES (
  'quiz_la_louisiana-specific-rules-and-quirks', 'lesson_la_louisiana-specific-rules-and-quirks', 'Louisiana Rules and Quirks Quiz', 80, 1
);
INSERT OR REPLACE INTO quiz_question (id, quizId, prompt, choices, correctIndex, explanation, ordinal) VALUES (
  'q_la_louisiana-specific-rules-and-quirks_0', 'quiz_la_louisiana-specific-rules-and-quirks', 'What is ''contraflow'' in Louisiana?', '["A toll-free express lane on I-10","Reversing inbound interstate lanes outbound during a hurricane evacuation","A type of parade permit","A rule about funeral processions"]', 1, 'Contraflow reverses normally-inbound interstate lanes to run outbound, doubling evacuation capacity during a major hurricane.', 0
);
INSERT OR REPLACE INTO quiz_question (id, quizId, prompt, choices, correctIndex, explanation, ordinal) VALUES (
  'q_la_louisiana-specific-rules-and-quirks_1', 'quiz_la_louisiana-specific-rules-and-quirks', 'Under Louisiana''s Move-Over law, if you cannot safely change lanes away from a stopped emergency vehicle, what must you do?', '["Continue at the posted speed limit","Stop completely until the vehicle leaves","Slow to at least 25 mph below the posted speed limit (or 10 mph if the limit is under 25)","Honk to alert the emergency crew"]', 2, 'If you can''t safely change lanes, you must reduce speed to at least 25 mph below the posted limit (10 mph below if the limit is under 25 mph).', 1
);
INSERT OR REPLACE INTO quiz_question (id, quizId, prompt, choices, correctIndex, explanation, ordinal) VALUES (
  'q_la_louisiana-specific-rules-and-quirks_2', 'quiz_la_louisiana-specific-rules-and-quirks', 'What is the legal blood alcohol concentration (BAC) limit for Louisiana drivers under 21?', '["0.08%","0.05%","0.02%","0.10%"]', 2, 'Louisiana enforces a 0.02% BAC limit for drivers under 21 — effectively zero tolerance for underage drinking and driving.', 2
);
INSERT OR REPLACE INTO quiz_question (id, quizId, prompt, choices, correctIndex, explanation, ordinal) VALUES (
  'q_la_louisiana-specific-rules-and-quirks_3', 'quiz_la_louisiana-specific-rules-and-quirks', 'Which of the following left turns on red is generally permitted in Louisiana?', '["From a two-way street onto a one-way street","From a one-way street onto another one-way street going the legal direction, after stopping","Any left on red, anywhere","No left on red is ever permitted in Louisiana"]', 1, 'Louisiana allows a left turn on red after a complete stop when going from a one-way street onto another one-way street, unless prohibited by signage.', 3
);
INSERT OR REPLACE INTO quiz_question (id, quizId, prompt, choices, correctIndex, explanation, ordinal) VALUES (
  'q_la_louisiana-specific-rules-and-quirks_4', 'quiz_la_louisiana-specific-rules-and-quirks', 'You approach an active Mardi Gras parade route. What is the correct action?', '["Honk and drive across slowly","Wait until there is a gap and cross the route","Find a legal detour — it is illegal to cross an active parade route","Follow a police vehicle through"]', 2, 'Crossing an active parade route is illegal in Louisiana. Plan ahead and use posted detours — parade schedules are published in advance.', 4
);

-- Massachusetts (MA)
INSERT OR REPLACE INTO rule_pack (id, jurisdiction, slug, name, maturity, createdAt) VALUES (
  'rp_ma_teen', 'US-MA', 'ma-teen', 'Massachusetts Teen Driver Education', 'level1', unixepoch('now')*1000
);
INSERT OR REPLACE INTO rule_pack_version (id, rulePackId, version, definition, publishedAt, notes, createdAt) VALUES (
  'rpv_ma_teen_1_0_0', 'rp_ma_teen', '1.0.0', '{"credentials":[{"key":"permit_eligibility","label":"Learner''s Permit","deliveryMode":"manual"}],"requirements":[{"key":"classroom_hours","label":"Classroom hours","target":30,"unit":"hour"},{"key":"btw_hours","label":"Behind-the-wheel hours","target":12,"unit":"hour"},{"key":"supervised_practice_hours","label":"Supervised practice (parent log)","target":40,"unit":"hour"}],"rules":[{"key":"unlock_permit_eligibility","trigger":"enrollment.state_changed","conditions":{"jurisdiction":"US-MA","minPermitAge":16,"classroomHoursCompleted":{"gte":30}},"actions":[{"type":"unlock_credential","credential":"permit_eligibility"},{"type":"set_journey_state","value":"permit_eligible"}]}],"facts":{"agencyName":"Massachusetts Registry of Motor Vehicles (RMV)","minPermitAge":16,"minLicenseAge":16.5,"minPermitDurationMonths":6,"nighttimeRestriction":"Junior Operator License (JOL) holders under 18 may not drive between 12:30 a.m. and 5:00 a.m. unless accompanied by a parent or legal guardian.","passengerRestriction":"For the first 6 months of holding a JOL, drivers under 18 may not transport passengers under age 18 unless a licensed driver age 21+ with at least 1 year of experience is also in the car. Siblings are exempt.","cellPhoneRule":"Drivers under 18 are prohibited from using any mobile electronic device (including hands-free) while driving. All Massachusetts drivers are subject to the state''s hands-free law, which bans holding any electronic device while operating a vehicle.","notes":"Massachusetts requires teen applicants under 18 to complete a state-approved Driver Education program consisting of 30 hours of classroom instruction, 12 hours of behind-the-wheel training with a certified instructor, and 6 hours of observation time. Additionally, 40 hours of supervised driving practice (with parent sign-off) is required before the road test, including at least 30 hours of practice with a parent/guardian. Parents must also complete a 2-hour Parent Class. The Junior Operator License (JOL) law imposes strict penalties for violations, including license suspensions for speeding, passenger restrictions violations, and any moving violation.","needsReview":["Exact passenger restriction sibling exemption wording","Whether parent class hours count toward the 30 classroom hours","Current RMV fee schedule for permit and JOL","Whether out-of-state driver ed transfers are accepted"]}}', unixepoch('now')*1000, 'Generated; school must review and tweak.', unixepoch('now')*1000
);
INSERT OR REPLACE INTO content_pack (id, slug, name, scope, jurisdiction, description, createdAt) VALUES (
  'cp_ma_teen_overlay', 'ma-teen-overlay', 'Massachusetts Teen Overlay', 'state', 'US-MA', 'State-specific lessons covering Massachusetts learner''s permit requirements, Junior Operator License (JOL) restrictions, and quirks unique to driving in the Commonwealth.', unixepoch('now')*1000
);
INSERT OR REPLACE INTO content_pack_version (id, contentPackId, version, notes, publishedAt, createdAt) VALUES (
  'cpv_ma_teen_overlay_1_0_0', 'cp_ma_teen_overlay', '1.0.0', 'Generated by per-state agent; human review required before publishing.', unixepoch('now')*1000, unixepoch('now')*1000
);
INSERT OR REPLACE INTO course (id, contentPackVersionId, slug, title, description, ordinal) VALUES (
  'course_ma_overlay', 'cpv_ma_teen_overlay_1_0_0', 'ma-overlay', 'Massachusetts Teen Driver Overlay', 'State-specific lessons covering Massachusetts learner''s permit requirements, Junior Operator License (JOL) restrictions, and quirks unique to driving in the Commonwealth.', 0
);
INSERT OR REPLACE INTO module (id, courseId, slug, title, description, ordinal) VALUES (
  'module_ma_overlay', 'course_ma_overlay', 'ma-teen-overlay', 'Massachusetts Teen Driver Overlay', 'State-specific lessons covering Massachusetts learner''s permit requirements, Junior Operator License (JOL) restrictions, and quirks unique to driving in the Commonwealth.', 0
);
INSERT OR REPLACE INTO lesson (id, moduleId, slug, title, body, estimatedSeatMinutes, ordinal) VALUES (
  'lesson_ma_how-to-get-a-permit-in-massachusetts', 'module_ma_overlay', 'how-to-get-a-permit-in-massachusetts', 'How to Get a Learner''s Permit in Massachusetts', '# Getting Your Massachusetts Learner''s Permit

In Massachusetts, the Registry of Motor Vehicles (RMV) issues Learner''s Permits to applicants who are at least 16 years old. The learner''s permit is the first credential in the Massachusetts Graduated Driver Licensing (GDL) system, and you must hold it for at least 6 months before you can take the road test for a Junior Operator License (JOL).

## Step 1: Meet the Age Requirement

You must be at least 16 years old on the day you apply. There is no younger age tier in Massachusetts — 16 is the minimum.

## Step 2: Gather Your Documents

Massachusetts uses a strict identity verification process. You will need to bring documents that prove:

- **Lawful presence and identity** (e.g., U.S. passport or birth certificate)
- **Social Security Number** (your SSN card, W-2, or pay stub showing the full SSN)
- **Massachusetts residency** (two documents, such as a utility bill, bank statement, or signed lease — school records or a parent''s documents with a residency affidavit are accepted for minors)
- **Signature of a parent or legal guardian** if you are under 18 (the parent must appear in person at the RMV or sign the application before a notary)

If you want a REAL ID-compliant permit, the document requirements are slightly stricter. A Standard permit is fine for in-state driving but won''t be accepted for federal purposes (like boarding domestic flights starting in May 2025).

## Step 3: Schedule and Take the Knowledge Test

The Learner''s Permit knowledge exam covers Massachusetts road signs, rules of the road, and safe driving practices. You can study using the **Massachusetts Driver''s Manual**, available free from the RMV website. The test is 25 multiple-choice questions, and you must answer at least 18 correctly (72%) to pass. The test is offered in multiple languages including Spanish, Portuguese, Chinese, Vietnamese, and several others.

You must make a permit appointment at an RMV Service Center — walk-ins are generally not accepted. Bring all your documents and the application fee.

## Step 4: Pass the Vision Screening

At the RMV, you''ll take a vision screening. If you wear glasses or contacts, bring them — you''ll be tested with corrective lenses if you use them, and a corrective lens restriction will be added to your permit.

## Step 5: Pay the Fee and Get Your Permit

Once you pass the knowledge test and vision screening, you''ll pay the permit fee and receive your learner''s permit the same day.

## What You Can and Can''t Do With a Permit

With a Massachusetts learner''s permit, you may only drive when accompanied by a **licensed driver who is at least 21 years old, has at least one year of driving experience, and is seated next to you in the front seat**. You may **not** drive between 12:00 a.m. and 5:00 a.m. under any circumstances.

## Step 6: Complete Driver Education

If you are under 18, you must complete a state-approved Driver Education program before you can take the road test. This program includes 30 hours of classroom, 12 hours of behind-the-wheel, and 6 hours of observation. Your parent or guardian must also complete a 2-hour Parent Class.

After holding your permit for at least 6 months with no moving violations, completing driver ed, and logging 40 hours of supervised practice (30 of which must be with a parent/guardian), you''ll be eligible to schedule your road test.', 35, 0
);
INSERT OR REPLACE INTO quiz (id, lessonId, title, passingScore, shuffleQuestions) VALUES (
  'quiz_ma_how-to-get-a-permit-in-massachusetts', 'lesson_ma_how-to-get-a-permit-in-massachusetts', 'Massachusetts Permit Basics Quiz', 80, 1
);
INSERT OR REPLACE INTO quiz_question (id, quizId, prompt, choices, correctIndex, explanation, ordinal) VALUES (
  'q_ma_how-to-get-a-permit-in-massachusetts_0', 'quiz_ma_how-to-get-a-permit-in-massachusetts', 'What is the minimum age to apply for a Learner''s Permit in Massachusetts?', '["15","15 years 6 months","16","16 years 6 months"]', 2, 'Massachusetts requires applicants to be at least 16 years old on the day they apply for a Learner''s Permit.', 0
);
INSERT OR REPLACE INTO quiz_question (id, quizId, prompt, choices, correctIndex, explanation, ordinal) VALUES (
  'q_ma_how-to-get-a-permit-in-massachusetts_1', 'quiz_ma_how-to-get-a-permit-in-massachusetts', 'When driving with a learner''s permit in Massachusetts, the supervising driver must be at least how old and have how much experience?', '["18 with 6 months experience","21 with 1 year experience","21 with 3 years experience","25 with 5 years experience"]', 1, 'The supervising driver must be at least 21 years old and have at least one year of driving experience, seated in the front passenger seat.', 1
);
INSERT OR REPLACE INTO quiz_question (id, quizId, prompt, choices, correctIndex, explanation, ordinal) VALUES (
  'q_ma_how-to-get-a-permit-in-massachusetts_2', 'quiz_ma_how-to-get-a-permit-in-massachusetts', 'How many questions must you answer correctly on the Massachusetts permit knowledge test (25 questions total)?', '["15","18","20","22"]', 1, 'You must answer at least 18 of 25 questions correctly (72%) to pass the Massachusetts Learner''s Permit knowledge test.', 2
);
INSERT OR REPLACE INTO quiz_question (id, quizId, prompt, choices, correctIndex, explanation, ordinal) VALUES (
  'q_ma_how-to-get-a-permit-in-massachusetts_3', 'quiz_ma_how-to-get-a-permit-in-massachusetts', 'Permit holders in Massachusetts may NOT drive during which hours, regardless of who is in the car?', '["10:00 p.m. to 6:00 a.m.","11:00 p.m. to 5:00 a.m.","12:00 a.m. to 5:00 a.m.","Permit holders have no time restrictions"]', 2, 'Massachusetts learner''s permit holders are prohibited from driving between 12:00 a.m. and 5:00 a.m. under any circumstances, even with a supervising driver.', 3
);
INSERT OR REPLACE INTO quiz_question (id, quizId, prompt, choices, correctIndex, explanation, ordinal) VALUES (
  'q_ma_how-to-get-a-permit-in-massachusetts_4', 'quiz_ma_how-to-get-a-permit-in-massachusetts', 'How long must a teen under 18 hold a Massachusetts learner''s permit before taking the road test?', '["30 days","3 months","6 months","12 months"]', 2, 'Teens under 18 must hold their learner''s permit for at least 6 months with no moving violations before being eligible for the road test.', 4
);
INSERT OR REPLACE INTO lesson (id, moduleId, slug, title, body, estimatedSeatMinutes, ordinal) VALUES (
  'lesson_ma_ma-jol-restrictions-daily-life', 'module_ma_overlay', 'ma-jol-restrictions-daily-life', 'Massachusetts JOL Restrictions in Daily Life', '# Living With a Junior Operator License (JOL)

When a Massachusetts driver under 18 passes the road test, they receive a **Junior Operator License (JOL)** — not a full unrestricted license. The JOL comes with serious restrictions that affect how you drive every day, and Massachusetts has some of the strictest teen driving penalties in the country.

## The Nighttime Restriction

JOL holders may **not drive between 12:30 a.m. and 5:00 a.m.** unless accompanied by a parent or legal guardian. This is sometimes called the "curfew" rule. There is no exception for work, school events, or emergencies (other than a true emergency where you should call 911). Coming home late from a friend''s house, a concert, or a late-night shift at your part-time job means you need to plan your drive home before 12:30 a.m.

## The Passenger Restriction

For the **first 6 months** after getting your JOL, you may not transport any passenger under age 18 unless a licensed driver who is at least 21 years old with one year of experience is also in the car. Siblings are exempt — you can always drive your brothers and sisters.

This means: no driving friends to school, no carpooling teammates to practice, no giving a younger cousin a ride to the mall during your first 6 months. This restriction is heavily enforced, and police can pull you over for violating it.

## Cell Phone and Electronic Devices

Massachusetts has a **complete ban on any electronic device use by JOL holders** while driving. This includes:

- Handheld cell phones
- **Hands-free systems** (yes, even Bluetooth)
- Texting
- Using GPS apps on a phone
- Headphones or earbuds

If you need GPS navigation, you must set the route before you start driving and use a vehicle-mounted system or have a passenger operate the device. Adults in Massachusetts may use hands-free devices, but under-18 drivers may not.

## Speeding and Moving Violations Are Brutal

Massachusetts treats teen speeding extraordinarily harshly:

- **First speeding offense**: 90-day license suspension, $50 reinstatement fee, mandatory attendance at a state-approved Driver Attitudinal Retraining course, and a $500 license reinstatement fee. You''ll also need to retake both the knowledge test and the road test.
- **Drag racing or speeding while passing a school bus**: 1-year suspension.
- **Second speeding offense**: 1-year suspension.

Any moving violation results in a 60-day suspension and required completion of a State Courts Against Road Rage (SCARR) program.

## Seatbelts

All occupants of a vehicle operated by a JOL holder must wear seatbelts. As the driver, you can be cited if any passenger under 18 is unbuckled.

## Alcohol — Zero Tolerance

Massachusetts has a Zero Tolerance law for drivers under 21. A BAC of 0.02% or higher results in a 180-day license suspension on the first offense, plus possible additional penalties. Combined with the under-21 OUI penalties, the consequences are severe — including a 1-year suspension for refusing the breath test.

## When Do the Restrictions End?

The passenger restriction lifts after 6 months. The nighttime restriction, cell phone ban, and JOL designation remain until you turn 18. On your 18th birthday, you can apply to convert your JOL to a full Class D license at no charge.

## Planning Your Daily Routine

Practical tips:

- Set a personal "home by midnight" rule to give yourself a 30-minute buffer before the 12:30 a.m. cutoff.
- Use a car-mounted GPS or have a passenger handle navigation.
- Tell your friends about the passenger rule early so they''re not surprised when you can''t give them rides.
- Keep your phone in your bag or glove box while driving — out of sight, out of mind.', 30, 1
);
INSERT OR REPLACE INTO quiz (id, lessonId, title, passingScore, shuffleQuestions) VALUES (
  'quiz_ma_ma-jol-restrictions-daily-life', 'lesson_ma_ma-jol-restrictions-daily-life', 'Massachusetts JOL Restrictions Quiz', 80, 1
);
INSERT OR REPLACE INTO quiz_question (id, quizId, prompt, choices, correctIndex, explanation, ordinal) VALUES (
  'q_ma_ma-jol-restrictions-daily-life_0', 'quiz_ma_ma-jol-restrictions-daily-life', 'What are the nighttime restriction hours for Junior Operator License (JOL) holders in Massachusetts?', '["10:00 p.m. to 5:00 a.m.","11:00 p.m. to 6:00 a.m.","12:30 a.m. to 5:00 a.m.","1:00 a.m. to 6:00 a.m."]', 2, 'JOL holders may not drive between 12:30 a.m. and 5:00 a.m. unless accompanied by a parent or legal guardian.', 0
);
INSERT OR REPLACE INTO quiz_question (id, quizId, prompt, choices, correctIndex, explanation, ordinal) VALUES (
  'q_ma_ma-jol-restrictions-daily-life_1', 'quiz_ma_ma-jol-restrictions-daily-life', 'For how long after getting a JOL may a teen NOT transport passengers under 18 (other than siblings)?', '["3 months","6 months","12 months","Until age 18"]', 1, 'The passenger restriction lasts 6 months. After that, JOL drivers may transport other minors, though the nighttime and electronic device restrictions remain.', 1
);
INSERT OR REPLACE INTO quiz_question (id, quizId, prompt, choices, correctIndex, explanation, ordinal) VALUES (
  'q_ma_ma-jol-restrictions-daily-life_2', 'quiz_ma_ma-jol-restrictions-daily-life', 'Which of the following is allowed for a Massachusetts JOL holder while driving?', '["Using a handheld phone for GPS","Using a hands-free Bluetooth phone call","Using headphones for music","None of the above"]', 3, 'JOL holders are prohibited from using ANY electronic device while driving, including hands-free systems and headphones. The ban is total for drivers under 18.', 2
);
INSERT OR REPLACE INTO quiz_question (id, quizId, prompt, choices, correctIndex, explanation, ordinal) VALUES (
  'q_ma_ma-jol-restrictions-daily-life_3', 'quiz_ma_ma-jol-restrictions-daily-life', 'What is the consequence of a first speeding offense for a JOL holder in Massachusetts?', '["A warning only","30-day suspension and a fine","90-day suspension plus required retraining course and retesting","Immediate revocation until age 21"]', 2, 'A first speeding offense for a JOL holder triggers a 90-day suspension, mandatory Driver Attitudinal Retraining, reinstatement fees, and required retaking of both the knowledge and road tests.', 3
);
INSERT OR REPLACE INTO quiz_question (id, quizId, prompt, choices, correctIndex, explanation, ordinal) VALUES (
  'q_ma_ma-jol-restrictions-daily-life_4', 'quiz_ma_ma-jol-restrictions-daily-life', 'Which family members are EXEMPT from the JOL passenger restriction during the first 6 months?', '["Cousins","Friends from school","Siblings","Anyone living in your household"]', 2, 'Siblings are explicitly exempt from the JOL passenger restriction. Cousins, friends, and other household members under 18 are not allowed without a qualified adult passenger.', 4
);
INSERT OR REPLACE INTO lesson (id, moduleId, slug, title, body, estimatedSeatMinutes, ordinal) VALUES (
  'lesson_ma_ma-specific-rules-and-quirks', 'module_ma_overlay', 'ma-specific-rules-and-quirks', 'Massachusetts-Specific Rules and Quirks', '# Driving in Massachusetts: Rules and Quirks You Won''t Find Elsewhere

Massachusetts has a driving culture and a set of rules shaped by colonial-era street grids, dense urban traffic in Greater Boston, and some of the oldest roads in the United States. Beyond the basics, there are several state-specific rules and quirks every new Massachusetts driver should understand.

## Rotaries (Roundabouts)

Massachusetts loves rotaries — what most of the country calls roundabouts. The rule in Massachusetts is straightforward but often misunderstood: **traffic already in the rotary has the right of way**. Drivers entering must yield. Decades ago the rule was the opposite, and many older drivers still get confused, so always be cautious and prepared to brake when entering. Signal right when you''re about to exit so drivers waiting to enter know what you''re doing.

## The Right on Red (and the Many Exceptions)

Right turns on red are generally allowed after a complete stop — but **not in downtown Boston in many locations**, and not where signs prohibit it. Always look for a "No Turn on Red" sign, which Boston posts liberally. Some Cambridge and Brookline intersections also restrict it.

## Pedestrian Right of Way Is Sacred

Massachusetts law gives pedestrians in any marked crosswalk the **absolute right of way**. Drivers must stop — not just yield — when a pedestrian is in a crosswalk on the driver''s side of the road, or approaching from the opposite side and within 10 feet. Failing to stop is a $200 fine and is enforced. In pedestrian-heavy cities like Boston, Cambridge, Somerville, and Northampton, expect pedestrians to step into crosswalks without looking — they have the legal right, even when it''s unwise.

## The Move Over Law

Massachusetts requires drivers to move over one lane (when safe) for stopped emergency vehicles, tow trucks, highway maintenance vehicles, and any vehicle with flashing lights on the shoulder. If you can''t change lanes safely, slow down significantly.

## Snow and Ice Rules

Massachusetts has a law (sometimes called "Jessica''s Law") that requires drivers to **clear snow and ice from their vehicles — including the roof — before driving**. Failing to clear snow that then flies off and damages another vehicle or injures someone can result in fines from $40 to $200, plus civil liability.

During declared snow emergencies in Boston and other cities, parking restrictions kick in immediately — your car will be ticketed and towed from designated snow emergency routes. Sign up for city alerts.

## Headlight Use

Massachusetts requires headlights to be on:

- From 30 minutes after sunset to 30 minutes before sunrise
- **Whenever your windshield wipers are in use** due to weather (rain, snow, fog, sleet)
- When visibility is less than 500 feet

Daytime running lights do NOT count — your full headlights, including tail lights, must be on.

## The Massachusetts Inspection Sticker

Every registered passenger vehicle in Massachusetts must pass an annual safety and emissions inspection at a licensed station. The sticker goes on the lower passenger side of the windshield and shows the month it expires. Driving with an expired sticker is a $40 ticket and can be enforced after a 1-month grace period.

## OUI vs. DUI

Massachusetts calls drunk driving **OUI (Operating Under the Influence)** rather than DUI. The legal limit is 0.08% for drivers 21+ and 0.02% for drivers under 21. "Operating" in Massachusetts case law is broad — you can be charged for OUI even while sitting in a parked car with the keys in the ignition.

## School Buses

When a school bus has its red lights flashing and stop arm extended, **all traffic in both directions must stop** — even on divided highways unless separated by a physical median or barrier. The fine is $250 for a first offense and the violation can affect your insurance for years.

## The Big Dig and Boston Driving

If you''ll drive in Boston, know that the city is famous for confusing one-way streets, unmarked lane changes, and aggressive drivers. Tips:

- Use GPS but set the route before you start driving.
- Watch for pedestrians and cyclists — Boston has aggressive bike commuters and many protected bike lanes.
- Storrow Drive and Memorial Drive have **low clearances** — moving trucks famously get stuck there every September during college move-in ("Storrowing").

## EZ-Pass and Tolls

The Mass Pike (I-90), Tobin Bridge, and several tunnels use all-electronic tolling. There are no toll booths to stop at — cameras read your transponder or photograph your plate, and a bill is mailed to the registered owner. Get an EZ-Pass MA transponder for the lowest rates.', 30, 2
);
INSERT OR REPLACE INTO quiz (id, lessonId, title, passingScore, shuffleQuestions) VALUES (
  'quiz_ma_ma-specific-rules-and-quirks', 'lesson_ma_ma-specific-rules-and-quirks', 'Massachusetts Rules and Quirks Quiz', 80, 1
);
INSERT OR REPLACE INTO quiz_question (id, quizId, prompt, choices, correctIndex, explanation, ordinal) VALUES (
  'q_ma_ma-specific-rules-and-quirks_0', 'quiz_ma_ma-specific-rules-and-quirks', 'When entering a Massachusetts rotary (roundabout), who has the right of way?', '["Drivers entering the rotary","Drivers already in the rotary","Whoever arrives first","The vehicle on the right"]', 1, 'Traffic already circulating in a Massachusetts rotary has the right of way. Drivers entering must yield.', 0
);
INSERT OR REPLACE INTO quiz_question (id, quizId, prompt, choices, correctIndex, explanation, ordinal) VALUES (
  'q_ma_ma-specific-rules-and-quirks_1', 'quiz_ma_ma-specific-rules-and-quirks', 'Massachusetts law requires headlights to be on whenever:', '["The engine is running","Your windshield wipers are in use due to weather","You''re driving above 35 mph","Other cars have their headlights on"]', 1, 'Massachusetts requires headlights on from 30 minutes after sunset to 30 minutes before sunrise, AND whenever your wipers are in use due to weather conditions. Daytime running lights do not satisfy this rule.', 1
);
INSERT OR REPLACE INTO quiz_question (id, quizId, prompt, choices, correctIndex, explanation, ordinal) VALUES (
  'q_ma_ma-specific-rules-and-quirks_2', 'quiz_ma_ma-specific-rules-and-quirks', 'What does Massachusetts call its drunk driving offense?', '["DUI (Driving Under the Influence)","DWI (Driving While Intoxicated)","OUI (Operating Under the Influence)","OWI (Operating While Impaired)"]', 2, 'Massachusetts uses the term OUI — Operating Under the Influence. The legal limit is 0.08% for adults and 0.02% for drivers under 21.', 2
);
INSERT OR REPLACE INTO quiz_question (id, quizId, prompt, choices, correctIndex, explanation, ordinal) VALUES (
  'q_ma_ma-specific-rules-and-quirks_3', 'quiz_ma_ma-specific-rules-and-quirks', 'What does Massachusetts law require drivers to do regarding snow on their vehicle before driving?', '["Nothing — it''s the driver''s choice","Clear only the windshield and side windows","Clear snow and ice from the entire vehicle, including the roof","Clear only enough snow for visibility"]', 2, 'Massachusetts law requires drivers to clear snow and ice from the entire vehicle, including the roof, before driving. Snow flying off your car can cause accidents and result in fines and civil liability.', 3
);
INSERT OR REPLACE INTO quiz_question (id, quizId, prompt, choices, correctIndex, explanation, ordinal) VALUES (
  'q_ma_ma-specific-rules-and-quirks_4', 'quiz_ma_ma-specific-rules-and-quirks', 'When a school bus has its red lights flashing and stop arm extended on a typical two-lane road in Massachusetts, who must stop?', '["Only vehicles behind the bus","Only vehicles in the same direction of travel","All traffic in both directions","Only vehicles within 50 feet"]', 2, 'All traffic in both directions must stop for a school bus with flashing red lights and an extended stop arm, unless the roads are separated by a physical median or barrier. First-offense fine is $250.', 4
);

-- Maryland (MD)
INSERT OR REPLACE INTO rule_pack (id, jurisdiction, slug, name, maturity, createdAt) VALUES (
  'rp_md_teen', 'US-MD', 'md-teen', 'Maryland Teen Driver Education', 'level1', unixepoch('now')*1000
);
INSERT OR REPLACE INTO rule_pack_version (id, rulePackId, version, definition, publishedAt, notes, createdAt) VALUES (
  'rpv_md_teen_1_0_0', 'rp_md_teen', '1.0.0', '{"credentials":[{"key":"permit_eligibility","label":"Learner''s Permit","deliveryMode":"manual"}],"requirements":[{"key":"classroom_hours","label":"Classroom hours","target":30,"unit":"hour"},{"key":"btw_hours","label":"Behind-the-wheel hours","target":6,"unit":"hour"},{"key":"supervised_practice_hours","label":"Supervised practice (parent log)","target":60,"unit":"hour"}],"rules":[{"key":"unlock_permit_eligibility","trigger":"enrollment.state_changed","conditions":{"jurisdiction":"US-MD","minPermitAge":15.75,"classroomHoursCompleted":{"gte":30}},"actions":[{"type":"unlock_credential","credential":"permit_eligibility"},{"type":"set_journey_state","value":"permit_eligible"}]}],"facts":{"agencyName":"Maryland Motor Vehicle Administration (MVA)","minPermitAge":15.75,"minLicenseAge":16.5,"minPermitDurationMonths":9,"nighttimeRestriction":"Provisional license holders may not drive between midnight and 5:00 a.m. unless accompanied by a qualified supervising driver age 21+ with at least 3 years of licensed driving experience, or for specific exemptions (employment, school, organized athletic events, volunteer fire/EMS).","passengerRestriction":"During the first 5 months of a provisional license, the driver may not transport passengers under age 18 unless accompanied by a qualified supervising driver age 21+, or unless the passengers are immediate family members.","cellPhoneRule":"Drivers under 18 with a learner''s permit or provisional license are prohibited from using any handheld or hands-free wireless communication device while driving, except to call 911. All Maryland drivers are banned from texting and from holding a handheld phone while driving.","notes":"Maryland operates a Rookie Driver Graduated Licensing program with three stages: learner''s permit, provisional license, and full license. Driver education (30 hours classroom + 6 hours behind-the-wheel) must be completed at an MVA-certified driver education provider before the skills (road) test. The 60 supervised practice hours must be documented on a Practice and Skills Log signed by a parent/guardian (10 of those hours must be at night). The learner''s permit must be held for a minimum of 9 months with no convictions before applying for a provisional license. Maryland does not use a separate ''permit card'' name—it is simply called a Learner''s Permit, which is a temporary credential issued by the MVA.","needsReview":["Exact minPermitAge — Maryland statute states 15 years 9 months; encoded as 15.75 but confirm decimal handling for fractional ages.","Whether the 10 required nighttime supervised hours should be tracked as a separate field rather than embedded in notes.","Provisional license conviction-free period (currently 9 months but should be re-verified against current MD transportation code).","Whether ''manual'' is the correct delivery mode — MVA accepts driver-ed completion certificates electronically from certified schools (DE-supplied via MVA''s Driver Education portal); could be ''electronic_upload'' or ''api'' depending on integration."]}}', unixepoch('now')*1000, 'Generated; school must review and tweak.', unixepoch('now')*1000
);
INSERT OR REPLACE INTO content_pack (id, slug, name, scope, jurisdiction, description, createdAt) VALUES (
  'cp_md_teen_overlay', 'md-teen-overlay', 'Maryland Teen Overlay', 'state', 'US-MD', 'State-specific learning module covering Maryland''s Rookie Driver Graduated Licensing System, MVA permit and provisional license requirements, and the road-rule quirks that catch new Maryland drivers off guard.', unixepoch('now')*1000
);
INSERT OR REPLACE INTO content_pack_version (id, contentPackId, version, notes, publishedAt, createdAt) VALUES (
  'cpv_md_teen_overlay_1_0_0', 'cp_md_teen_overlay', '1.0.0', 'Generated by per-state agent; human review required before publishing.', unixepoch('now')*1000, unixepoch('now')*1000
);
INSERT OR REPLACE INTO course (id, contentPackVersionId, slug, title, description, ordinal) VALUES (
  'course_md_overlay', 'cpv_md_teen_overlay_1_0_0', 'md-overlay', 'Maryland Teen Driver Overlay', 'State-specific learning module covering Maryland''s Rookie Driver Graduated Licensing System, MVA permit and provisional license requirements, and the road-rule quirks that catch new Maryland drivers off guard.', 0
);
INSERT OR REPLACE INTO module (id, courseId, slug, title, description, ordinal) VALUES (
  'module_md_overlay', 'course_md_overlay', 'md-teen-overlay', 'Maryland Teen Driver Overlay', 'State-specific learning module covering Maryland''s Rookie Driver Graduated Licensing System, MVA permit and provisional license requirements, and the road-rule quirks that catch new Maryland drivers off guard.', 0
);
INSERT OR REPLACE INTO lesson (id, moduleId, slug, title, body, estimatedSeatMinutes, ordinal) VALUES (
  'lesson_md_how-to-get-a-maryland-learners-permit', 'module_md_overlay', 'how-to-get-a-maryland-learners-permit', 'How to Get a Maryland Learner''s Permit', '# How to Get a Maryland Learner''s Permit

In Maryland, your driving journey starts at the **Motor Vehicle Administration (MVA)** — not the DMV. The MVA runs a three-stage Graduated Licensing program called *Rookie Driver*, and the very first stage is the **Learner''s Permit**. This lesson walks you through exactly what you need to do, bring, and study to walk out of an MVA branch with that permit in hand.

## Step 1: Confirm you are old enough

You must be **at least 15 years and 9 months old** on the day you apply. The MVA will not bend on this — show up one day early and you will be turned away. If you are under 18, you will also need a parent or legal guardian to physically appear with you and co-sign the application, because they are accepting financial responsibility for your driving.

## Step 2: Gather your documents

Maryland enforces federal REAL ID rules, which means you have to bring originals (no photocopies) that prove four things:

1. **Age and identity** — a certified U.S. birth certificate or unexpired U.S. passport.
2. **Social Security number** — your Social Security card, a W-2, or a 1099.
3. **Two proofs of Maryland residency** — examples include a utility bill, a bank statement, a mortgage or lease, or a report card mailed to your home. The two documents must come from two different sources.
4. **Lawful presence** (for non-citizens) — visa, permanent resident card, etc.

If your name has ever changed (adoption, marriage, court order), bring the certified document that links your old name to your new one.

## Step 3: Pass the knowledge and vision tests

At the branch you will take:

- A **vision screening** (you can wear your glasses or contacts).
- A **25-question knowledge test** drawn from the *Maryland Driver''s Manual*. You need to answer at least 22 correctly (88%). Topics include road signs, right-of-way, alcohol laws, GDL restrictions, and sharing the road with cyclists and pedestrians.

Study the official manual — third-party practice tests are useful warm-ups, but the wording on the real test mirrors the manual.

## Step 4: Pay the fee and get your permit

The permit fee is currently a flat charge (around $50, but always confirm on the MVA website). You will be photographed and issued a temporary paper permit immediately; the plastic card arrives in the mail within about a week.

## Step 5: Understand what the permit lets you do

A Maryland Learner''s Permit is **not** a license. You may only drive when:

- A **qualified supervising driver** sits in the front passenger seat. That person must be at least **21 years old** and have held a valid driver''s license for at least **three years**.
- Every occupant is wearing a seatbelt.
- You are **not** using any wireless device, hands-free or otherwise.
- You have **zero** alcohol in your system (Maryland enforces a 0.00% BAC for permit holders).

## Step 6: Start the 9-month, 60-hour clock

You must hold the permit for a **minimum of 9 months** with **no moving violation convictions** before you are eligible for the provisional license skills test. During those nine months you must log **60 hours of supervised practice**, including **at least 10 hours at night**, on a Practice and Skills Log signed by your parent or guardian. The MVA will ask for that signed log when you come back for your road test, so do not lose it.

## Common mistakes to avoid

- Bringing photocopies instead of originals.
- Forgetting that both parents/guardians on the birth certificate may need to consent in shared-custody situations.
- Treating the 60 hours as optional — the MVA spot-checks logs and a parent''s signature is a legal attestation.
- Driving alone ''just around the block.'' That is an unlicensed-driving citation, and it resets your 9-month conviction-free clock.

Get the documents right, study the manual, respect the supervising-driver rule, and the Maryland permit process is one of the smoother ones in the country.', 35, 0
);
INSERT OR REPLACE INTO quiz (id, lessonId, title, passingScore, shuffleQuestions) VALUES (
  'quiz_md_how-to-get-a-maryland-learners-permit', 'lesson_md_how-to-get-a-maryland-learners-permit', 'Maryland Learner''s Permit Knowledge Check', 80, 1
);
INSERT OR REPLACE INTO quiz_question (id, quizId, prompt, choices, correctIndex, explanation, ordinal) VALUES (
  'q_md_how-to-get-a-maryland-learners-permit_0', 'quiz_md_how-to-get-a-maryland-learners-permit', 'What is the minimum age to apply for a Maryland Learner''s Permit?', '["15 years old","15 years and 9 months old","16 years old","16 years and 6 months old"]', 1, 'Maryland requires applicants to be at least 15 years and 9 months old on the day they apply for a Learner''s Permit.', 0
);
INSERT OR REPLACE INTO quiz_question (id, quizId, prompt, choices, correctIndex, explanation, ordinal) VALUES (
  'q_md_how-to-get-a-maryland-learners-permit_1', 'quiz_md_how-to-get-a-maryland-learners-permit', 'Who must accompany a Maryland learner''s permit holder while driving?', '["Any licensed driver over 18","A qualified driver at least 21 years old with at least 3 years of licensed driving experience, seated in the front passenger seat","A parent or legal guardian only","A driving instructor only"]', 1, 'Maryland law requires the supervising driver to be at least 21 years old, have held a license for at least 3 years, and sit in the front passenger seat.', 1
);
INSERT OR REPLACE INTO quiz_question (id, quizId, prompt, choices, correctIndex, explanation, ordinal) VALUES (
  'q_md_how-to-get-a-maryland-learners-permit_2', 'quiz_md_how-to-get-a-maryland-learners-permit', 'How many hours of supervised driving practice must a Maryland permit holder log before taking the skills test?', '["30 hours, with 5 at night","40 hours, with 10 at night","60 hours, with 10 at night","100 hours, with 20 at night"]', 2, 'Maryland requires 60 total hours of supervised practice, including at least 10 hours of nighttime driving, documented on the Practice and Skills Log.', 2
);
INSERT OR REPLACE INTO quiz_question (id, quizId, prompt, choices, correctIndex, explanation, ordinal) VALUES (
  'q_md_how-to-get-a-maryland-learners-permit_3', 'quiz_md_how-to-get-a-maryland-learners-permit', 'What is the minimum length of time a Maryland permit must be held before a provisional license can be issued?', '["3 months","6 months","9 months conviction-free","12 months"]', 2, 'Maryland requires the learner''s permit to be held for at least 9 months with no moving violation convictions before the driver can take the skills test for a provisional license.', 3
);
INSERT OR REPLACE INTO quiz_question (id, quizId, prompt, choices, correctIndex, explanation, ordinal) VALUES (
  'q_md_how-to-get-a-maryland-learners-permit_4', 'quiz_md_how-to-get-a-maryland-learners-permit', 'Which Maryland state agency issues driver permits and licenses?', '["Department of Motor Vehicles (DMV)","Motor Vehicle Administration (MVA)","Department of Transportation Safety (DOTS)","Bureau of Driver Services (BDS)"]', 1, 'In Maryland the agency is the Motor Vehicle Administration (MVA), part of the Maryland Department of Transportation, not a DMV.', 4
);
INSERT OR REPLACE INTO lesson (id, moduleId, slug, title, body, estimatedSeatMinutes, ordinal) VALUES (
  'lesson_md_maryland-gdl-restrictions-daily-life', 'module_md_overlay', 'maryland-gdl-restrictions-daily-life', 'Maryland GDL Restrictions in Daily Life', '# Maryland GDL Restrictions in Daily Life

The Maryland *Rookie Driver* graduated licensing system is designed to ease new drivers into full driving privileges. The middle stage — the **Provisional License** — is when you first drive alone, and it is also when most teens get tripped up by rules they did not realize applied to a normal Friday night. This lesson translates Maryland''s GDL rulebook into the real-life decisions you will face.

## The three stages, in plain English

1. **Learner''s Permit** — supervised driving only, age 15 years 9 months and up.
2. **Provisional License** — solo driving allowed, but with curfew and passenger limits. Issued at age 16 years 6 months at the earliest.
3. **Full Driver''s License** — issued once you are 18, or after holding the provisional license for at least 18 months conviction-free, whichever comes first.

The provisional stage is the one that affects daily life the most, so the rest of this lesson focuses there.

## The midnight-to-5 a.m. curfew

Provisional drivers may not drive between **midnight and 5:00 a.m.** unless:

- A qualified supervising driver (21+, three years licensed) is in the front passenger seat, **or**
- You are driving to/from school, work, or a school-sanctioned activity, **or**
- You are responding to a volunteer fire/EMS call.

If you work a closing shift at a restaurant, keep your work schedule or a recent pay stub in the car. If you are coming home from a football game that ran late, that is *not* automatically covered — ''school-sanctioned'' means the school officially organized the event. A friend''s house at 1 a.m. is a clear violation.

## The first-5-months passenger rule

For the **first 151 days** (about 5 months) after your provisional license is issued, you may not transport **anyone under 18** unless:

- They are an **immediate family member** (sibling, etc.), or
- A qualified supervising driver (21+, three years licensed) is in the front passenger seat.

In practical terms: do not drive your friends to school, the movies, or practice during those first five months. One under-18 passenger who is not your sibling is enough for a citation, and the citation will reset your conviction-free clock and delay your full license.

## The zero-tolerance phone rule

Drivers under 18 in Maryland — whether on a permit or a provisional license — **cannot use any wireless device while driving**. That includes:

- Holding a phone.
- Speakerphone calls.
- Bluetooth or hands-free calls.
- Voice-to-text or ''just one quick text.''

The **only** exception is calling 911. Adult Maryland drivers are allowed hands-free calls, but minors are not. Put the phone in ''Do Not Disturb While Driving'' before you start the car.

## Seatbelts, BAC, and other constants

- **Seatbelts**: every occupant, every trip. As the driver you are responsible for passengers under 16.
- **BAC**: 0.00% for any driver under 21. Even a sip is a violation under Maryland''s underage drinking and driving laws.
- **Speeding and reckless driving**: any moving conviction during the provisional period can extend the time you must spend in that stage and may trigger MVA-mandated remedial driver improvement classes.

## What happens if you get a ticket

A single conviction during the provisional period typically means:

1. An MVA notice extending your provisional period.
2. Possible required attendance at a Driver Improvement Program.
3. A second conviction within the period can lead to a 30-day suspension; a third can lead to a 180-day suspension and revocation of the license.

## Daily-life rules of thumb

- **Plan around the curfew.** If a movie ends at 11:45 p.m. and you are 25 minutes from home, you are gambling.
- **Treat the phone like contraband.** Even at red lights — Maryland''s handheld ban applies any time the car is on a public roadway.
- **No friends in the car for five months.** This is the single most violated rule. Build the habit early.
- **Keep documentation handy.** Work schedules, school activity rosters, and your Practice and Skills Log live in the glove box, not in your room.

Get through 18 months of provisional driving with no convictions and Maryland upgrades you to a full license automatically when you reach 18 — no extra test required.', 30, 1
);
INSERT OR REPLACE INTO quiz (id, lessonId, title, passingScore, shuffleQuestions) VALUES (
  'quiz_md_maryland-gdl-restrictions-daily-life', 'lesson_md_maryland-gdl-restrictions-daily-life', 'Maryland GDL Restrictions Knowledge Check', 80, 1
);
INSERT OR REPLACE INTO quiz_question (id, quizId, prompt, choices, correctIndex, explanation, ordinal) VALUES (
  'q_md_maryland-gdl-restrictions-daily-life_0', 'quiz_md_maryland-gdl-restrictions-daily-life', 'During which hours are Maryland provisional license holders generally prohibited from driving without a qualified supervising driver?', '["9:00 p.m. to 6:00 a.m.","11:00 p.m. to 5:00 a.m.","Midnight to 5:00 a.m.","Midnight to 6:00 a.m."]', 2, 'Maryland''s provisional license curfew runs from midnight to 5:00 a.m., with limited exceptions for work, school, and emergency service.', 0
);
INSERT OR REPLACE INTO quiz_question (id, quizId, prompt, choices, correctIndex, explanation, ordinal) VALUES (
  'q_md_maryland-gdl-restrictions-daily-life_1', 'quiz_md_maryland-gdl-restrictions-daily-life', 'For how long after receiving a Maryland provisional license is the under-18 passenger restriction in effect?', '["The first 30 days","The first 151 days (about 5 months)","The first 6 months","The first 12 months"]', 1, 'For the first 151 days (approximately 5 months) of holding a Maryland provisional license, the driver may not transport passengers under 18 who are not immediate family members.', 1
);
INSERT OR REPLACE INTO quiz_question (id, quizId, prompt, choices, correctIndex, explanation, ordinal) VALUES (
  'q_md_maryland-gdl-restrictions-daily-life_2', 'quiz_md_maryland-gdl-restrictions-daily-life', 'Which of the following is permitted for a Maryland driver under 18 while driving?', '["Hands-free Bluetooth phone calls","Speakerphone calls on a phone in the cupholder","Calling 911 in an emergency","Voice-to-text messaging"]', 2, 'Maryland drivers under 18 cannot use any wireless communication device while driving — handheld or hands-free — except to call 911.', 2
);
INSERT OR REPLACE INTO quiz_question (id, quizId, prompt, choices, correctIndex, explanation, ordinal) VALUES (
  'q_md_maryland-gdl-restrictions-daily-life_3', 'quiz_md_maryland-gdl-restrictions-daily-life', 'Which passenger is allowed in the car during a Maryland provisional driver''s first 5 months without a supervising adult?', '["A 16-year-old classmate","A 17-year-old friend from work","A 14-year-old younger sibling","A 15-year-old cousin"]', 2, 'Immediate family members are exempt from the first-5-months passenger restriction, so a younger sibling is permitted.', 3
);
INSERT OR REPLACE INTO quiz_question (id, quizId, prompt, choices, correctIndex, explanation, ordinal) VALUES (
  'q_md_maryland-gdl-restrictions-daily-life_4', 'quiz_md_maryland-gdl-restrictions-daily-life', 'What is the legal blood alcohol concentration (BAC) limit for a Maryland driver under 21?', '["0.08%","0.05%","0.02%","0.00%"]', 3, 'Maryland enforces a zero-tolerance policy: any measurable alcohol (0.00% BAC) in a driver under 21 is a violation.', 4
);
INSERT OR REPLACE INTO lesson (id, moduleId, slug, title, body, estimatedSeatMinutes, ordinal) VALUES (
  'lesson_md_maryland-specific-rules-and-quirks', 'module_md_overlay', 'maryland-specific-rules-and-quirks', 'Maryland-Specific Rules and Quirks', '# Maryland-Specific Rules and Quirks

Every state has driving rules that surprise newcomers, and Maryland is no exception. Some of these are codified in the *Maryland Vehicle Law*; others are local conventions you only learn by driving on I-695 or trying to merge onto the Capital Beltway. This lesson covers the Maryland-specific quirks that show up on the MVA knowledge test and on every commute.

## Move Over Law — broader than most states

Maryland''s **Move Over Law** requires you to change lanes away from any stopped emergency vehicle, tow truck, service vehicle, transportation vehicle, or waste/recycling truck that is displaying flashing lights on the shoulder or in an adjacent lane. If you cannot safely change lanes, you must **slow to a reasonable and prudent speed**. Maryland expanded this law to cover utility, transportation, and even waste vehicles — broader than most states — and fines can exceed $500 if the violation contributes to a crash.

## Speed cameras and red light cameras

Maryland is a heavy user of **automated enforcement**. Speed cameras operate in school zones and on portions of I-83, I-95, and other work zones. A speed camera citation is a civil fine (typically $40) that **does not add points** to your license, but it is mailed to the registered owner of the car and must be paid. Red light cameras issue similar civil citations. Two practical implications:

- Just because nothing happened on your dashboard does not mean you were not photographed.
- If your parent owns the car and you were driving, the citation will arrive at home regardless.

## Headlights and wipers

Maryland law requires headlights any time **windshield wipers are in continuous or intermittent use** due to weather. Daytime running lights do not satisfy this rule — your taillights must also be on so that vehicles behind you can see you in rain or fog. It is a common Maryland ticket for out-of-state drivers.

## Right turn on red

Right turn on red is permitted statewide unless a sign prohibits it, **except in most of downtown Baltimore**, where signs frequently ban it. Always look for the sign before turning — and remember that pedestrians have the right of way in the crosswalk even when your light turns green.

## Roundabouts

Maryland has built dozens of roundabouts (especially in Howard, Anne Arundel, and Frederick counties). Rules:

- **Yield to traffic already in the circle.**
- Enter to the right, travel counter-clockwise.
- Do not stop inside the roundabout.
- Use your right turn signal when exiting.

The MVA knowledge test almost always includes a roundabout question.

## Bicycles and the 3-foot rule

When passing a bicycle, Maryland law requires at least **3 feet of clearance**. If you cannot give 3 feet, you must wait until you can. This applies on every road, including narrow city streets. You may legally cross a double yellow line to pass a bicycle if the lane is clear and it is safe to do so.

## School buses

When a school bus stops with its red lights flashing and stop arm extended, **all traffic in both directions must stop**, unless you are on a divided highway with a physical median or barrier — then only traffic behind the bus must stop. A painted center turn lane does **not** count as a physical median. Maryland uses school bus stop-arm cameras, so violations are caught on video.

## HOV lanes

If you drive in the I-270 corridor, you will encounter **HOV-2 lanes** (two or more occupants required during posted hours). Plug-in electric vehicles with the Maryland Clean Energy plate may use HOV lanes solo. Violations are routinely enforced by Maryland State Police.

## Express toll lanes and E-ZPass

Maryland is **cashless** on every major toll facility: the Bay Bridge, Fort McHenry Tunnel, Harbor Tunnel, ICC (Intercounty Connector), and I-95 Express Toll Lanes. If you do not have an E-ZPass, a ''Video Toll'' is mailed to the registered owner at a higher rate. Set up E-ZPass before you start commuting on any of these.

## Studded tires and chains

Studded tires are **only legal from November 1 through March 31**, and chains are only permitted during snow or ice conditions. Most Maryland drivers never need either, but if you ski in western Maryland, know the dates.

## Quirky local conventions

- **The ''Maryland merge''** on the Beltway: drivers often merge late at the last moment. Defensive driving means leaving a gap.
- **''Jughandle'' style left turns** exist on some U.S. routes on the Eastern Shore — you turn right onto a ramp to make a left.
- **Reversible lanes** on US-50 to the Bay Bridge and on I-695 — always check the overhead lane signals before entering.

Master these and you will drive Maryland roads like a local — and pass the MVA knowledge test on the first try.', 30, 2
);
INSERT OR REPLACE INTO quiz (id, lessonId, title, passingScore, shuffleQuestions) VALUES (
  'quiz_md_maryland-specific-rules-and-quirks', 'lesson_md_maryland-specific-rules-and-quirks', 'Maryland-Specific Rules Knowledge Check', 80, 1
);
INSERT OR REPLACE INTO quiz_question (id, quizId, prompt, choices, correctIndex, explanation, ordinal) VALUES (
  'q_md_maryland-specific-rules-and-quirks_0', 'quiz_md_maryland-specific-rules-and-quirks', 'Under Maryland''s Move Over Law, what must you do when approaching a stopped emergency or service vehicle with flashing lights?', '["Honk to alert the vehicle as you pass","Maintain speed but flash your headlights","Change lanes away from the vehicle if possible, or slow to a reasonable and prudent speed","Stop completely until the emergency vehicle leaves"]', 2, 'Maryland''s Move Over Law requires drivers to change lanes away from stopped emergency, tow, service, or transportation vehicles when safe, or slow to a reasonable and prudent speed if they cannot move over.', 0
);
INSERT OR REPLACE INTO quiz_question (id, quizId, prompt, choices, correctIndex, explanation, ordinal) VALUES (
  'q_md_maryland-specific-rules-and-quirks_1', 'quiz_md_maryland-specific-rules-and-quirks', 'When is a Maryland driver required to turn on headlights?', '["Only between sunset and sunrise","Any time the windshield wipers are in continuous or intermittent use due to weather","Only when visibility drops below 500 feet","Only on interstate highways during the day"]', 1, 'Maryland law requires headlights any time the windshield wipers are in continuous or intermittent use due to weather, in addition to nighttime driving.', 1
);
INSERT OR REPLACE INTO quiz_question (id, quizId, prompt, choices, correctIndex, explanation, ordinal) VALUES (
  'q_md_maryland-specific-rules-and-quirks_2', 'quiz_md_maryland-specific-rules-and-quirks', 'What is the minimum passing distance Maryland law requires when overtaking a bicycle?', '["1 foot","2 feet","3 feet","5 feet"]', 2, 'Maryland''s safe passing law requires at least 3 feet of clearance when passing a bicycle, and drivers may cross a double yellow line to provide that space when safe.', 2
);
INSERT OR REPLACE INTO quiz_question (id, quizId, prompt, choices, correctIndex, explanation, ordinal) VALUES (
  'q_md_maryland-specific-rules-and-quirks_3', 'quiz_md_maryland-specific-rules-and-quirks', 'On a Maryland road with a painted center turn lane, what must you do when a school bus stops with its red lights flashing and stop arm extended?', '["Only oncoming traffic must stop","Only traffic behind the bus must stop","All traffic in both directions must stop","You may proceed slowly if children are not visible"]', 2, 'A painted center turn lane is not a physical median, so all traffic in both directions must stop for the school bus. Only a physical median or barrier divides traffic for stopping purposes.', 3
);
INSERT OR REPLACE INTO quiz_question (id, quizId, prompt, choices, correctIndex, explanation, ordinal) VALUES (
  'q_md_maryland-specific-rules-and-quirks_4', 'quiz_md_maryland-specific-rules-and-quirks', 'When entering a Maryland roundabout, you must:', '["Yield to traffic already in the circle","Come to a complete stop before entering","Sound your horn to alert other drivers","Yield only to vehicles entering to your right"]', 0, 'Drivers entering a Maryland roundabout must yield to traffic already circulating in the roundabout, then enter when there is a safe gap and travel counter-clockwise.', 4
);

-- Maine (ME)
INSERT OR REPLACE INTO rule_pack (id, jurisdiction, slug, name, maturity, createdAt) VALUES (
  'rp_me_teen', 'US-ME', 'me-teen', 'Maine Teen Driver Education', 'level1', unixepoch('now')*1000
);
INSERT OR REPLACE INTO rule_pack_version (id, rulePackId, version, definition, publishedAt, notes, createdAt) VALUES (
  'rpv_me_teen_1_0_0', 'rp_me_teen', '1.0.0', '{"credentials":[{"key":"permit_eligibility","label":"Learner''s Permit","deliveryMode":"manual"}],"requirements":[{"key":"classroom_hours","label":"Classroom hours","target":30,"unit":"hour"},{"key":"btw_hours","label":"Behind-the-wheel hours","target":10,"unit":"hour"},{"key":"supervised_practice_hours","label":"Supervised practice (parent log)","target":70,"unit":"hour"}],"rules":[{"key":"unlock_permit_eligibility","trigger":"enrollment.state_changed","conditions":{"jurisdiction":"US-ME","minPermitAge":15,"classroomHoursCompleted":{"gte":30}},"actions":[{"type":"unlock_credential","credential":"permit_eligibility"},{"type":"set_journey_state","value":"permit_eligible"}]}],"facts":{"agencyName":"Maine Bureau of Motor Vehicles","minPermitAge":15,"minLicenseAge":16,"minPermitDurationMonths":6,"nighttimeRestriction":"During the first 9 months of an intermediate license, drivers under 18 may not drive between midnight and 5:00 a.m. except for employment, school, or emergencies.","passengerRestriction":"During the first 9 months of an intermediate license, drivers under 18 may not transport passengers other than immediate family members unless accompanied by a licensed driver age 20 or older with at least two years of experience.","cellPhoneRule":"Drivers under 18 are prohibited from using any handheld electronic device or mobile phone (including hands-free) while operating a motor vehicle. All drivers in Maine are banned from texting and from using handheld phones.","notes":"Maine requires completion of a state-approved driver education course (30 hours classroom + 10 hours behind-the-wheel) before a teen under 18 can be issued a learner''s permit. After getting the permit, teens must hold it for at least 6 months and log 70 hours of supervised driving (including at least 10 hours at night) before applying for an intermediate license. The intermediate license carries 9-month nighttime and passenger restrictions. The supervising driver during the permit phase must be at least 20 years old with two years of licensed experience.","needsReview":["Exact start age for driver education enrollment (commonly 15, but some schools accept 14 years 9 months)","Whether Maine BMV accepts electronic transmission of course completion certificates from approved schools (currently treated as manual submission of paper certificate)","Exact night-driving hour requirement within the 70 supervised hours (commonly cited as 10 hours)","Whether parent-taught driver education is permitted in Maine (current understanding: no, must be state-approved school)"]}}', unixepoch('now')*1000, 'Generated; school must review and tweak.', unixepoch('now')*1000
);
INSERT OR REPLACE INTO content_pack (id, slug, name, scope, jurisdiction, description, createdAt) VALUES (
  'cp_me_teen_overlay', 'me-teen-overlay', 'Maine Teen Overlay', 'state', 'US-ME', 'Maine-specific content covering how to get a learner''s permit through the Bureau of Motor Vehicles, the 9-month intermediate license restrictions on nighttime driving and passengers, and Maine''s strict ban on handheld device use by drivers under 18.', unixepoch('now')*1000
);
INSERT OR REPLACE INTO content_pack_version (id, contentPackId, version, notes, publishedAt, createdAt) VALUES (
  'cpv_me_teen_overlay_1_0_0', 'cp_me_teen_overlay', '1.0.0', 'Generated by per-state agent; human review required before publishing.', unixepoch('now')*1000, unixepoch('now')*1000
);
INSERT OR REPLACE INTO course (id, contentPackVersionId, slug, title, description, ordinal) VALUES (
  'course_me_overlay', 'cpv_me_teen_overlay_1_0_0', 'me-overlay', 'Maine Teen Driver Overlay', 'Maine-specific content covering how to get a learner''s permit through the Bureau of Motor Vehicles, the 9-month intermediate license restrictions on nighttime driving and passengers, and Maine''s strict ban on handheld device use by drivers under 18.', 0
);
INSERT OR REPLACE INTO module (id, courseId, slug, title, description, ordinal) VALUES (
  'module_me_overlay', 'course_me_overlay', 'me-teen-overlay', 'Maine Teen Driver Overlay', 'Maine-specific content covering how to get a learner''s permit through the Bureau of Motor Vehicles, the 9-month intermediate license restrictions on nighttime driving and passengers, and Maine''s strict ban on handheld device use by drivers under 18.', 0
);
INSERT OR REPLACE INTO lesson (id, moduleId, slug, title, body, estimatedSeatMinutes, ordinal) VALUES (
  'lesson_me_how-to-get-a-maine-learners-permit', 'module_me_overlay', 'how-to-get-a-maine-learners-permit', 'How to Get a Learner''s Permit in Maine', '# Getting Your Learner''s Permit in Maine

In Maine, the path to a driver''s license is managed by the **Bureau of Motor Vehicles (BMV)**, a division of the Maine Department of the Secretary of State. If you are under 18, you cannot simply walk into a BMV branch and take a permit test — Maine requires that you complete an approved driver education course *first*. This lesson walks you through every step.

## Step 1: Reach the minimum age

You must be at least **15 years old** to be eligible for a Maine learner''s permit. Many driver education schools will enroll students slightly before their 15th birthday so that classroom hours are complete by the time they''re permit-eligible.

## Step 2: Complete a state-approved driver education course

Maine law requires teen applicants to complete a driver education program licensed by the Maine BMV. The course consists of:

- **30 hours of classroom instruction** (may be delivered online if the provider is approved for online delivery), and
- **10 hours of behind-the-wheel (BTW) instruction** with a licensed driving instructor.

Maine does **not** currently allow parent-taught driver education for the purpose of obtaining a permit. The course must be delivered by a licensed school.

At the end of the course, the school will issue you a **certificate of completion** (sometimes called a yellow or blue card depending on the school). You must bring this physical certificate to the BMV.

## Step 3: Gather your documents

When you go to the BMV to apply for your permit, bring:

1. Your driver education certificate of completion.
2. **Proof of identity** — typically a certified birth certificate or U.S. passport.
3. **Proof of your Social Security number** — a Social Security card, W-2, or SSA letter.
4. **Two proofs of Maine residency** — utility bill, school record, lease, etc. If you live with a parent, a parent''s proof plus an affidavit may be used.
5. **Parental consent** — if you''re under 18, a parent or legal guardian must sign the application in person at the BMV (or provide a notarized consent form).
6. The **permit fee** (currently around $35; confirm the current amount with the BMV before you go).

## Step 4: Pass the knowledge and vision tests

At the BMV you will take:

- A **vision screening** (you may need to bring corrective lenses).
- A **knowledge test** based on the *Maine Motor Vehicle Handbook*. The test covers traffic signs, right-of-way rules, Maine-specific laws (like the under-18 cell phone ban), and safe driving practices. You must score at least 80% to pass.

If you complete driver education through an approved school, the school may administer the knowledge test on the BMV''s behalf — ask your instructor whether this option is available.

## Step 5: Receive your permit

Once you pass, you will be issued a learner''s permit. With the permit you may drive only when accompanied by a licensed driver who is at least **20 years old** and has at least **two years of licensing experience**, seated next to you in the front passenger seat.

You must hold the permit for at least **6 months** and complete **70 hours of supervised driving** (including at least 10 hours at night) before you can apply for an intermediate (provisional) license. Keep a written log — many BMV offices will ask to see it.

## What''s next?

After the 6-month permit period, you''ll return to the BMV with your log, take a road test, and — if you pass — receive an intermediate license that carries its own 9-month restrictions (covered in Lesson 2).', 35, 0
);
INSERT OR REPLACE INTO quiz (id, lessonId, title, passingScore, shuffleQuestions) VALUES (
  'quiz_me_how-to-get-a-maine-learners-permit', 'lesson_me_how-to-get-a-maine-learners-permit', 'Maine Permit Process Quiz', 80, 1
);
INSERT OR REPLACE INTO quiz_question (id, quizId, prompt, choices, correctIndex, explanation, ordinal) VALUES (
  'q_me_how-to-get-a-maine-learners-permit_0', 'quiz_me_how-to-get-a-maine-learners-permit', 'What is the minimum age to apply for a learner''s permit in Maine?', '["14","15","16","17"]', 1, 'Maine allows teens to apply for a learner''s permit at age 15, provided they have completed driver education.', 0
);
INSERT OR REPLACE INTO quiz_question (id, quizId, prompt, choices, correctIndex, explanation, ordinal) VALUES (
  'q_me_how-to-get-a-maine-learners-permit_1', 'quiz_me_how-to-get-a-maine-learners-permit', 'How many hours of classroom instruction does Maine''s approved driver education course require?', '["20 hours","25 hours","30 hours","40 hours"]', 2, 'Maine requires 30 classroom hours plus 10 hours of behind-the-wheel instruction in a state-approved course.', 1
);
INSERT OR REPLACE INTO quiz_question (id, quizId, prompt, choices, correctIndex, explanation, ordinal) VALUES (
  'q_me_how-to-get-a-maine-learners-permit_2', 'quiz_me_how-to-get-a-maine-learners-permit', 'Which agency issues driver''s licenses in Maine?', '["Department of Transportation","Bureau of Motor Vehicles","Department of Public Safety","Department of Motor Vehicles"]', 1, 'Maine''s Bureau of Motor Vehicles (BMV), under the Secretary of State, handles all driver licensing.', 2
);
INSERT OR REPLACE INTO quiz_question (id, quizId, prompt, choices, correctIndex, explanation, ordinal) VALUES (
  'q_me_how-to-get-a-maine-learners-permit_3', 'quiz_me_how-to-get-a-maine-learners-permit', 'While driving on a learner''s permit in Maine, who must be seated next to you?', '["Any licensed driver age 18 or older","A parent or legal guardian only","A licensed driver at least 20 years old with at least 2 years of experience","A driving instructor at all times"]', 2, 'Maine requires the supervising driver to be at least 20 years old and to have held a license for at least two years.', 3
);
INSERT OR REPLACE INTO quiz_question (id, quizId, prompt, choices, correctIndex, explanation, ordinal) VALUES (
  'q_me_how-to-get-a-maine-learners-permit_4', 'quiz_me_how-to-get-a-maine-learners-permit', 'How long must a teen hold a Maine learner''s permit before applying for an intermediate license?', '["3 months","6 months","9 months","12 months"]', 1, 'Maine requires a minimum 6-month permit-holding period, during which the teen logs 70 supervised driving hours.', 4
);
INSERT OR REPLACE INTO lesson (id, moduleId, slug, title, body, estimatedSeatMinutes, ordinal) VALUES (
  'lesson_me_maine-gdl-restrictions-daily-life', 'module_me_overlay', 'maine-gdl-restrictions-daily-life', 'Maine GDL Restrictions in Daily Life', '# Living with Maine''s Graduated Driver Licensing (GDL) Restrictions

Getting your **intermediate license** in Maine doesn''t mean you can drive however you want. For the first **9 months**, Maine law places real limits on *when* you can drive and *who* you can take with you. Violating these rules can extend the restriction period and result in license suspension. This lesson explains what the rules look like in everyday situations.

## The nighttime restriction

During your first 9 months as an intermediate licensee, and as long as you are under 18, you **may not drive between midnight and 5:00 a.m.**

There are limited exceptions:

- Driving to or from **employment** (you should carry a note from your employer if asked).
- Driving to or from **school activities**.
- An **emergency** (medical, family safety, etc.).

### Real-world examples

- Leaving a friend''s house at 12:15 a.m. on a Saturday — **not allowed**.
- Driving home from your restaurant job at 1:00 a.m. — allowed (employment exception).
- Driving a friend home from a movie that ends at 11:45 p.m. — allowed if you go straight home and arrive by midnight.

## The passenger restriction

During the same first 9 months, you **may not transport passengers** other than:

- **Immediate family members** (parents, siblings, stepsiblings, grandparents living in the same household), or
- Anyone, if accompanied by a **licensed driver age 20 or older with at least 2 years of licensing experience** sitting in the front passenger seat.

### Real-world examples

- Driving your younger brother to soccer practice — allowed (family).
- Picking up two classmates for a study group — **not allowed** (non-family passengers without a qualified adult).
- Going to the beach with three friends while your older sister (age 22, licensed 4 years) rides in the front seat — allowed.

## The cell phone and handheld device rule

Maine has one of the country''s stricter teen distracted-driving laws. If you are **under 18**, you may **not use any handheld electronic device or mobile phone** while driving — *even hands-free use is prohibited*. This includes:

- Talking on the phone (hand-held **or** Bluetooth/speaker).
- Texting or reading messages.
- Using GPS apps interactively.
- Streaming music from your phone while tapping controls.

A first offense is a traffic infraction with a fine and can extend your intermediate-license restrictions. Set your destination *before* you start driving, hand your phone to a passenger, or place it in ''do not disturb while driving'' mode.

## Seat belts

Everyone in your vehicle must be buckled in Maine — but as the driver, **you** are responsible if any passenger under 18 is unbelted. Make ''buckle up'' part of starting the car.

## What happens if you break a GDL rule?

Maine treats GDL violations seriously. Common consequences include:

- **Extension of the 9-month restriction period** — the clock restarts.
- License **suspension** for 30 days (first offense) or longer for repeat offenses.
- Higher insurance premiums for years afterward.
- For cell phone violations, additional fines that escalate with each offense.

## After the 9 months

Once you complete 9 months of intermediate driving with no violations *and* turn 18, you graduate to a full unrestricted license. The cell phone ban for under-18 drivers no longer applies — but Maine''s general bans on **texting** and on **handheld phone use** apply to drivers of all ages, so safe habits matter for life.', 30, 1
);
INSERT OR REPLACE INTO quiz (id, lessonId, title, passingScore, shuffleQuestions) VALUES (
  'quiz_me_maine-gdl-restrictions-daily-life', 'lesson_me_maine-gdl-restrictions-daily-life', 'Maine GDL Restrictions Quiz', 80, 1
);
INSERT OR REPLACE INTO quiz_question (id, quizId, prompt, choices, correctIndex, explanation, ordinal) VALUES (
  'q_me_maine-gdl-restrictions-daily-life_0', 'quiz_me_maine-gdl-restrictions-daily-life', 'During the first 9 months of an intermediate license, when may a driver under 18 in Maine NOT drive (without an exception)?', '["Between 10:00 p.m. and 6:00 a.m.","Between 11:00 p.m. and 5:00 a.m.","Between midnight and 5:00 a.m.","Between 1:00 a.m. and 6:00 a.m."]', 2, 'Maine''s nighttime restriction prohibits intermediate-license drivers under 18 from driving between midnight and 5:00 a.m. unless an exception applies.', 0
);
INSERT OR REPLACE INTO quiz_question (id, quizId, prompt, choices, correctIndex, explanation, ordinal) VALUES (
  'q_me_maine-gdl-restrictions-daily-life_1', 'quiz_me_maine-gdl-restrictions-daily-life', 'Which of the following passengers may a Maine intermediate-license driver (in the first 9 months) carry without a qualified adult present?', '["A classmate from school","A younger sibling who lives at home","A teammate from soccer","A neighbor''s child"]', 1, 'Immediate family members may always be transported. Non-family passengers require a licensed adult age 20+ with at least 2 years of experience in the front seat.', 1
);
INSERT OR REPLACE INTO quiz_question (id, quizId, prompt, choices, correctIndex, explanation, ordinal) VALUES (
  'q_me_maine-gdl-restrictions-daily-life_2', 'quiz_me_maine-gdl-restrictions-daily-life', 'Maine''s cell phone law for drivers under 18 prohibits which of the following?', '["Only texting","Only handheld phone calls","Any use of a handheld OR hands-free device, including Bluetooth calls","Only social media apps"]', 2, 'Drivers under 18 in Maine may not use any mobile device while driving — hands-free use is also banned.', 2
);
INSERT OR REPLACE INTO quiz_question (id, quizId, prompt, choices, correctIndex, explanation, ordinal) VALUES (
  'q_me_maine-gdl-restrictions-daily-life_3', 'quiz_me_maine-gdl-restrictions-daily-life', 'Which of these is a valid exception to Maine''s nighttime driving restriction for intermediate drivers?', '["Driving a friend home from a party","Driving to or from work","Driving to get late-night food","Driving for any reason after midnight"]', 1, 'Employment, school activities, and emergencies are the recognized exceptions to the midnight–5:00 a.m. rule.', 3
);
INSERT OR REPLACE INTO quiz_question (id, quizId, prompt, choices, correctIndex, explanation, ordinal) VALUES (
  'q_me_maine-gdl-restrictions-daily-life_4', 'quiz_me_maine-gdl-restrictions-daily-life', 'What is a typical consequence of violating Maine''s GDL passenger or nighttime restrictions?', '["A warning with no record","Extension of the 9-month restriction period and possible license suspension","Mandatory community service only","Loss of the permit fee"]', 1, 'Maine BMV may extend the restriction period and suspend the intermediate license, often for 30 days on a first offense.', 4
);
INSERT OR REPLACE INTO lesson (id, moduleId, slug, title, body, estimatedSeatMinutes, ordinal) VALUES (
  'lesson_me_maine-specific-rules-and-quirks', 'module_me_overlay', 'maine-specific-rules-and-quirks', 'Maine-Specific Rules and Driving Quirks', '# Maine-Specific Rules and Driving Quirks

Maine has its own driving conditions and laws that differ from neighboring states. Whether you grew up here or moved from away, this lesson covers the Maine-specific knowledge every new driver should have.

## Moose and large-animal collisions

Maine is **moose country**. Moose-vehicle collisions are among the most dangerous crashes you can have because the animal''s body sits at windshield height. Key facts every Maine driver must know:

- Peak risk is **dusk to dawn**, especially from **May through October**.
- Moose are most commonly hit on **rural roads in northern and western Maine**, but they can appear anywhere — even on the Maine Turnpike.
- If you see one moose, **assume there is another nearby** (a calf or a mate).
- Use **high beams** on dark rural roads when oncoming traffic allows; moose eyes do not reflect light as brightly as deer eyes.
- **Brake straight; do not swerve.** Swerving into oncoming traffic or off the road is often deadlier than the collision itself.

Deer also pose major risks, especially in October–November during the rut.

## Snow, ice, and Maine winter rules

Maine winters are long. The state has several winter-specific laws and conventions:

- **Clear snow and ice from the entire vehicle** — including the roof — before driving. Snow flying off your car onto another vehicle can result in a citation and civil liability.
- **Studded tires** are legal in Maine from **October 1 to May 1**.
- Always **brake gently** on snow-covered roads and leave at least double the normal following distance.
- On secondary roads, watch for **frost heaves** in spring; signs marked ''Frost Heaves'' or ''Bump'' indicate severe pavement irregularities that can launch a vehicle if hit at speed.

## Move Over Law

Maine''s **Move Over Law** requires you to change lanes away from a stopped emergency vehicle, tow truck, road service vehicle, or municipal/utility vehicle with flashing lights. If changing lanes is unsafe or impossible, you must **slow to a reasonable and prudent speed below the posted limit**. Violations carry fines starting around $311 and can include license points.

## Open container and OUI

In Maine, driving under the influence is called **OUI** (Operating Under the Influence), not DUI. Key facts:

- The legal limit is **0.08% BAC** for drivers 21 and over.
- For drivers **under 21**, Maine has **zero tolerance** — *any* measurable alcohol (0.00%+) results in a 1-year license suspension.
- An **open container** of alcohol in the passenger area of a vehicle is illegal, even if no one is drinking.

## School bus rules

In Maine, when a school bus stops with its **red lights flashing and stop arm extended**, traffic in **both directions must stop** — even on multi-lane roads — unless the roadway is **physically divided by a median or barrier**. Painted lines do not count as a divided highway.

## Headlight rule (wipers on, lights on)

Maine law requires headlights to be on:

- From **30 minutes after sunset to 30 minutes before sunrise**.
- Anytime **windshield wipers are in continuous use** due to rain, snow, sleet, or fog.
- Anytime visibility is **less than 1,000 feet**.

Daytime running lights alone are **not** sufficient to satisfy this rule because they don''t illuminate your taillights.

## Right turn on red

Right turns on red are permitted after a complete stop unless a sign prohibits it. Many older Maine downtowns (Portland, Bangor) have intersections where right-on-red is prohibited — always read the signs.

## Coastal and tourist-season driving

From Memorial Day through Columbus Day, Maine''s coastal Route 1 and the roads to Bar Harbor, Old Orchard Beach, and the Western Lakes see heavy out-of-state traffic. Expect slow-moving RVs, unexpected stops for scenic photos, and pedestrians darting between shops. Patience — and a steady following distance — is your best defense.', 30, 2
);
INSERT OR REPLACE INTO quiz (id, lessonId, title, passingScore, shuffleQuestions) VALUES (
  'quiz_me_maine-specific-rules-and-quirks', 'lesson_me_maine-specific-rules-and-quirks', 'Maine-Specific Rules Quiz', 80, 1
);
INSERT OR REPLACE INTO quiz_question (id, quizId, prompt, choices, correctIndex, explanation, ordinal) VALUES (
  'q_me_maine-specific-rules-and-quirks_0', 'quiz_me_maine-specific-rules-and-quirks', 'What should you do if a moose suddenly appears in the road ahead of you in Maine?', '["Swerve sharply to avoid it","Brake hard and steer straight; do not swerve","Accelerate to pass before it crosses","Flash your high beams to scare it away"]', 1, 'Swerving often causes more dangerous crashes (head-on or rollover). Brake firmly while steering straight.', 0
);
INSERT OR REPLACE INTO quiz_question (id, quizId, prompt, choices, correctIndex, explanation, ordinal) VALUES (
  'q_me_maine-specific-rules-and-quirks_1', 'quiz_me_maine-specific-rules-and-quirks', 'When are studded tires legal in Maine?', '["Year-round","November 1 to April 1","October 1 to May 1","December 1 to March 1"]', 2, 'Maine permits studded tires from October 1 through May 1.', 1
);
INSERT OR REPLACE INTO quiz_question (id, quizId, prompt, choices, correctIndex, explanation, ordinal) VALUES (
  'q_me_maine-specific-rules-and-quirks_2', 'quiz_me_maine-specific-rules-and-quirks', 'What is Maine''s legal BAC limit for drivers under 21?', '["0.08%","0.05%","0.02%","0.00% — any detectable alcohol"]', 3, 'Maine has a zero-tolerance law for drivers under 21; any measurable alcohol results in a 1-year suspension.', 2
);
INSERT OR REPLACE INTO quiz_question (id, quizId, prompt, choices, correctIndex, explanation, ordinal) VALUES (
  'q_me_maine-specific-rules-and-quirks_3', 'quiz_me_maine-specific-rules-and-quirks', 'On a two-lane road in Maine, when a school bus stops with red lights flashing and the stop arm out, who must stop?', '["Only vehicles behind the bus","Only vehicles in the same direction as the bus","Traffic in both directions","No one — Maine has no school bus stop law"]', 2, 'Traffic in both directions must stop unless the roadway is physically divided by a median or barrier.', 3
);
INSERT OR REPLACE INTO quiz_question (id, quizId, prompt, choices, correctIndex, explanation, ordinal) VALUES (
  'q_me_maine-specific-rules-and-quirks_4', 'quiz_me_maine-specific-rules-and-quirks', 'Under Maine law, when must your headlights be on (besides at night)?', '["Only when it''s snowing heavily","Anytime your windshield wipers are in continuous use","Only when visibility is less than 500 feet","Only on the highway"]', 1, 'Maine''s ''wipers on, lights on'' law requires headlights whenever wipers are in continuous use, plus when visibility is under 1,000 feet.', 4
);

-- Michigan (MI)
INSERT OR REPLACE INTO rule_pack (id, jurisdiction, slug, name, maturity, createdAt) VALUES (
  'rp_mi_teen', 'US-MI', 'mi-teen', 'Michigan Teen Driver Education', 'level1', unixepoch('now')*1000
);
INSERT OR REPLACE INTO rule_pack_version (id, rulePackId, version, definition, publishedAt, notes, createdAt) VALUES (
  'rpv_mi_teen_1_0_0', 'rp_mi_teen', '1.0.0', '{"credentials":[{"key":"permit_eligibility","label":"Temporary Instruction Permit (TIP) - Level 1 License","deliveryMode":"manual"}],"requirements":[{"key":"classroom_hours","label":"Classroom hours","target":24,"unit":"hour"},{"key":"btw_hours","label":"Behind-the-wheel hours","target":6,"unit":"hour"},{"key":"supervised_practice_hours","label":"Supervised practice (parent log)","target":50,"unit":"hour"}],"rules":[{"key":"unlock_permit_eligibility","trigger":"enrollment.state_changed","conditions":{"jurisdiction":"US-MI","minPermitAge":14.75,"classroomHoursCompleted":{"gte":24}},"actions":[{"type":"unlock_credential","credential":"permit_eligibility"},{"type":"set_journey_state","value":"permit_eligible"}]}],"facts":{"agencyName":"Michigan Secretary of State (SOS)","minPermitAge":14.75,"minLicenseAge":16,"minPermitDurationMonths":6,"nighttimeRestriction":"Level 2 (Intermediate): No driving between 10:00 p.m. and 5:00 a.m. unless going to/from work, with a parent/guardian or licensed driver 21+, or for an authorized employment, school, or religious activity.","passengerRestriction":"Level 2 (Intermediate): No more than one passenger under age 21 in the vehicle, unless transporting immediate family, going to/from school or a school-sanctioned event, or accompanied by a parent/guardian or licensed driver 21+.","cellPhoneRule":"Michigan''s hands-free law (effective June 30, 2023) prohibits all drivers from holding or manually using a cell phone or other mobile electronic device while operating a vehicle, including at a stop sign or red light. Level 1 and Level 2 GDL drivers are additionally prohibited from using a cell phone at all while driving (handheld or hands-free), with limited emergency exceptions.","notes":"Michigan uses a three-step Graduated Driver Licensing (GDL) program: Level 1 (Learner''s/Temporary Instruction Permit), Level 2 (Intermediate License), and Level 3 (Full License). Segment 1 driver education (24 hours classroom + 6 hours BTW + 4 hours observation) must be completed before testing for a Level 1 permit at age 14 years 9 months. After holding the Level 1 for at least 3 months and logging at least 30 of the required 50 supervised practice hours (10 at night), the teen must complete Segment 2 (6 hours classroom). After holding Level 1 for at least 6 months with no moving violations or at-fault crashes in the prior 90 days, and completing 50 total supervised hours (10 night), the teen may take the road skills test for a Level 2 license at age 16. Level 3 (full license) is granted at age 17 after holding Level 2 for at least 6 months with a clean record.","needsReview":["permitCredentialName phrasing — verify official SOS terminology (''TIP'' vs ''Level 1 License'')","permitCredentialDeliveryMode — confirm whether MI accepts electronic submission of driver-ed completion certificates from providers or still requires paper certificates","requiredBtwHours — Segment 1 BTW is 6 hours; Segment 2 adds classroom only (no additional BTW required); confirm whether the 6 figure is what the overlay expects","Observation hours (4 hours in Segment 1) not represented in schema — confirm if needed","Segment 2 classroom hours (6 hours, post-permit) not represented separately","minPermitAge encoded as 14.75 (14 years 9 months) — confirm decimal handling","passengerRestriction wording — confirm exact statutory exemptions","Cell phone rule — verify GDL-specific prohibition still extends to hands-free use under the 2023 law"]}}', unixepoch('now')*1000, 'Generated; school must review and tweak.', unixepoch('now')*1000
);
INSERT OR REPLACE INTO content_pack (id, slug, name, scope, jurisdiction, description, createdAt) VALUES (
  'cp_mi_teen_overlay', 'mi-teen-overlay', 'Michigan Teen Overlay', 'state', 'US-MI', 'Michigan-specific supplement covering the three-step Graduated Driver Licensing program administered by the Secretary of State: how to earn a Level 1 Temporary Instruction Permit through Segment 1 driver education, how Level 2 restrictions on nighttime driving and teen passengers shape daily life, and Michigan-specific rules including the 2023 hands-free law, Segment 2 requirements, and the path to a full Level 3 license at 17.', unixepoch('now')*1000
);
INSERT OR REPLACE INTO content_pack_version (id, contentPackId, version, notes, publishedAt, createdAt) VALUES (
  'cpv_mi_teen_overlay_1_0_0', 'cp_mi_teen_overlay', '1.0.0', 'Generated by per-state agent; human review required before publishing.', unixepoch('now')*1000, unixepoch('now')*1000
);
INSERT OR REPLACE INTO course (id, contentPackVersionId, slug, title, description, ordinal) VALUES (
  'course_mi_overlay', 'cpv_mi_teen_overlay_1_0_0', 'mi-overlay', 'Michigan Teen Driver Overlay', 'Michigan-specific supplement covering the three-step Graduated Driver Licensing program administered by the Secretary of State: how to earn a Level 1 Temporary Instruction Permit through Segment 1 driver education, how Level 2 restrictions on nighttime driving and teen passengers shape daily life, and Michigan-specific rules including the 2023 hands-free law, Segment 2 requirements, and the path to a full Level 3 license at 17.', 0
);
INSERT OR REPLACE INTO module (id, courseId, slug, title, description, ordinal) VALUES (
  'module_mi_overlay', 'course_mi_overlay', 'mi-teen-overlay', 'Michigan Teen Driver Overlay', 'Michigan-specific supplement covering the three-step Graduated Driver Licensing program administered by the Secretary of State: how to earn a Level 1 Temporary Instruction Permit through Segment 1 driver education, how Level 2 restrictions on nighttime driving and teen passengers shape daily life, and Michigan-specific rules including the 2023 hands-free law, Segment 2 requirements, and the path to a full Level 3 license at 17.', 0
);
INSERT OR REPLACE INTO lesson (id, moduleId, slug, title, body, estimatedSeatMinutes, ordinal) VALUES (
  'lesson_mi_how-to-get-a-permit-in-michigan', 'module_mi_overlay', 'how-to-get-a-permit-in-michigan', 'How to Get a Level 1 Permit in Michigan', '## Michigan''s Three-Step GDL Program

Michigan licenses new teen drivers through a Graduated Driver Licensing (GDL) program administered by the Michigan Secretary of State (SOS). It has three steps: **Level 1 (Temporary Instruction Permit)**, **Level 2 (Intermediate License)**, and **Level 3 (Full License)**. You cannot skip ahead — each level has minimum age, time-held, training, and clean-record requirements.

## Step 1: Enroll in Segment 1 Driver Education

Before you can apply for your Level 1 permit, you must complete **Segment 1** at a Michigan-approved driver education provider. Segment 1 includes:

- **24 hours of classroom instruction** (covering traffic laws, signs, signals, defensive driving, the dangers of impaired and distracted driving, and Michigan-specific rules).
- **6 hours of behind-the-wheel (BTW) instruction** with a certified instructor.
- **4 hours of in-car observation** while another student drives.

You may **start Segment 1 as early as age 14 years 8 months**. You must pass the Segment 1 classroom test and the BTW evaluation before your school issues your completion certificate.

## Step 2: Apply for the Level 1 Permit

Once Segment 1 is complete, your parent or legal guardian must take you to a Secretary of State office. You must be **at least 14 years 9 months old**. Bring:

- Your Segment 1 completion certificate.
- Proof of identity, Michigan residency, and legal presence (a certified birth certificate or passport, plus residency documents in the parent''s name).
- Your Social Security number.
- The Level 1 license fee (currently $25, subject to change).
- A parent or legal guardian to sign the application — Michigan parents assume **financial responsibility** for the minor driver.

You will take a **vision screening** and a **knowledge (written) test** covering traffic signs and Michigan law. If you pass, you receive your Level 1 license the same day.

## Step 3: Drive Under Level 1 Rules

With a Level 1, you may only drive when **a licensed parent, legal guardian, or designated adult age 21 or older with a valid license** is seated next to you in the front seat. You cannot drive alone, ever, under Level 1. You must also **wear seat belts**, and Michigan''s hands-free law plus the GDL cell phone ban mean **no phone use of any kind while driving**.

## Step 4: Log Practice and Complete Segment 2

While holding your Level 1, you must:

- Log **at least 50 hours of supervised driving practice**, of which **at least 10 hours must be at night**, in a parent-signed log.
- Complete **Segment 2** (a 6-hour classroom course) **after** you have held your Level 1 for at least 3 months and logged at least 30 of those 50 hours (including 2 night hours). Segment 2 cannot be taken earlier.

## Step 5: Move Up to Level 2

To apply for a Level 2 Intermediate License, you must be **at least 16 years old**, have held the Level 1 for **at least 6 months**, have **no moving violations, alcohol/drug convictions, or at-fault crashes in the previous 90 days**, complete Segment 2, finish all 50 practice hours, and pass the **road skills test** at a state-approved third-party testing organization.

## Common Mistakes to Avoid

- Not logging practice hours in real time — the SOS or your testing center may ask to see the log.
- Scheduling Segment 2 before the 3-month/30-hour minimum.
- Driving without an eligible adult in the front passenger seat — even one violation can delay your Level 2 application by 90 days.
', 35, 0
);
INSERT OR REPLACE INTO quiz (id, lessonId, title, passingScore, shuffleQuestions) VALUES (
  'quiz_mi_how-to-get-a-permit-in-michigan', 'lesson_mi_how-to-get-a-permit-in-michigan', 'Getting Your Michigan Level 1 Permit', 80, 1
);
INSERT OR REPLACE INTO quiz_question (id, quizId, prompt, choices, correctIndex, explanation, ordinal) VALUES (
  'q_mi_how-to-get-a-permit-in-michigan_0', 'quiz_mi_how-to-get-a-permit-in-michigan', 'What is the minimum age to apply for a Level 1 Temporary Instruction Permit in Michigan?', '["14 years 0 months","14 years 9 months","15 years 0 months","16 years 0 months"]', 1, 'Michigan requires applicants to be at least 14 years 9 months old and to have completed Segment 1 driver education before being eligible for a Level 1 permit.', 0
);
INSERT OR REPLACE INTO quiz_question (id, quizId, prompt, choices, correctIndex, explanation, ordinal) VALUES (
  'q_mi_how-to-get-a-permit-in-michigan_1', 'quiz_mi_how-to-get-a-permit-in-michigan', 'How many classroom and behind-the-wheel hours does Segment 1 require?', '["30 classroom + 8 BTW","24 classroom + 6 BTW (plus 4 observation)","20 classroom + 4 BTW","40 classroom + 10 BTW"]', 1, 'Segment 1 in Michigan consists of 24 hours of classroom instruction, 6 hours of behind-the-wheel driving with an instructor, and 4 hours of in-car observation.', 1
);
INSERT OR REPLACE INTO quiz_question (id, quizId, prompt, choices, correctIndex, explanation, ordinal) VALUES (
  'q_mi_how-to-get-a-permit-in-michigan_2', 'quiz_mi_how-to-get-a-permit-in-michigan', 'While holding a Level 1 permit, who must be in the vehicle with you?', '["Any licensed driver age 18 or older in any seat","A parent, legal guardian, or designated licensed adult 21+ in the front passenger seat","Any adult, including unlicensed adults, anywhere in the vehicle","No one is required after the first 30 days"]', 1, 'A Level 1 driver must always be accompanied by a licensed parent, legal guardian, or a designated licensed adult who is at least 21 years old, seated in the front passenger seat.', 2
);
INSERT OR REPLACE INTO quiz_question (id, quizId, prompt, choices, correctIndex, explanation, ordinal) VALUES (
  'q_mi_how-to-get-a-permit-in-michigan_3', 'quiz_mi_how-to-get-a-permit-in-michigan', 'Before taking Segment 2, you must have held your Level 1 for at least how long and logged how many supervised hours?', '["1 month and 10 hours","3 months and 30 hours (including 2 night hours)","6 months and 50 hours","No minimum — you can take Segment 2 immediately"]', 1, 'Michigan requires Level 1 drivers to hold the permit for at least 3 months and complete at least 30 of the 50 required supervised practice hours (including 2 night hours) before enrolling in Segment 2.', 3
);
INSERT OR REPLACE INTO quiz_question (id, quizId, prompt, choices, correctIndex, explanation, ordinal) VALUES (
  'q_mi_how-to-get-a-permit-in-michigan_4', 'quiz_mi_how-to-get-a-permit-in-michigan', 'How many total hours of supervised driving practice must be logged before applying for a Level 2 license, and how many must be at night?', '["30 total / 5 at night","40 total / 8 at night","50 total / 10 at night","60 total / 12 at night"]', 2, 'Michigan requires 50 hours of parent-supervised driving practice, at least 10 of which must occur at night, before a teen can move from Level 1 to Level 2.', 4
);
INSERT OR REPLACE INTO lesson (id, moduleId, slug, title, body, estimatedSeatMinutes, ordinal) VALUES (
  'lesson_mi_michigan-gdl-restrictions-daily-life', 'module_mi_overlay', 'michigan-gdl-restrictions-daily-life', 'Living With Michigan''s Level 2 GDL Restrictions', '## What Changes at Level 2

Reaching the **Level 2 Intermediate License** is a big step — you can finally drive **alone** in Michigan. But the state still treats you as a new driver, and two restrictions shape almost every trip: a **nighttime curfew** and a **teen passenger limit**. These rules apply until you turn 17 and move up to Level 3.

## The Nighttime Driving Rule

Level 2 drivers may **not** drive between **10:00 p.m. and 5:00 a.m.**

Michigan allows four exceptions:

1. You are **driving to or from work** (or driving during work as part of the job).
2. You are **driving to or from an authorized activity** sponsored by a school, civic, or religious organization.
3. You are **accompanied by a parent, legal guardian, or a licensed driver 21 or older** in the front passenger seat.
4. You are responding to a **bona fide emergency**.

Day-to-day, that means: late-night movie with friends? Either be home by 10:00 or have a parent ride along. Closing shift at a restaurant? Allowed — but keep a recent pay stub or schedule in the glove box in case you are pulled over.

## The Teen Passenger Rule

Level 2 drivers may carry **no more than one passenger under age 21** at a time.

Exceptions:

- The extra passengers are **immediate family members** (siblings, step-siblings, etc.).
- You are **driving to or from school or a school-sanctioned event**.
- A **parent, legal guardian, or licensed driver 21+** is in the vehicle.

This rule trips up a lot of new drivers. Three friends piling into the back to grab tacos = a violation. Two siblings plus one friend = fine, because siblings don''t count toward the limit. Driving the carpool to a school robotics meet = fine, because it is a school-sanctioned activity.

## Why These Restrictions Exist

National crash data shows the **first 6–12 months of unsupervised teen driving** are by far the most dangerous period of a person''s driving career. Two of the highest-risk factors are **late-night driving** (fatigue + lower visibility + higher impaired-driver share) and **teen passengers** (each additional teen in the car raises crash risk substantially). Michigan''s GDL restrictions are designed to remove the most dangerous combinations while you build experience.

## Consequences of Violating Level 2 Restrictions

A GDL restriction violation is a **civil infraction**. It goes on your driving record and:

- Triggers a **letter to your parents**.
- May **reset the 90-day clean-record clock** required before you can move up to Level 3.
- Can lead to **license suspension or restriction** if violations accumulate.
- Will likely **raise your family''s auto insurance premium**.

Getting caught with a phone in your hand carries an additional fine under Michigan''s hands-free law, even if you weren''t otherwise breaking a GDL rule.

## Practical Tips

- **Use a curfew alarm.** Set your phone to remind you at 9:30 p.m. to start heading home.
- **Count heads before you pull out of the driveway.** If you have more than one passenger under 21 and they aren''t all family or school-bound, you are not legal to drive.
- **Keep proof of work/school activity** in the car for nighttime exceptions.
- **Mount your phone before you start the car** and use voice commands only — both the GDL and the hands-free law forbid touching it while driving.

## Moving to Level 3

At **age 17**, after holding Level 2 for at least **6 months with no moving violations or at-fault crashes in the prior 12 months**, your full Level 3 license can be issued — and the nighttime and passenger restrictions drop away.
', 30, 1
);
INSERT OR REPLACE INTO quiz (id, lessonId, title, passingScore, shuffleQuestions) VALUES (
  'quiz_mi_michigan-gdl-restrictions-daily-life', 'lesson_mi_michigan-gdl-restrictions-daily-life', 'Level 2 Daily Life: Curfew, Passengers, and Phones', 80, 1
);
INSERT OR REPLACE INTO quiz_question (id, quizId, prompt, choices, correctIndex, explanation, ordinal) VALUES (
  'q_mi_michigan-gdl-restrictions-daily-life_0', 'quiz_mi_michigan-gdl-restrictions-daily-life', 'What are the hours of Michigan''s Level 2 nighttime driving restriction?', '["9 p.m. to 6 a.m.","10 p.m. to 5 a.m.","11 p.m. to 4 a.m.","Midnight to 6 a.m."]', 1, 'Level 2 drivers in Michigan may not drive between 10:00 p.m. and 5:00 a.m. unless a specific exception (work, school/religious activity, accompanied by an adult 21+, or emergency) applies.', 0
);
INSERT OR REPLACE INTO quiz_question (id, quizId, prompt, choices, correctIndex, explanation, ordinal) VALUES (
  'q_mi_michigan-gdl-restrictions-daily-life_1', 'quiz_mi_michigan-gdl-restrictions-daily-life', 'How many passengers under age 21 may a Level 2 driver have in the vehicle (outside of exceptions)?', '["None — no passengers under 21 allowed at all","No more than one","No more than two","No limit"]', 1, 'A Level 2 driver may carry no more than one passenger under age 21 unless the additional passengers are immediate family, the trip is to or from school or a school event, or a licensed adult 21+ is in the vehicle.', 1
);
INSERT OR REPLACE INTO quiz_question (id, quizId, prompt, choices, correctIndex, explanation, ordinal) VALUES (
  'q_mi_michigan-gdl-restrictions-daily-life_2', 'quiz_mi_michigan-gdl-restrictions-daily-life', 'Which of the following is NOT a valid exception to the Level 2 nighttime restriction?', '["Driving to or from work","Driving to a friend''s house to hang out","Driving to or from a school-sponsored activity","Driving with a parent in the front passenger seat"]', 1, 'Social trips to a friend''s house are not an exception to the nighttime curfew. Only work, school/civic/religious activities, an accompanying adult 21+, or a genuine emergency qualify.', 2
);
INSERT OR REPLACE INTO quiz_question (id, quizId, prompt, choices, correctIndex, explanation, ordinal) VALUES (
  'q_mi_michigan-gdl-restrictions-daily-life_3', 'quiz_mi_michigan-gdl-restrictions-daily-life', 'Under Michigan''s GDL rules, a Level 1 or Level 2 driver may use a cell phone while driving only:', '["In hands-free mode at any time","Only when stopped at a red light","Only to call 911 in an emergency","Whenever the driver is alone in the car"]', 2, 'GDL drivers in Michigan are prohibited from using a cell phone while driving — handheld or hands-free — except to contact emergency services. The 2023 hands-free law adds a no-handheld rule for all drivers regardless of age.', 3
);
INSERT OR REPLACE INTO quiz_question (id, quizId, prompt, choices, correctIndex, explanation, ordinal) VALUES (
  'q_mi_michigan-gdl-restrictions-daily-life_4', 'quiz_mi_michigan-gdl-restrictions-daily-life', 'What is one likely consequence of being cited for a Level 2 restriction violation?', '["Immediate revocation of the driver''s permit for one year","A civil infraction on the record, possible reset of the 90-day clean record requirement for Level 3, and likely higher insurance","Mandatory re-enrollment in Segment 1 driver education","No consequences if it is a first offense"]', 1, 'GDL restriction violations are civil infractions that appear on the driving record. They can delay advancement to Level 3 by resetting the clean-record clock, trigger a parent notification letter, and raise insurance premiums.', 4
);
INSERT OR REPLACE INTO lesson (id, moduleId, slug, title, body, estimatedSeatMinutes, ordinal) VALUES (
  'lesson_mi_michigan-specific-rules-and-quirks', 'module_mi_overlay', 'michigan-specific-rules-and-quirks', 'Michigan-Specific Rules and Quirks: Hands-Free, Michigan Lefts, and Move Over', '## Michigan''s 2023 Hands-Free Law

On **June 30, 2023**, Michigan became a hands-free state. Under MCL 257.602b, **no driver of any age** may **hold or manually use** a cell phone or other mobile electronic device while operating a vehicle on a Michigan road — including when **stopped at a red light or stop sign**.

Prohibited acts include:

- Holding the phone in your hand or against your body.
- Sending, reading, or typing a text, email, or social media post.
- Watching, recording, or sending a video.
- Dialing or browsing manually.

Allowed (for adults): voice-activated calls and commands, one-touch activation, hands-free navigation, and use of integrated dashboard systems. **GDL Level 1 and Level 2 drivers face a stricter rule — no phone use at all, even hands-free**, except for emergencies.

Penalties escalate with repeat offenses and double if the violation occurs in a work zone or school zone, or contributes to a crash.

## The Michigan Left (Indirect Left Turn)

Michigan is famous for the **"Michigan Left."** On many divided highways — especially in metro Detroit — you cannot turn left directly at an intersection. Instead:

1. **Go straight through the intersection.**
2. Drive a short distance to a **dedicated U-turn crossover** (a median opening with its own signal or yield).
3. **Make a U-turn**, then drive back to the original intersection and **turn right**.

It feels strange the first time, but Michigan Lefts reduce left-turn crashes (the most dangerous intersection movement) and improve traffic flow. Watch for **"All Turns from Right Lane"** and **"No Left Turn"** signs.

## The Move Over Law

Michigan''s Move Over Law (Emergency Vehicle Caution Law) requires drivers approaching a **stationary authorized vehicle with flashing lights** — police, fire, EMS, tow trucks, road service, MDOT and utility vehicles, garbage trucks, mail carriers — to:

- **Move over one lane** away from the stopped vehicle if it is safe to do so, or
- **Slow down to at least 10 mph below the posted speed limit** if moving over is not possible.

Violations are civil infractions; if the violation causes injury or death to a responder, criminal penalties apply.

## Seat Belts and Child Restraints

- **Seat belts**: Required for the driver and **all front-seat passengers**, and for **all passengers under 16** regardless of seating position. Michigan is a **primary enforcement** state — police can stop and ticket you for a belt violation alone.
- **Child car seats**: Required for children **under age 4** (rear seat if available) and **booster seats until age 8 or 4''9" tall**, whichever comes first.

## Headlights, Wipers, and Weather

Michigan law requires **headlights on whenever windshield wipers are in continuous use** due to rain, snow, fog, or other weather. Daytime running lights alone do **not** satisfy this rule — your taillights must also be on. Given Michigan''s lake-effect snow and frequent precipitation, this rule comes up often.

## Speed Limits and Freeway Quirks

- Maximum freeway speed limit is **75 mph** on certain rural interstates and **70 mph** on most other freeways. Urban freeway limits typically range from **55 to 70 mph**.
- Some Michigan freeways post a **separate truck speed limit** (often 65 mph) lower than the car limit.
- **Right turn on red** is allowed after a complete stop unless a sign prohibits it.

## Deer

Michigan averages roughly **50,000 reported deer-vehicle crashes per year**, peaking in October and November (rut season) at dawn and dusk. If a deer is unavoidable, **brake firmly, stay in your lane, and do not swerve** — swerving into oncoming traffic or off the road causes far more serious injuries than the deer strike itself. Report any deer-vehicle crash with injury or significant damage to police.

## Winter Driving

Lake-effect snow, black ice, and rapid weather changes are routine in Michigan. Key habits:

- Clear **all** snow from the roof, hood, lights, and windows before driving — failing to do so can result in a citation if snow flies off and obstructs another driver.
- Increase following distance to **at least 6 seconds** on snow or ice.
- Know that **bridges and overpasses freeze first**.
', 30, 2
);
INSERT OR REPLACE INTO quiz (id, lessonId, title, passingScore, shuffleQuestions) VALUES (
  'quiz_mi_michigan-specific-rules-and-quirks', 'lesson_mi_michigan-specific-rules-and-quirks', 'Michigan-Specific Rules and Quirks', 80, 1
);
INSERT OR REPLACE INTO quiz_question (id, quizId, prompt, choices, correctIndex, explanation, ordinal) VALUES (
  'q_mi_michigan-specific-rules-and-quirks_0', 'quiz_mi_michigan-specific-rules-and-quirks', 'Under Michigan''s 2023 hands-free law, which of the following is true for an adult driver?', '["You may hold the phone as long as you are stopped at a red light","You may not hold or manually use a phone while operating the vehicle, including at red lights and stop signs","You may text as long as the message is shorter than 10 words","The law only applies to drivers under age 21"]', 1, 'Michigan''s hands-free law prohibits all drivers from holding or manually using a mobile device while operating a vehicle, including when stopped at a red light or stop sign. Voice-activated and one-touch use is permitted for adults; GDL drivers face stricter rules.', 0
);
INSERT OR REPLACE INTO quiz_question (id, quizId, prompt, choices, correctIndex, explanation, ordinal) VALUES (
  'q_mi_michigan-specific-rules-and-quirks_1', 'quiz_mi_michigan-specific-rules-and-quirks', 'What is a ''Michigan Left''?', '["A left turn made from the rightmost lane at an intersection","Going straight through the intersection, making a U-turn at a designated crossover, then turning right","A protected left turn signal phase","A left turn made only during off-peak hours"]', 1, 'A Michigan Left replaces a direct left turn on a divided highway: drivers proceed through the intersection, make a U-turn at a dedicated median crossover, and then turn right at the original intersection.', 1
);
INSERT OR REPLACE INTO quiz_question (id, quizId, prompt, choices, correctIndex, explanation, ordinal) VALUES (
  'q_mi_michigan-specific-rules-and-quirks_2', 'quiz_mi_michigan-specific-rules-and-quirks', 'Under Michigan''s Move Over Law, what must you do when approaching a stopped emergency or service vehicle with flashing lights?', '["Maintain your speed and stay in your lane","Move over one lane if safe, or slow to at least 10 mph below the posted speed limit","Stop completely until the vehicle leaves","Honk twice to acknowledge the vehicle"]', 1, 'Michigan''s Move Over Law requires drivers to move over one lane away from a stationary authorized vehicle displaying flashing lights when safe, or to slow to at least 10 mph below the speed limit if changing lanes is not possible.', 2
);
INSERT OR REPLACE INTO quiz_question (id, quizId, prompt, choices, correctIndex, explanation, ordinal) VALUES (
  'q_mi_michigan-specific-rules-and-quirks_3', 'quiz_mi_michigan-specific-rules-and-quirks', 'Michigan law requires headlights to be on whenever:', '["It is between sunset and sunrise only","Windshield wipers are in continuous use due to weather","You are driving faster than 45 mph","You are on a freeway, regardless of conditions"]', 1, 'Michigan requires headlights (not just daytime running lights) to be on whenever windshield wipers are in continuous use due to rain, snow, fog, or other weather conditions, so taillights are also illuminated for visibility.', 3
);
INSERT OR REPLACE INTO quiz_question (id, quizId, prompt, choices, correctIndex, explanation, ordinal) VALUES (
  'q_mi_michigan-specific-rules-and-quirks_4', 'quiz_mi_michigan-specific-rules-and-quirks', 'If a deer suddenly appears in your lane and a collision seems unavoidable, what is the recommended response?', '["Swerve sharply into the oncoming lane to avoid the deer","Accelerate to clear the deer''s path","Brake firmly, stay in your lane, and do not swerve","Close your eyes and hold the wheel straight"]', 2, 'Brake firmly and stay in your lane. Swerving — especially into oncoming traffic, trees, or ditches — causes far more serious crashes than hitting the deer. Michigan averages roughly 50,000 deer-vehicle crashes per year, peaking at dawn and dusk in fall.', 4
);

-- Minnesota (MN)
INSERT OR REPLACE INTO rule_pack (id, jurisdiction, slug, name, maturity, createdAt) VALUES (
  'rp_mn_teen', 'US-MN', 'mn-teen', 'Minnesota Teen Driver Education', 'level1', unixepoch('now')*1000
);
INSERT OR REPLACE INTO rule_pack_version (id, rulePackId, version, definition, publishedAt, notes, createdAt) VALUES (
  'rpv_mn_teen_1_0_0', 'rp_mn_teen', '1.0.0', '{"credentials":[{"key":"permit_eligibility","label":"Blue Card","deliveryMode":"manual"}],"requirements":[{"key":"classroom_hours","label":"Classroom hours","target":30,"unit":"hour"},{"key":"btw_hours","label":"Behind-the-wheel hours","target":6,"unit":"hour"},{"key":"supervised_practice_hours","label":"Supervised practice (parent log)","target":50,"unit":"hour"}],"rules":[{"key":"unlock_permit_eligibility","trigger":"enrollment.state_changed","conditions":{"jurisdiction":"US-MN","minPermitAge":15,"classroomHoursCompleted":{"gte":30}},"actions":[{"type":"unlock_credential","credential":"permit_eligibility"},{"type":"set_journey_state","value":"permit_eligible"}]}],"facts":{"agencyName":"Minnesota Department of Public Safety - Driver and Vehicle Services (DVS)","minPermitAge":15,"minLicenseAge":16,"minPermitDurationMonths":6,"nighttimeRestriction":"For the first six months of provisional licensure, no driving between midnight and 5:00 a.m. unless accompanied by a licensed driver age 25+, driving to/from work, or driving for an employer.","passengerRestriction":"During the first six months of provisional licensure, no more than one passenger under age 20 (excluding immediate family). During the second six months, no more than three passengers under age 20 (excluding immediate family).","cellPhoneRule":"Drivers under 18 with a permit or provisional license may not use a cell phone (handheld or hands-free) while driving, except to call 911. Minnesota''s Hands-Free Law also prohibits all drivers from holding a phone while operating a vehicle.","notes":"Minnesota uses a three-stage Graduated Driver Licensing (GDL) system: Instruction Permit, Provisional License (age 16-18), and Full License (age 18+). The ''Blue Card'' is the supplemental permit-eligibility certificate issued by the driver education provider after the student completes 30 hours of classroom instruction; it is required (along with parental enrollment in the supervised driving log program) before the student can take the DVS knowledge test for the instruction permit. Teen students must complete 6 hours of behind-the-wheel instruction with a licensed instructor and log 50 hours of supervised driving (15 of which must be at night) before the road test. Parents must complete a free 90-minute online supplemental parental awareness course as part of the GDL process.","needsReview":["Exact current fee amounts for the knowledge test, permit, and road test (these change periodically).","Whether the parental awareness course is still 90 minutes and whether it is mandatory for all teens (rules updated in recent years).","Exact text of the night driving exception list - verify against current Minn. Stat. 171.055.","Whether Blue Card delivery is still strictly manual (paper) or whether DVS now accepts electronic submission from approved schools."]}}', unixepoch('now')*1000, 'Generated; school must review and tweak.', unixepoch('now')*1000
);
INSERT OR REPLACE INTO content_pack (id, slug, name, scope, jurisdiction, description, createdAt) VALUES (
  'cp_mn_teen_overlay', 'mn-teen-overlay', 'Minnesota Teen Overlay', 'state', 'US-MN', 'Minnesota-specific driver education content covering the Blue Card permit process, Graduated Driver Licensing (GDL) restrictions for teen drivers, and Minnesota-unique road rules and laws that every new MN driver must understand before testing.', unixepoch('now')*1000
);
INSERT OR REPLACE INTO content_pack_version (id, contentPackId, version, notes, publishedAt, createdAt) VALUES (
  'cpv_mn_teen_overlay_1_0_0', 'cp_mn_teen_overlay', '1.0.0', 'Generated by per-state agent; human review required before publishing.', unixepoch('now')*1000, unixepoch('now')*1000
);
INSERT OR REPLACE INTO course (id, contentPackVersionId, slug, title, description, ordinal) VALUES (
  'course_mn_overlay', 'cpv_mn_teen_overlay_1_0_0', 'mn-overlay', 'Minnesota Teen Driver Overlay', 'Minnesota-specific driver education content covering the Blue Card permit process, Graduated Driver Licensing (GDL) restrictions for teen drivers, and Minnesota-unique road rules and laws that every new MN driver must understand before testing.', 0
);
INSERT OR REPLACE INTO module (id, courseId, slug, title, description, ordinal) VALUES (
  'module_mn_overlay', 'course_mn_overlay', 'mn-teen-overlay', 'Minnesota Teen Driver Overlay', 'Minnesota-specific driver education content covering the Blue Card permit process, Graduated Driver Licensing (GDL) restrictions for teen drivers, and Minnesota-unique road rules and laws that every new MN driver must understand before testing.', 0
);
INSERT OR REPLACE INTO lesson (id, moduleId, slug, title, body, estimatedSeatMinutes, ordinal) VALUES (
  'lesson_mn_mn-blue-card-permit-process', 'module_mn_overlay', 'mn-blue-card-permit-process', 'How to Get Your Minnesota Instruction Permit (the Blue Card Process)', '# How to Get Your Minnesota Instruction Permit

Minnesota uses a Graduated Driver Licensing (GDL) system, which means new drivers earn full driving privileges in stages. The very first stage is the **Instruction Permit**, and getting it requires a special document called the **Blue Card**. This lesson walks you through every step.

## Who Issues What

Two organizations are involved in getting your permit:

- **Your driver education school** (that''s us) issues the **Blue Card** once you finish the classroom portion.
- The **Minnesota Department of Public Safety - Driver and Vehicle Services (DVS)** issues the **Instruction Permit** after you pass the knowledge test.

You cannot take the knowledge test without the Blue Card. The Blue Card is your proof to DVS that you completed the required classroom training.

## Step 1: Be at Least 15 Years Old

Minnesota law requires you to be **at least 15 years old** before you can hold an instruction permit. You can start classroom driver education before your 15th birthday, but you cannot take the DVS knowledge test or receive your permit until you turn 15.

## Step 2: Complete 30 Hours of Classroom Instruction

Minnesota requires **30 hours of classroom driver education** from a state-approved provider. These hours cover traffic laws, signs and signals, defensive driving, the dangers of impaired and distracted driving, and Minnesota-specific rules.

You must attend the full 30 hours. There are no shortcuts and no test-out option in Minnesota for the classroom requirement. Most schools spread the hours across several weeks of evening or weekend sessions.

## Step 3: Parent or Guardian Enrollment in the Supervised Driving Program

Before the Blue Card can be issued, a parent or legal guardian must complete a brief **online supplemental parental awareness course** (approximately 90 minutes, offered free by DPS). This course explains the GDL system, the supervised driving log, and the parent''s role in keeping the new driver safe. Parents receive a certificate when they finish, and that certificate is part of the permit application packet.

## Step 4: Receive Your Blue Card

Once you have completed all 30 classroom hours and your parent has finished the awareness course, your driver education school will issue you a **Blue Card** (officially the *Driver Education Classroom Completion Certificate*). This is a physical paper document - keep it safe and do not lose it.

## Step 5: Take the Knowledge Test at DVS

Bring the following to a DVS exam station:

- Your Blue Card.
- Proof of identity (birth certificate or passport).
- Proof of Minnesota residence.
- Social Security number.
- A parent or guardian to sign the application (if you are under 18).
- The application fee.

The knowledge test has 40 questions on Minnesota traffic laws, road signs, and safe driving practices. You must score **80% or higher** to pass. If you fail, you can retake it (usually after a one-day waiting period and an additional fee).

## Step 6: Hold the Permit for at Least 6 Months

Once you receive the permit, you must hold it for a **minimum of six months** before you can apply for a provisional license - and that six months must be **violation-free** for the last six months. During this time, you must always drive with a licensed driver age 21 or older in the front passenger seat.

## Common Mistakes to Avoid

- Losing the Blue Card (replacements require contacting your school).
- Forgetting to bring a parent to sign at DVS.
- Assuming a passed final exam in class = a permit. It doesn''t. You still need DVS.
- Letting the parent awareness course slip - it blocks Blue Card issuance.

Finish all 30 hours, get the parent course done, collect your Blue Card, and head to DVS. That''s the Minnesota permit path.', 35, 0
);
INSERT OR REPLACE INTO quiz (id, lessonId, title, passingScore, shuffleQuestions) VALUES (
  'quiz_mn_mn-blue-card-permit-process', 'lesson_mn_mn-blue-card-permit-process', 'Minnesota Blue Card and Permit Process Quiz', 80, 1
);
INSERT OR REPLACE INTO quiz_question (id, quizId, prompt, choices, correctIndex, explanation, ordinal) VALUES (
  'q_mn_mn-blue-card-permit-process_0', 'quiz_mn_mn-blue-card-permit-process', 'What is the ''Blue Card'' in Minnesota?', '["A driver license issued to drivers under 18","A classroom completion certificate from your driver education school that allows you to take the DVS knowledge test","A permit issued directly by DVS without any classroom training","A parental consent form filed with the courts"]', 1, 'The Blue Card is the Driver Education Classroom Completion Certificate issued by your driver education provider after you complete 30 hours of classroom instruction. It is required by DVS before you can take the knowledge test.', 0
);
INSERT OR REPLACE INTO quiz_question (id, quizId, prompt, choices, correctIndex, explanation, ordinal) VALUES (
  'q_mn_mn-blue-card-permit-process_1', 'quiz_mn_mn-blue-card-permit-process', 'What is the minimum age to hold a Minnesota instruction permit?', '["14 years old","14 years, 6 months old","15 years old","16 years old"]', 2, 'You must be at least 15 years old to hold a Minnesota instruction permit. You may begin classroom driver education before turning 15, but cannot take the DVS knowledge test until your 15th birthday.', 1
);
INSERT OR REPLACE INTO quiz_question (id, quizId, prompt, choices, correctIndex, explanation, ordinal) VALUES (
  'q_mn_mn-blue-card-permit-process_2', 'quiz_mn_mn-blue-card-permit-process', 'How many hours of classroom driver education are required in Minnesota?', '["20 hours","25 hours","30 hours","40 hours"]', 2, 'Minnesota requires 30 hours of classroom driver education from a state-approved provider before a Blue Card can be issued. There is no test-out option.', 2
);
INSERT OR REPLACE INTO quiz_question (id, quizId, prompt, choices, correctIndex, explanation, ordinal) VALUES (
  'q_mn_mn-blue-card-permit-process_3', 'quiz_mn_mn-blue-card-permit-process', 'What must a parent or guardian do before the Blue Card can be issued?', '["Pass the DVS knowledge test on the teen''s behalf","Complete a free online supplemental parental awareness course (about 90 minutes)","Pay the road test fee in advance","Sign a notarized affidavit at the courthouse"]', 1, 'A parent or legal guardian must complete a free online supplemental parental awareness course offered by the Department of Public Safety. The completion certificate is part of the permit application packet.', 3
);
INSERT OR REPLACE INTO quiz_question (id, quizId, prompt, choices, correctIndex, explanation, ordinal) VALUES (
  'q_mn_mn-blue-card-permit-process_4', 'quiz_mn_mn-blue-card-permit-process', 'After receiving the instruction permit, how long must you hold it before applying for a provisional license?', '["3 months","6 months, violation-free for the last 6 months","9 months","12 months"]', 1, 'Minnesota requires you to hold the instruction permit for at least 6 months, and the last 6 months must be violation-free, before you can apply for a provisional license.', 4
);
INSERT OR REPLACE INTO lesson (id, moduleId, slug, title, body, estimatedSeatMinutes, ordinal) VALUES (
  'lesson_mn_mn-gdl-restrictions', 'module_mn_overlay', 'mn-gdl-restrictions', 'Minnesota GDL Restrictions: Night Driving, Passengers, and Phones', '# Minnesota''s Graduated Driver Licensing Restrictions

Minnesota''s Graduated Driver Licensing (GDL) system phases in driving privileges so new drivers gain experience in lower-risk situations first. Most fatal teen crashes happen at night, with multiple passengers, or while distracted - so the GDL law targets exactly those situations. Understanding these rules is essential because violating them can extend your provisional period, add fines, and delay your full license.

## The Three Stages

1. **Instruction Permit** (age 15+): Always drive with a licensed driver 21+ in the front seat. No solo driving, ever.
2. **Provisional License** (age 16-18): You can drive alone, but with the restrictions below.
3. **Full Driver License** (age 18+, or earlier after a clean provisional year): No GDL restrictions.

This lesson focuses on the provisional license stage - the one most teens spend the longest time in.

## Nighttime Driving Restriction

During the **first six months** of holding a provisional license, you **may not drive between midnight and 5:00 a.m.** unless you are:

- Accompanied by a licensed driver age 25 or older in the front seat, OR
- Driving directly to or from your place of employment, OR
- Driving for an employer (such as a delivery job), OR
- Driving for school-related events (in some interpretations - check with DVS).

This rule exists because the crash rate for 16-year-old drivers between midnight and 5 a.m. is roughly four times the daytime rate.

## Passenger Restriction

During the **first six months** of holding a provisional license, you may carry **no more than one passenger under age 20**, not counting immediate family members (siblings, etc.).

During the **second six months**, that limit increases to **no more than three passengers under age 20**, again excluding immediate family.

Why? Adding even one teen passenger doubles a teen driver''s crash risk. Three or more teen passengers more than quadruples it.

## Cell Phone and Distracted Driving Rules

Minnesota has two layers of phone rules:

1. **The Hands-Free Law (all drivers, all ages):** You may not hold your phone while driving. Voice commands, single-touch activation, and dashboard mounts are allowed. Reading, typing, or scrolling is never allowed.
2. **The Teen Driver Phone Ban (under 18 with permit or provisional license):** No cell phone use of any kind while driving - not even hands-free. The only exception is calling 911 in an emergency.

This means even using your phone for navigation by voice is technically prohibited for teen drivers under 18. Set the destination before you start driving.

## Seat Belts

Minnesota is a **primary enforcement** seat belt state. An officer can pull you over for a seat belt violation alone. **All occupants** of the vehicle must be belted regardless of seating position. For teen drivers, an unbelted passenger can lead to citations for both the passenger and the driver.

## Penalties for GDL Violations

GDL violations are not just traffic tickets. The consequences include:

- **First violation:** Warning letter from DVS plus a fine. Your six-month "violation-free" clock resets, delaying your full license.
- **Second violation:** 30-day license suspension.
- **Third violation:** 180-day license suspension plus required completion of additional driver improvement programs.

A conviction for any moving violation during the permit phase or provisional phase resets the clean-record clock you need to advance.

## When the Restrictions End

Provisional license restrictions automatically expire when you turn 18, or earlier if you have held the provisional license for at least 12 months with no violations during the last 12 months. At that point you can apply for a full driver license.

Respect the GDL rules. They are not arbitrary - they map directly to the conditions that kill teen drivers, and they keep you on track to the unrestricted license.', 30, 1
);
INSERT OR REPLACE INTO quiz (id, lessonId, title, passingScore, shuffleQuestions) VALUES (
  'quiz_mn_mn-gdl-restrictions', 'lesson_mn_mn-gdl-restrictions', 'Minnesota GDL Restrictions Quiz', 80, 1
);
INSERT OR REPLACE INTO quiz_question (id, quizId, prompt, choices, correctIndex, explanation, ordinal) VALUES (
  'q_mn_mn-gdl-restrictions_0', 'quiz_mn_mn-gdl-restrictions', 'During the first six months of a Minnesota provisional license, what is the nighttime driving rule?', '["No driving between 10:00 p.m. and 6:00 a.m. under any circumstances","No driving between midnight and 5:00 a.m. unless accompanied by a licensed driver age 25+, driving to/from work, or driving for an employer","No driving after 9:00 p.m. unless accompanied by any licensed adult","There is no nighttime restriction on a provisional license"]', 1, 'Minnesota''s GDL prohibits provisional license holders from driving between midnight and 5:00 a.m. during the first six months, with exceptions for driving with a licensed driver 25+, for work-related travel, or for an employer.', 0
);
INSERT OR REPLACE INTO quiz_question (id, quizId, prompt, choices, correctIndex, explanation, ordinal) VALUES (
  'q_mn_mn-gdl-restrictions_1', 'quiz_mn_mn-gdl-restrictions', 'During the first six months of a provisional license, how many passengers under 20 (not counting immediate family) can a teen driver carry?', '["Zero","No more than one","No more than three","Unlimited"]', 1, 'First six months: maximum of one passenger under age 20 (excluding immediate family). Second six months: maximum of three passengers under 20.', 1
);
INSERT OR REPLACE INTO quiz_question (id, quizId, prompt, choices, correctIndex, explanation, ordinal) VALUES (
  'q_mn_mn-gdl-restrictions_2', 'quiz_mn_mn-gdl-restrictions', 'Under Minnesota''s teen driver phone rules, when may a driver under 18 with a permit or provisional license use a cell phone while driving?', '["Anytime, as long as it is hands-free","Only for navigation via voice commands","Only to call 911 in an emergency","Only when the vehicle is moving under 25 mph"]', 2, 'Drivers under 18 with a permit or provisional license may not use a cell phone at all while driving - handheld or hands-free - with the only exception being a 911 emergency call.', 2
);
INSERT OR REPLACE INTO quiz_question (id, quizId, prompt, choices, correctIndex, explanation, ordinal) VALUES (
  'q_mn_mn-gdl-restrictions_3', 'quiz_mn_mn-gdl-restrictions', 'Minnesota is what type of seat belt enforcement state?', '["Secondary enforcement - officers can only cite for seat belts after stopping for another violation","Primary enforcement - officers can stop a vehicle for a seat belt violation alone, and all occupants must be belted","Optional - adults are exempt","Front seat only - back seat passengers do not need to be belted"]', 1, 'Minnesota is a primary enforcement state. Officers can pull you over solely for a seat belt violation, and every occupant in every seating position must be belted.', 3
);
INSERT OR REPLACE INTO quiz_question (id, quizId, prompt, choices, correctIndex, explanation, ordinal) VALUES (
  'q_mn_mn-gdl-restrictions_4', 'quiz_mn_mn-gdl-restrictions', 'What happens after a SECOND GDL violation on a provisional license in Minnesota?', '["A warning letter and a fine","A 30-day license suspension","A 180-day license suspension plus driver improvement programs","Immediate revocation until age 21"]', 1, 'A second GDL violation results in a 30-day license suspension. A first violation triggers a warning and fine; a third violation triggers a 180-day suspension plus additional driver improvement requirements.', 4
);
INSERT OR REPLACE INTO lesson (id, moduleId, slug, title, body, estimatedSeatMinutes, ordinal) VALUES (
  'lesson_mn_mn-rules-and-quirks', 'module_mn_overlay', 'mn-rules-and-quirks', 'Minnesota Road Rules and Quirks Every Driver Should Know', '# Minnesota Road Rules and Quirks

Every state has rules that surprise drivers from somewhere else - and a few that surprise the locals too. This lesson covers the Minnesota-specific traffic laws and driving conditions you need to understand to drive safely and pass the road test.

## Move Over Law (Ted Foss Law)

Minnesota''s **Ted Foss Move Over Law** is named for a State Patrol trooper killed by a passing vehicle during a traffic stop in 2000. On any road with two or more lanes in your direction, when you approach a stopped emergency vehicle, tow truck, road maintenance vehicle, construction vehicle, or utility vehicle with flashing lights, you must:

- **Move over one full lane away** from the stopped vehicle if it is safe to do so, OR
- If you cannot safely move over, **slow down to a safe and reasonable speed** below the posted limit.

Violations carry a fine of around $100 plus court fees. This is one of the most-tested laws on the Minnesota knowledge exam.

## Headlights On When Wipers Are On

Minnesota law requires you to **turn on your headlights anytime your windshield wipers are in continuous use** due to weather conditions (rain, snow, fog, sleet). Daytime running lights do not satisfy this requirement - you must turn on the full headlight circuit so your taillights also illuminate, making you visible from behind.

## Roundabouts

Minnesota has built hundreds of roundabouts in the last two decades. The rules:

- **Yield to traffic already in the roundabout** (traffic on your left).
- Do not stop in the roundabout.
- Use your right turn signal when you intend to exit.
- For multi-lane roundabouts, choose your lane based on your exit before entering: right lane for the first exit/right turns, left lane for further exits/left turns or U-turns.
- **Always yield to pedestrians** in crosswalks at the entry and exit.
- If an emergency vehicle approaches, exit the roundabout first, then pull over - do not stop inside the circle.

## Winter Driving Reality

Minnesota winters are not optional knowledge - they will be part of your driving life. Key rules:

- **Studded tires are illegal** for most passenger vehicles in Minnesota. Use proper all-season or dedicated winter tires instead.
- **Snow emergencies** in cities like Minneapolis and St. Paul trigger temporary parking restrictions; violations result in tickets and towing. Sign up for snow emergency alerts wherever you live.
- **Black ice** forms on bridges and overpasses first because cold air circulates underneath. Reduce speed on bridges in cold weather even if pavement looks clear.
- **Do not use cruise control on wet, snowy, or icy roads** - the cruise will keep applying power on a slick surface and send you into a skid.

## School Bus Stop Arms

When a school bus stops and extends its stop arm with red lights flashing:

- **All traffic in both directions must stop** on a two-lane road or any undivided road.
- On a divided highway with a physical median or barrier, only traffic following the bus must stop. Oncoming traffic across the median may proceed with caution.
- Stay stopped until the arm retracts and the red lights stop flashing.

Violations are aggressively enforced and carry fines of $500 or more.

## Funeral Processions

Minnesota grants funeral processions the right to proceed through intersections together once the lead vehicle has legally entered. Other drivers must yield to the procession, even at green lights. Procession vehicles typically have headlights on, hazard flashers, and small flags or markers.

## DWI and the Not-a-Drop Law

Minnesota''s general DWI limit is **0.08% BAC** for drivers 21 and older. But for drivers **under 21**, Minnesota has a **"Not a Drop" law**: any detectable alcohol in your system results in a DWI charge and license suspension. There is no acceptable amount of alcohol for an under-21 driver. Marijuana, even where legal recreationally, is also illegal to use while driving and during the GDL phase is treated harshly.

## Booster Seat and Child Restraint

Children must use a child restraint until they are **at least 8 years old or 4 feet 9 inches tall**, whichever comes first. As a teen driver who may be transporting younger siblings, this is your responsibility to enforce before you put the car in gear.

Learn these Minnesota-specific rules cold. They appear on the knowledge test, on the road test, and - more importantly - in your daily driving for the rest of your life in this state.', 30, 2
);
INSERT OR REPLACE INTO quiz (id, lessonId, title, passingScore, shuffleQuestions) VALUES (
  'quiz_mn_mn-rules-and-quirks', 'lesson_mn_mn-rules-and-quirks', 'Minnesota Road Rules and Quirks Quiz', 80, 1
);
INSERT OR REPLACE INTO quiz_question (id, quizId, prompt, choices, correctIndex, explanation, ordinal) VALUES (
  'q_mn_mn-rules-and-quirks_0', 'quiz_mn_mn-rules-and-quirks', 'Under Minnesota''s Ted Foss Move Over Law, what must you do when approaching a stopped emergency vehicle with flashing lights on a road with two or more lanes in your direction?', '["Maintain the posted speed limit and stay in your lane","Move over one full lane away if safe; if not safe, slow down to a safe and reasonable speed","Come to a complete stop until the emergency vehicle leaves","Honk to acknowledge the responder and continue at full speed"]', 1, 'The Ted Foss Law requires drivers to move over one full lane when safe, or slow down significantly if moving over is not possible, when approaching any stopped emergency, tow, maintenance, construction, or utility vehicle with flashing lights.', 0
);
INSERT OR REPLACE INTO quiz_question (id, quizId, prompt, choices, correctIndex, explanation, ordinal) VALUES (
  'q_mn_mn-rules-and-quirks_1', 'quiz_mn_mn-rules-and-quirks', 'When are Minnesota drivers required to turn on their headlights?', '["Only between sunset and sunrise","Anytime windshield wipers are in continuous use due to weather conditions","Only on interstate highways","Only when visibility drops below 100 feet"]', 1, 'Minnesota law requires headlights to be on anytime windshield wipers are in continuous use because of weather. Daytime running lights alone do not satisfy this requirement because they do not illuminate taillights.', 1
);
INSERT OR REPLACE INTO quiz_question (id, quizId, prompt, choices, correctIndex, explanation, ordinal) VALUES (
  'q_mn_mn-rules-and-quirks_2', 'quiz_mn_mn-rules-and-quirks', 'When entering a Minnesota roundabout, you must:', '["Stop completely, then proceed","Yield to traffic already in the roundabout (traffic on your left)","Use your left turn signal to enter","Yield only to vehicles entering from your right"]', 1, 'Drivers approaching a roundabout must yield to traffic already circulating inside it - that traffic will be coming from your left. Do not stop unnecessarily; just yield and merge when there is a safe gap.', 2
);
INSERT OR REPLACE INTO quiz_question (id, quizId, prompt, choices, correctIndex, explanation, ordinal) VALUES (
  'q_mn_mn-rules-and-quirks_3', 'quiz_mn_mn-rules-and-quirks', 'On a two-lane undivided road, what must you do when a school bus extends its stop arm with red lights flashing?', '["Only vehicles behind the bus must stop; oncoming traffic may proceed slowly","All traffic in both directions must stop and remain stopped until the arm retracts and lights stop flashing","Slow to 20 mph and pass with caution","Stop only if children are visible crossing the road"]', 1, 'On a two-lane or any undivided road, traffic in both directions must stop for a school bus with its stop arm out and red lights flashing. On a divided highway with a physical median, only traffic following the bus must stop.', 3
);
INSERT OR REPLACE INTO quiz_question (id, quizId, prompt, choices, correctIndex, explanation, ordinal) VALUES (
  'q_mn_mn-rules-and-quirks_4', 'quiz_mn_mn-rules-and-quirks', 'Under Minnesota''s ''Not a Drop'' law, what is the legal blood alcohol limit for drivers under 21?', '["0.08%, the same as adult drivers","0.04%, the commercial driver limit","0.02%","Any detectable amount of alcohol is a violation"]', 3, 'Minnesota''s ''Not a Drop'' law makes any detectable amount of alcohol in a driver under 21 a DWI offense, resulting in license suspension. There is no ''safe'' amount for an underage driver.', 4
);

-- Missouri (MO)
INSERT OR REPLACE INTO rule_pack (id, jurisdiction, slug, name, maturity, createdAt) VALUES (
  'rp_mo_teen', 'US-MO', 'mo-teen', 'Missouri Teen Driver Education', 'level1', unixepoch('now')*1000
);
INSERT OR REPLACE INTO rule_pack_version (id, rulePackId, version, definition, publishedAt, notes, createdAt) VALUES (
  'rpv_mo_teen_1_0_0', 'rp_mo_teen', '1.0.0', '{"credentials":[{"key":"permit_eligibility","label":"Instruction Permit","deliveryMode":"manual"}],"requirements":[{"key":"classroom_hours","label":"Classroom hours","target":0,"unit":"hour"},{"key":"btw_hours","label":"Behind-the-wheel hours","target":0,"unit":"hour"},{"key":"supervised_practice_hours","label":"Supervised practice (parent log)","target":40,"unit":"hour"}],"rules":[{"key":"unlock_permit_eligibility","trigger":"enrollment.state_changed","conditions":{"jurisdiction":"US-MO","minPermitAge":15,"classroomHoursCompleted":{"gte":0}},"actions":[{"type":"unlock_credential","credential":"permit_eligibility"},{"type":"set_journey_state","value":"permit_eligible"}]}],"facts":{"agencyName":"Missouri Department of Revenue (DOR) - Driver License Bureau","minPermitAge":15,"minLicenseAge":16,"minPermitDurationMonths":6,"nighttimeRestriction":"Intermediate license holders (under 18) may not drive between 1:00 a.m. and 5:00 a.m. except to/from a school activity, job, or emergency.","passengerRestriction":"During the first 6 months of an intermediate license, no more than one passenger under age 19 who is not an immediate family member. After 6 months, no more than three passengers under age 19 who are not immediate family.","cellPhoneRule":"As of August 2023, the Siddens Bening Hands Free Law prohibits all drivers from physically holding or using a cell phone while driving. For drivers under 21, any use of a hand-held electronic communication device while driving is prohibited.","notes":"Missouri does not mandate a state-required number of formal classroom or behind-the-wheel hours for the standard GDL pathway, but does require a parent/guardian-certified log of at least 40 hours of supervised driving (including a minimum of 10 hours at night) before applying for an intermediate license at 16. The instruction permit must be held for at least 6 months. Missouri uses a three-stage GDL: Instruction Permit (15), Intermediate License (16), Full License (18). Applicants must pass a written, vision, and road sign test for the permit, and a driving skills test for the intermediate license.","needsReview":["Exact current fee amounts for permit and intermediate license","Whether the supervised driving log form (DOR-100) has been renumbered recently","Confirm cell phone law enforcement details (primary vs secondary) for adult drivers","Verify any 2025-2026 legislative updates to GDL requirements"]}}', unixepoch('now')*1000, 'Generated; school must review and tweak.', unixepoch('now')*1000
);
INSERT OR REPLACE INTO content_pack (id, slug, name, scope, jurisdiction, description, createdAt) VALUES (
  'cp_mo_teen_overlay', 'mo-teen-overlay', 'Missouri Teen Overlay', 'state', 'US-MO', 'Missouri-specific supplement covering how to obtain an Instruction Permit through the Department of Revenue, navigating the state''s Graduated Driver License (GDL) restrictions in everyday life, and rules unique to driving in the Show-Me State.', unixepoch('now')*1000
);
INSERT OR REPLACE INTO content_pack_version (id, contentPackId, version, notes, publishedAt, createdAt) VALUES (
  'cpv_mo_teen_overlay_1_0_0', 'cp_mo_teen_overlay', '1.0.0', 'Generated by per-state agent; human review required before publishing.', unixepoch('now')*1000, unixepoch('now')*1000
);
INSERT OR REPLACE INTO course (id, contentPackVersionId, slug, title, description, ordinal) VALUES (
  'course_mo_overlay', 'cpv_mo_teen_overlay_1_0_0', 'mo-overlay', 'Missouri Teen Driver Overlay', 'Missouri-specific supplement covering how to obtain an Instruction Permit through the Department of Revenue, navigating the state''s Graduated Driver License (GDL) restrictions in everyday life, and rules unique to driving in the Show-Me State.', 0
);
INSERT OR REPLACE INTO module (id, courseId, slug, title, description, ordinal) VALUES (
  'module_mo_overlay', 'course_mo_overlay', 'mo-teen-overlay', 'Missouri Teen Driver Overlay', 'Missouri-specific supplement covering how to obtain an Instruction Permit through the Department of Revenue, navigating the state''s Graduated Driver License (GDL) restrictions in everyday life, and rules unique to driving in the Show-Me State.', 0
);
INSERT OR REPLACE INTO lesson (id, moduleId, slug, title, body, estimatedSeatMinutes, ordinal) VALUES (
  'lesson_mo_how-to-get-a-permit-in-missouri', 'module_mo_overlay', 'how-to-get-a-permit-in-missouri', 'How to Get Your Missouri Instruction Permit', '# Getting Your Missouri Instruction Permit

In Missouri, the journey to a full driver license begins with the **Instruction Permit**, issued by the **Missouri Department of Revenue (DOR), Driver License Bureau**. You may apply for an instruction permit as early as **age 15**. This permit is the first stage of Missouri''s three-step Graduated Driver License (GDL) program.

## Eligibility Requirements

To qualify for an instruction permit in Missouri, you must:

- Be at least **15 years old**
- Provide proof of identity, Missouri residency, lawful presence in the U.S., and your Social Security number
- Pass the **written knowledge test** (based on the Missouri Driver Guide)
- Pass the **road sign recognition test**
- Pass a **vision screening**
- Have a parent, legal guardian, grandparent, or a qualified driving instructor sign the application (anyone signing accepts joint legal responsibility for your driving)

## Documents to Bring

Missouri requires several documents at the license office. You''ll need to bring originals (not copies):

1. **Proof of identity and lawful status** - certified U.S. birth certificate, valid U.S. passport, or permanent resident card
2. **Proof of Social Security number** - SSN card, W-2, or pay stub showing your full SSN
3. **Two proofs of Missouri residency** - utility bill, bank statement, school enrollment letter, or similar documents showing your name and Missouri address
4. **Parent/guardian signature** on the application (in person, or notarized if absent)

If you are under 18 and not enrolled in school, you must also provide a **High School Diploma, GED, or proof of school enrollment** (commonly called the "School Attendance" requirement).

## The Tests

The written test covers Missouri traffic laws, safe driving practices, and rules from the Missouri Driver Guide. The road sign test asks you to identify common traffic signs by shape, color, and meaning. The vision test typically requires at least 20/40 vision in at least one eye (with or without corrective lenses).

If you fail a test, Missouri allows you to retake it - check with your local license office about wait periods and fees.

## Cost

The instruction permit fee is modest (commonly around $3.50 for the permit document plus a small testing fee). Bring a method of payment - cash, check, or card depending on the office.

## Permit Privileges and Restrictions

Once you have your instruction permit, you may drive **only when accompanied by a qualified supervising driver** who is:

- At least **21 years old** and a licensed driver, **OR**
- A parent or legal guardian who is at least 21 and licensed, **OR**
- A qualified driving instructor

The supervising driver must be seated **in the front passenger seat** at all times while you drive.

## The 6-Month / 40-Hour Rule

Missouri requires that you **hold your instruction permit for at least 6 months** before you may apply for an intermediate license. During that time, you must log at least **40 hours of supervised driving practice**, and **at least 10 of those hours must be at night**. You and your parent or guardian will sign a log certifying that the practice was completed.

This log is submitted when you return for your intermediate license driving test at age 16.

## What''s Next

Use the full 6 months wisely - practice in varied conditions: rain, freeway driving, parallel parking, rural two-lane roads, and busy intersections. The intermediate license skills test will evaluate your real-world readiness, not just your textbook knowledge.', 35, 0
);
INSERT OR REPLACE INTO quiz (id, lessonId, title, passingScore, shuffleQuestions) VALUES (
  'quiz_mo_how-to-get-a-permit-in-missouri', 'lesson_mo_how-to-get-a-permit-in-missouri', 'Missouri Instruction Permit Quiz', 80, 1
);
INSERT OR REPLACE INTO quiz_question (id, quizId, prompt, choices, correctIndex, explanation, ordinal) VALUES (
  'q_mo_how-to-get-a-permit-in-missouri_0', 'quiz_mo_how-to-get-a-permit-in-missouri', 'What is the minimum age to apply for a Missouri instruction permit?', '["14","15","16","15 years and 6 months"]', 1, 'Missouri allows teens to apply for an instruction permit beginning at age 15.', 0
);
INSERT OR REPLACE INTO quiz_question (id, quizId, prompt, choices, correctIndex, explanation, ordinal) VALUES (
  'q_mo_how-to-get-a-permit-in-missouri_1', 'quiz_mo_how-to-get-a-permit-in-missouri', 'Which agency issues driver licenses and permits in Missouri?', '["Missouri DMV","Missouri Department of Transportation (MoDOT)","Missouri Department of Revenue (DOR), Driver License Bureau","Missouri State Highway Patrol"]', 2, 'Driver licensing in Missouri is handled by the Department of Revenue''s Driver License Bureau, not a separate DMV. MoDOT handles roads and bridges, and the Highway Patrol administers the road test.', 1
);
INSERT OR REPLACE INTO quiz_question (id, quizId, prompt, choices, correctIndex, explanation, ordinal) VALUES (
  'q_mo_how-to-get-a-permit-in-missouri_2', 'quiz_mo_how-to-get-a-permit-in-missouri', 'How many hours of supervised driving must be logged before you can apply for a Missouri intermediate license?', '["20 hours","30 hours","40 hours, including at least 10 at night","50 hours, including at least 15 at night"]', 2, 'Missouri requires at least 40 hours of supervised driving practice, with a minimum of 10 hours at night, certified by a parent or guardian.', 2
);
INSERT OR REPLACE INTO quiz_question (id, quizId, prompt, choices, correctIndex, explanation, ordinal) VALUES (
  'q_mo_how-to-get-a-permit-in-missouri_3', 'quiz_mo_how-to-get-a-permit-in-missouri', 'While driving with an instruction permit in Missouri, who must accompany you?', '["Any licensed driver age 18 or older","A licensed driver at least 21 years old (or a parent/guardian/qualified instructor) seated in the front passenger seat","Any adult family member","A licensed driver in any seat of the vehicle"]', 1, 'Your supervising driver must be at least 21 (or a parent/guardian/qualified instructor) and must sit in the front passenger seat.', 3
);
INSERT OR REPLACE INTO quiz_question (id, quizId, prompt, choices, correctIndex, explanation, ordinal) VALUES (
  'q_mo_how-to-get-a-permit-in-missouri_4', 'quiz_mo_how-to-get-a-permit-in-missouri', 'How long must you hold your Missouri instruction permit before you may apply for an intermediate license?', '["3 months","6 months","9 months","12 months"]', 1, 'Missouri requires the instruction permit be held for a minimum of 6 months before you can move to the intermediate license stage.', 4
);
INSERT OR REPLACE INTO lesson (id, moduleId, slug, title, body, estimatedSeatMinutes, ordinal) VALUES (
  'lesson_mo_missouri-gdl-restrictions-daily-life', 'module_mo_overlay', 'missouri-gdl-restrictions-daily-life', 'Missouri GDL Restrictions in Daily Life', '# Living With Missouri''s GDL Restrictions

Once you turn 16 and pass your driving test, you''ll receive an **Intermediate License**. This isn''t the same as a full driver license - it carries restrictions designed to ease you into independent driving during your highest-risk years. Understanding these rules isn''t just about avoiding tickets; it''s about keeping yourself, your passengers, and other drivers safe.

## The Nighttime Driving Rule

Missouri intermediate license holders **may not drive between 1:00 a.m. and 5:00 a.m.** unless one of these exceptions applies:

- You''re driving to or from a **school activity**
- You''re driving to or from your **job**
- You''re responding to an **emergency**
- You''re accompanied by a parent, guardian, or qualified driver age 21+

This matters in everyday situations: leaving a friend''s house at 1:30 a.m., heading home from a late movie, or picking someone up from the airport. Plan ahead. If your shift ends at midnight, you''re fine to drive home - but if you stop for food and leave the restaurant at 1:15 a.m., you''re now in violation unless you can show the drive is part of getting home from work.

## Passenger Limits

For your **first 6 months** on an intermediate license, you may carry **no more than one passenger under age 19** who is not an immediate family member. After 6 months, that limit increases to **no more than three passengers under age 19** who are not immediate family.

Immediate family (parents, siblings, grandparents, your own children) don''t count toward the limit. The reasoning is well-established by research: teen drivers with teen passengers are dramatically more likely to crash, and risk increases with each additional teen passenger.

Real-world example: it''s homecoming weekend and four friends want a ride. If you''ve been licensed three months, you can only take one. If you''ve been licensed eight months, you can take three. Either way, consider whether someone with a full license should drive.

## Seat Belt Rule

Under Missouri law, every person in the vehicle must wear a seat belt when the driver is under 18. There is no "backseat exemption" for teen drivers as there can be for adult drivers in Missouri. If a passenger is unbelted, you - the driver - can be cited.

## Cell Phones and Hands-Free Law

Missouri''s **Siddens Bening Hands Free Law** (effective August 2023) prohibits all drivers from physically holding or supporting a cell phone or other electronic communication device while driving. For drivers **under 21**, the law is even stricter: any use of a hand-held electronic communication device while operating a motor vehicle is prohibited.

This means:

- **No texting**, ever
- **No holding** the phone to talk
- **No scrolling, watching video, or social media** while driving
- Hands-free (Bluetooth, dashboard mount, voice commands) is the only acceptable use for adults; for under-21 drivers, even hands-free use is restricted in many situations

Mount your phone before you start driving. Set up navigation, your playlist, and your texts-to-respond before you put the car in gear.

## Consequences for Violations

Violating intermediate license restrictions can extend the time before you''re eligible for a full license, add points to your record, and trigger insurance rate increases. In Missouri, accumulating **8 points in 18 months** results in license suspension. Teen drivers face additional scrutiny - some violations that wouldn''t suspend an adult license can suspend a teen''s.

## Moving to a Full License

At **age 18**, if you have a clean record (no alcohol-related convictions, no traffic convictions in the prior 12 months for serious offenses), your intermediate license converts to a full driver license. Some drivers need to visit the license office; others receive it automatically. Check your status before your 18th birthday.', 30, 1
);
INSERT OR REPLACE INTO quiz (id, lessonId, title, passingScore, shuffleQuestions) VALUES (
  'quiz_mo_missouri-gdl-restrictions-daily-life', 'lesson_mo_missouri-gdl-restrictions-daily-life', 'Missouri GDL Daily Life Quiz', 80, 1
);
INSERT OR REPLACE INTO quiz_question (id, quizId, prompt, choices, correctIndex, explanation, ordinal) VALUES (
  'q_mo_missouri-gdl-restrictions-daily-life_0', 'quiz_mo_missouri-gdl-restrictions-daily-life', 'What hours are Missouri intermediate license holders generally restricted from driving alone?', '["11:00 p.m. to 6:00 a.m.","Midnight to 5:00 a.m.","1:00 a.m. to 5:00 a.m.","10:00 p.m. to 4:00 a.m."]', 2, 'Missouri''s nighttime restriction prohibits intermediate license holders from driving between 1:00 a.m. and 5:00 a.m., with exceptions for work, school activities, and emergencies.', 0
);
INSERT OR REPLACE INTO quiz_question (id, quizId, prompt, choices, correctIndex, explanation, ordinal) VALUES (
  'q_mo_missouri-gdl-restrictions-daily-life_1', 'quiz_mo_missouri-gdl-restrictions-daily-life', 'During the first 6 months of holding an intermediate license, how many non-family passengers under 19 may you have in your vehicle?', '["No passengers under 19 at all","No more than one","No more than two","No more than three"]', 1, 'During the first 6 months, Missouri limits you to no more than one passenger under 19 who is not an immediate family member.', 1
);
INSERT OR REPLACE INTO quiz_question (id, quizId, prompt, choices, correctIndex, explanation, ordinal) VALUES (
  'q_mo_missouri-gdl-restrictions-daily-life_2', 'quiz_mo_missouri-gdl-restrictions-daily-life', 'Under Missouri''s Siddens Bening Hands Free Law, what is the rule for drivers under 21?', '["Hands-free calls are allowed without restriction","Texting is allowed if stopped at a red light","Any use of a hand-held electronic communication device while driving is prohibited","There are no special restrictions beyond the general adult rule"]', 2, 'Drivers under 21 face the strictest rule: no hand-held device use while driving, period. Adults are also banned from holding phones, but the under-21 rule is broader.', 2
);
INSERT OR REPLACE INTO quiz_question (id, quizId, prompt, choices, correctIndex, explanation, ordinal) VALUES (
  'q_mo_missouri-gdl-restrictions-daily-life_3', 'quiz_mo_missouri-gdl-restrictions-daily-life', 'Which of the following is NOT a valid exception to Missouri''s nighttime driving restriction for intermediate license holders?', '["Driving home from a job shift","Driving to a school sporting event","Driving a friend home from a party","Driving in response to a family emergency"]', 2, 'Work, school activities, and emergencies are exceptions. Driving a friend home from a social gathering is not an exception and would violate the curfew.', 3
);
INSERT OR REPLACE INTO quiz_question (id, quizId, prompt, choices, correctIndex, explanation, ordinal) VALUES (
  'q_mo_missouri-gdl-restrictions-daily-life_4', 'quiz_mo_missouri-gdl-restrictions-daily-life', 'At what age does a Missouri intermediate license typically convert to a full driver license, assuming a clean record?', '["17","18","19","21"]', 1, 'At age 18, drivers with a clean record progress from the intermediate license to a full Missouri driver license.', 4
);
INSERT OR REPLACE INTO lesson (id, moduleId, slug, title, body, estimatedSeatMinutes, ordinal) VALUES (
  'lesson_mo_missouri-specific-rules-and-quirks', 'module_mo_overlay', 'missouri-specific-rules-and-quirks', 'Missouri-Specific Rules and Quirks', '# Rules and Quirks Unique to Driving in Missouri

Every state has its own combination of traffic laws, road designs, and driving culture. Missouri is no exception. Here are the rules and conditions that can trip up newer drivers - and even out-of-state visitors - if they don''t know what to expect.

## The Missouri Stoplight Law (Dead Red Law)

Missouri is one of a handful of states with a "Dead Red Law." If you arrive at a traffic signal that fails to detect your vehicle (often the case on motorcycles or in early-morning hours when sensors miss small cars), you may proceed through the red light **after waiting a reasonable amount of time** - generally accepted as a full signal cycle or more - and **only after determining it''s safe**. This is one of the few legal exceptions to running a red light in the state. It is intended for malfunctioning lights, not for impatience.

## Right Turn on Red

Missouri allows right turns on red after a complete stop, unless a sign specifically prohibits it. Some intersections in St. Louis, Kansas City, and college towns post **"No Turn on Red"** signs, especially in heavy pedestrian areas. Always look for the sign before turning.

## Move Over Law

Missouri''s Move Over law requires drivers approaching a stopped emergency vehicle, tow truck, MoDOT vehicle, or utility vehicle with flashing lights to **change lanes away from the vehicle** if it''s safe to do so. If you can''t change lanes, you must **slow down and proceed with caution**. This applies on all roads, not just interstates. Penalties are stiff and increase when emergency workers are injured.

## School Bus Stop-Arm Rule

When a school bus stops with its red lights flashing and stop-arm extended, **all traffic in both directions must stop** on a two-lane road. On a **divided highway with a physical median or barrier**, only traffic traveling in the same direction as the bus must stop. This is a common point of confusion: a painted center line is NOT a median - you must still stop. Penalties include fines, points, and possible license suspension.

## Headlights and Wipers

Missouri law requires headlights to be turned on **30 minutes after sunset until 30 minutes before sunrise**, and **any time visibility is less than 500 feet** due to weather. While Missouri does not have an explicit "wipers on, lights on" statute like some states, the low-visibility rule effectively requires headlights any time you''re using your wipers continuously in rain or fog.

## Severe Weather Awareness

Missouri sits in a region that sees **tornadoes, ice storms, flash flooding, and dense fog**. A few specific rules and habits:

- **Never drive through standing water.** "Turn Around, Don''t Drown" is law-enforcement guidance with the force of common sense - it takes only 6-12 inches of moving water to sweep a car away. Many low-water crossings in rural Missouri have signs and depth markers.
- During a **tornado warning**, do not try to outrun a tornado in your car. Exit the vehicle and seek shelter in a sturdy building or low-lying ditch away from the vehicle.
- On **icy bridges and overpasses**, slow down. Bridges freeze before roads because they''re exposed to cold air on all sides.

## Deer Country

Missouri has a substantial deer population, and **deer-vehicle collisions** spike during fall rut (October-December) and at dawn/dusk year-round. If a deer enters the road:

- **Brake firmly, but do not swerve.** Swerving causes loss-of-control crashes that are often worse than the deer strike.
- Use **high beams when possible** on rural roads to spot eye-shine from the shoulder.
- If you hit a deer, pull over safely, call local authorities, and do not approach a wounded animal.

## Highway and Interstate Quirks

Missouri uses **lettered routes** (Route Z, Route AA, Route DD) for state-maintained secondary roads, in addition to numbered highways. These are sometimes called "supplemental routes" and are common in rural areas. They can be narrow, winding, and lightly maintained - drive accordingly.

The **I-70 corridor** between St. Louis and Kansas City sees heavy truck traffic. Keep right except to pass, and watch for sudden slowdowns near major interchanges. Many sections have ongoing construction.

## Real ID and Your License

Missouri offers both a **REAL ID-compliant** license (marked with a star) and a non-compliant license. Starting May 7, 2025, only REAL ID-compliant licenses are accepted for boarding domestic flights and entering federal facilities. When you apply for your full license at 18, ask about REAL ID requirements and bring the additional documents required.', 30, 2
);
INSERT OR REPLACE INTO quiz (id, lessonId, title, passingScore, shuffleQuestions) VALUES (
  'quiz_mo_missouri-specific-rules-and-quirks', 'lesson_mo_missouri-specific-rules-and-quirks', 'Missouri Rules and Quirks Quiz', 80, 1
);
INSERT OR REPLACE INTO quiz_question (id, quizId, prompt, choices, correctIndex, explanation, ordinal) VALUES (
  'q_mo_missouri-specific-rules-and-quirks_0', 'quiz_mo_missouri-specific-rules-and-quirks', 'Under Missouri''s "Dead Red Law," what may you do at a traffic signal that fails to detect your vehicle?', '["Immediately drive through the red light","Turn around and find another route - it is never legal to proceed","Proceed cautiously through the red after waiting a reasonable amount of time and confirming it is safe","Honk repeatedly until another driver triggers the sensor"]', 2, 'The Dead Red Law allows you to proceed through a malfunctioning red light after waiting a reasonable time (such as a full signal cycle) and confirming it is safe.', 0
);
INSERT OR REPLACE INTO quiz_question (id, quizId, prompt, choices, correctIndex, explanation, ordinal) VALUES (
  'q_mo_missouri-specific-rules-and-quirks_1', 'quiz_mo_missouri-specific-rules-and-quirks', 'When must you stop for a school bus with its red lights flashing and stop-arm extended on a TWO-LANE road in Missouri?', '["Only traffic behind the bus must stop","Only traffic in the oncoming lane must stop","All traffic in both directions must stop","Only if children are visibly crossing"]', 2, 'On a two-lane road, all traffic in both directions must stop. Only on a divided highway with a physical median/barrier may oncoming traffic proceed.', 1
);
INSERT OR REPLACE INTO quiz_question (id, quizId, prompt, choices, correctIndex, explanation, ordinal) VALUES (
  'q_mo_missouri-specific-rules-and-quirks_2', 'quiz_mo_missouri-specific-rules-and-quirks', 'If a deer enters the road in front of you, what is the recommended response?', '["Swerve sharply to avoid contact","Speed up to pass before the deer reaches the road","Brake firmly and stay in your lane - do not swerve","Honk and maintain your speed"]', 2, 'Braking firmly without swerving is recommended. Swerving often causes loss-of-control crashes that are worse than striking the deer.', 2
);
INSERT OR REPLACE INTO quiz_question (id, quizId, prompt, choices, correctIndex, explanation, ordinal) VALUES (
  'q_mo_missouri-specific-rules-and-quirks_3', 'quiz_mo_missouri-specific-rules-and-quirks', 'What does Missouri''s Move Over law require when you approach a stopped emergency vehicle with flashing lights?', '["Stop completely until the emergency vehicle leaves","Change lanes away from the vehicle if safe; otherwise slow down and proceed with caution","Maintain your speed and stay in your lane","Honk to alert the emergency personnel"]', 1, 'Missouri''s Move Over law requires you to change lanes away from the stopped emergency vehicle when safe; if you cannot change lanes, slow down and proceed with caution.', 3
);
INSERT OR REPLACE INTO quiz_question (id, quizId, prompt, choices, correctIndex, explanation, ordinal) VALUES (
  'q_mo_missouri-specific-rules-and-quirks_4', 'quiz_mo_missouri-specific-rules-and-quirks', 'What do Missouri''s lettered routes (such as Route Z or Route AA) typically indicate?', '["Interstate bypass routes","State-maintained secondary roads, often rural and lightly trafficked","Toll roads","Routes restricted to commercial vehicles"]', 1, 'Lettered routes are Missouri''s state-maintained supplemental/secondary roads, common in rural areas and often narrow or winding.', 4
);

-- Mississippi (MS)
INSERT OR REPLACE INTO rule_pack (id, jurisdiction, slug, name, maturity, createdAt) VALUES (
  'rp_ms_teen', 'US-MS', 'ms-teen', 'Mississippi Teen Driver Education', 'level1', unixepoch('now')*1000
);
INSERT OR REPLACE INTO rule_pack_version (id, rulePackId, version, definition, publishedAt, notes, createdAt) VALUES (
  'rpv_ms_teen_1_0_0', 'rp_ms_teen', '1.0.0', '{"credentials":[{"key":"permit_eligibility","label":"Mississippi Learner''s Permit","deliveryMode":"manual"}],"requirements":[{"key":"classroom_hours","label":"Classroom hours","target":30,"unit":"hour"},{"key":"btw_hours","label":"Behind-the-wheel hours","target":6,"unit":"hour"},{"key":"supervised_practice_hours","label":"Supervised practice (parent log)","target":50,"unit":"hour"}],"rules":[{"key":"unlock_permit_eligibility","trigger":"enrollment.state_changed","conditions":{"jurisdiction":"US-MS","minPermitAge":15,"classroomHoursCompleted":{"gte":30}},"actions":[{"type":"unlock_credential","credential":"permit_eligibility"},{"type":"set_journey_state","value":"permit_eligible"}]}],"facts":{"agencyName":"Mississippi Department of Public Safety - Driver Service Bureau","minPermitAge":15,"minLicenseAge":16,"minPermitDurationMonths":12,"nighttimeRestriction":"Intermediate license holders may not drive between 10:00 PM and 6:00 AM Sunday through Thursday, and between 11:30 PM and 6:00 AM on Friday and Saturday, unless accompanied by a licensed driver 21 or older, or driving to/from work or a school activity.","passengerRestriction":"Mississippi does not impose a specific statewide passenger limit for intermediate license holders beyond standard seatbelt-for-each-occupant rules.","cellPhoneRule":"Drivers under 18 with a learner''s permit or intermediate license are prohibited from using a cell phone or any wireless communication device while driving, including hands-free use except in emergencies. All drivers are banned from texting while driving.","notes":"Mississippi uses a three-stage Graduated Driver License (GDL) system: Learner''s Permit (age 15+), Intermediate License (age 16+ after holding permit 12 months), and Full/Unrestricted License (age 16.5+ after 6 months of intermediate). Driver education is not mandatory for licensure, but completing an approved course may waive certain requirements and can reduce insurance costs. Mississippi schools commonly offer driver education in high school. The Mississippi Department of Public Safety (DPS) administers all driver testing through Driver Service Bureau examination stations.","needsReview":["Exact required classroom hours (30 is typical for high school courses but may not be statutorily required statewide)","Exact required behind-the-wheel hours (6 is common for approved courses; statute may not mandate a specific number)","Required supervised practice hours (50 hours commonly recommended; verify if statutorily required)","Precise nighttime curfew times and weekend variation","Whether driver education completion shortens the 12-month permit holding period","Current cell phone statute coverage for minors vs. adults"]}}', unixepoch('now')*1000, 'Generated; school must review and tweak.', unixepoch('now')*1000
);
INSERT OR REPLACE INTO content_pack (id, slug, name, scope, jurisdiction, description, createdAt) VALUES (
  'cp_ms_teen_overlay', 'ms-teen-overlay', 'Mississippi Teen Overlay', 'state', 'US-MS', 'A Mississippi-specific supplement covering the state''s Graduated Driver License (GDL) system, permit application process through the Mississippi Department of Public Safety, intermediate license restrictions, and Mississippi-specific traffic laws and quirks teen drivers need to know.', unixepoch('now')*1000
);
INSERT OR REPLACE INTO content_pack_version (id, contentPackId, version, notes, publishedAt, createdAt) VALUES (
  'cpv_ms_teen_overlay_1_0_0', 'cp_ms_teen_overlay', '1.0.0', 'Generated by per-state agent; human review required before publishing.', unixepoch('now')*1000, unixepoch('now')*1000
);
INSERT OR REPLACE INTO course (id, contentPackVersionId, slug, title, description, ordinal) VALUES (
  'course_ms_overlay', 'cpv_ms_teen_overlay_1_0_0', 'ms-overlay', 'Mississippi Teen Driver Overlay', 'A Mississippi-specific supplement covering the state''s Graduated Driver License (GDL) system, permit application process through the Mississippi Department of Public Safety, intermediate license restrictions, and Mississippi-specific traffic laws and quirks teen drivers need to know.', 0
);
INSERT OR REPLACE INTO module (id, courseId, slug, title, description, ordinal) VALUES (
  'module_ms_overlay', 'course_ms_overlay', 'ms-teen-overlay', 'Mississippi Teen Driver Overlay', 'A Mississippi-specific supplement covering the state''s Graduated Driver License (GDL) system, permit application process through the Mississippi Department of Public Safety, intermediate license restrictions, and Mississippi-specific traffic laws and quirks teen drivers need to know.', 0
);
INSERT OR REPLACE INTO lesson (id, moduleId, slug, title, body, estimatedSeatMinutes, ordinal) VALUES (
  'lesson_ms_how-to-get-a-mississippi-learners-permit', 'module_ms_overlay', 'how-to-get-a-mississippi-learners-permit', 'How to Get a Mississippi Learner''s Permit', '# Getting Your Mississippi Learner''s Permit

Mississippi uses a three-stage Graduated Driver License (GDL) system designed to ease new drivers into full driving privileges. The journey starts with the Learner''s Permit, issued by the Mississippi Department of Public Safety (DPS) through its Driver Service Bureau examination stations located across the state.

## Eligibility

To apply for a Mississippi Learner''s Permit, you must:

- Be at least **15 years old**
- Be enrolled in school, have graduated, or have a high school equivalency (Mississippi has school attendance requirements tied to licensing for those under 18)
- Have parental or guardian consent if under 18
- Pass a vision screening
- Pass the written knowledge test

## Documents to Bring

When you visit a Driver Service Bureau location, plan to bring:

1. **Proof of identity** - a certified birth certificate or U.S. passport
2. **Proof of Social Security number** - your Social Security card or a W-2
3. **Two proofs of Mississippi residency** - a utility bill, lease, school record, or similar document showing your name and Mississippi address (parent''s documents work for minors)
4. **Proof of school enrollment or graduation** - a current report card, transcript, or letter from your school certifying enrollment and satisfactory attendance, or a diploma/GED
5. **Parental consent** - a parent or legal guardian must sign the application in person
6. **Payment** - the permit fee (currently around $5 for the learner''s permit, separate from later license fees)

Always check the DPS website before going - document and fee requirements occasionally change.

## The Knowledge Test

The written test is based on the **Mississippi Driver''s Manual**, which you can download free from the DPS website. The test covers:

- Mississippi traffic laws
- Road signs and pavement markings
- Safe driving practices
- Right-of-way rules
- Effects of alcohol and drugs on driving

The test is typically multiple choice. Study the manual thoroughly - many first-time test-takers fail because they relied only on online practice quizzes. If you fail, Mississippi requires a waiting period before retesting.

## Vision Screening

DPS will check your vision on-site. You must meet minimum acuity standards (generally 20/40 with or without corrective lenses). If you wear glasses or contacts for the test, your permit and later license will be marked with a corrective-lens restriction.

## After You Pass

With permit in hand, you may drive **only when accompanied by a licensed driver 21 years of age or older** seated in the front passenger seat. The supervising driver must be alert and able to take control if needed - they are legally responsible for your driving.

## Holding Period

You must hold the Learner''s Permit for **at least 12 months** (or until age 16, whichever is longer) before you are eligible to apply for an Intermediate License. Use this year to log practice in varied conditions: daytime, nighttime, rain, highway, parking lots, and residential streets.

## What''s Next?

After 12 months of permit-holding and on or after your 16th birthday, you can return to DPS for the road skills test to earn your Intermediate License - the second stage of the Mississippi GDL.', 35, 0
);
INSERT OR REPLACE INTO quiz (id, lessonId, title, passingScore, shuffleQuestions) VALUES (
  'quiz_ms_how-to-get-a-mississippi-learners-permit', 'lesson_ms_how-to-get-a-mississippi-learners-permit', 'Mississippi Learner''s Permit Quiz', 80, 1
);
INSERT OR REPLACE INTO quiz_question (id, quizId, prompt, choices, correctIndex, explanation, ordinal) VALUES (
  'q_ms_how-to-get-a-mississippi-learners-permit_0', 'quiz_ms_how-to-get-a-mississippi-learners-permit', 'What is the minimum age to apply for a Mississippi Learner''s Permit?', '["14 years old","15 years old","16 years old","17 years old"]', 1, 'Mississippi allows teens to apply for a Learner''s Permit starting at age 15.', 0
);
INSERT OR REPLACE INTO quiz_question (id, quizId, prompt, choices, correctIndex, explanation, ordinal) VALUES (
  'q_ms_how-to-get-a-mississippi-learners-permit_1', 'quiz_ms_how-to-get-a-mississippi-learners-permit', 'Which Mississippi agency issues driver licenses and permits?', '["Mississippi DMV","Mississippi Department of Public Safety (DPS) - Driver Service Bureau","Mississippi Department of Transportation (MDOT)","Mississippi Highway Patrol Licensing Office"]', 1, 'The Mississippi Department of Public Safety, through its Driver Service Bureau, handles all driver licensing in Mississippi.', 1
);
INSERT OR REPLACE INTO quiz_question (id, quizId, prompt, choices, correctIndex, explanation, ordinal) VALUES (
  'q_ms_how-to-get-a-mississippi-learners-permit_2', 'quiz_ms_how-to-get-a-mississippi-learners-permit', 'When driving with a Mississippi Learner''s Permit, who must accompany you?', '["Any licensed driver, regardless of age","A licensed driver who is at least 18 years old, in any seat","A licensed driver who is at least 21 years old, seated in the front passenger seat","A parent or legal guardian only"]', 2, 'Permit holders must be accompanied by a licensed driver 21 or older seated in the front passenger seat.', 2
);
INSERT OR REPLACE INTO quiz_question (id, quizId, prompt, choices, correctIndex, explanation, ordinal) VALUES (
  'q_ms_how-to-get-a-mississippi-learners-permit_3', 'quiz_ms_how-to-get-a-mississippi-learners-permit', 'How long must you hold a Mississippi Learner''s Permit before you can apply for an Intermediate License?', '["3 months","6 months","12 months","18 months"]', 2, 'Mississippi requires permit holders to keep their permit for at least 12 months (and be 16+) before moving to an Intermediate License.', 3
);
INSERT OR REPLACE INTO quiz_question (id, quizId, prompt, choices, correctIndex, explanation, ordinal) VALUES (
  'q_ms_how-to-get-a-mississippi-learners-permit_4', 'quiz_ms_how-to-get-a-mississippi-learners-permit', 'Which of the following is NOT typically required when applying for a Mississippi Learner''s Permit?', '["Proof of identity such as a birth certificate","Proof of school enrollment or graduation","A certified copy of a vehicle''s registration","Parental consent if under 18"]', 2, 'You don''t need a vehicle''s registration to apply for a permit. Identity, school enrollment, residency, SSN, and parental consent (if minor) are required.', 4
);
INSERT OR REPLACE INTO lesson (id, moduleId, slug, title, body, estimatedSeatMinutes, ordinal) VALUES (
  'lesson_ms_mississippi-gdl-restrictions-in-daily-life', 'module_ms_overlay', 'mississippi-gdl-restrictions-in-daily-life', 'Mississippi GDL Restrictions in Daily Life', '# Living With Mississippi''s GDL Restrictions

Getting your Mississippi Intermediate License is a milestone - but it is not a full unrestricted license. Mississippi''s Graduated Driver License (GDL) program keeps several restrictions in place to lower the crash risk that affects new teen drivers most. Knowing these rules will keep you out of court, off your parents'' insurance ladder, and on the road.

## The Three GDL Stages

1. **Learner''s Permit** (age 15+, held 12 months) - supervised driving only
2. **Intermediate License** (age 16+, after 12 months of permit) - independent driving with restrictions
3. **Full/Unrestricted License** (age 16.5+, after 6 months of clean intermediate driving) - all restrictions lifted

This lesson focuses on the **Intermediate License** stage, where most teens spend a significant chunk of their early driving life.

## The Nighttime Curfew

This is the rule that catches most teens off guard. As an Intermediate License holder, you may **not drive between certain late-night and early-morning hours** unless you meet an exception:

- **Sunday through Thursday:** No driving between **10:00 PM and 6:00 AM**
- **Friday and Saturday:** No driving between **11:30 PM and 6:00 AM**

### Exceptions

You may drive during curfew hours if you are:

- Accompanied by a licensed driver who is 21 or older in the front passenger seat
- Driving to or from work (and you should keep a pay stub or schedule to prove it)
- Driving to or from a school-sponsored activity
- Driving in response to an emergency

When in doubt, don''t risk it. A late-night traffic stop can mean a citation, a restriction extension, and a serious conversation with your parents and your insurance company.

## The Cell Phone Ban

Mississippi specifically prohibits drivers under 18 with a permit or intermediate license from using a wireless communication device while driving. This includes:

- **Phone calls** - even on speakerphone
- **Texting, messaging, and email**
- **Social media** and any app interaction
- **Hands-free** is generally not a safe assumption for minors - even when adults are allowed hands-free, minors may not be

The only safe rule: **phone goes in the glove box or do-not-disturb mode** until you arrive. Emergencies (calling 911 from a stopped vehicle) are the rare exception.

For **all drivers** in Mississippi - regardless of age - **texting while driving** is illegal.

## Seat Belts and Passengers

Mississippi requires every driver and every passenger to wear a seat belt. As the driver, you can be cited if any passenger under 18 is unbuckled, and the driver is responsible for ensuring child passenger restraints meet age and weight requirements. Children under 4 must be in a child safety seat; children 4-7 must be in a booster unless they meet height/weight thresholds.

While Mississippi does not impose a strict statewide cap on the number of teen passengers an intermediate driver can carry, **distraction from peers is the single biggest crash risk for new drivers.** Keep it to one or two friends until you have real experience.

## Penalties for Violations

Violating GDL restrictions can result in:

- Fines
- Extension of your intermediate restriction period
- Suspension of your driving privileges
- Points on your driving record
- Insurance premium hikes (often the most expensive consequence)

## Building Toward the Full License

After **six months of violation-free driving** on the Intermediate License, and on or after age 16.5, you can apply for the full unrestricted license. A single GDL violation can reset that clock - so the curfew, phone, and seat belt rules really do matter.', 30, 1
);
INSERT OR REPLACE INTO quiz (id, lessonId, title, passingScore, shuffleQuestions) VALUES (
  'quiz_ms_mississippi-gdl-restrictions-in-daily-life', 'lesson_ms_mississippi-gdl-restrictions-in-daily-life', 'Mississippi GDL Restrictions Quiz', 80, 1
);
INSERT OR REPLACE INTO quiz_question (id, quizId, prompt, choices, correctIndex, explanation, ordinal) VALUES (
  'q_ms_mississippi-gdl-restrictions-in-daily-life_0', 'quiz_ms_mississippi-gdl-restrictions-in-daily-life', 'Under Mississippi''s intermediate license curfew, what is the latest you can drive on a Tuesday night without a qualifying exception?', '["9:00 PM","10:00 PM","11:30 PM","Midnight"]', 1, 'Sunday through Thursday, intermediate license holders cannot drive after 10:00 PM unless an exception applies.', 0
);
INSERT OR REPLACE INTO quiz_question (id, quizId, prompt, choices, correctIndex, explanation, ordinal) VALUES (
  'q_ms_mississippi-gdl-restrictions-in-daily-life_1', 'quiz_ms_mississippi-gdl-restrictions-in-daily-life', 'Which of these is a valid exception that allows an intermediate license holder to drive during curfew hours?', '["Driving a friend home from a party","Driving to or from work with documentation","Driving alone to pick up food","Driving for personal errands after 10 PM"]', 1, 'Driving to or from work is a recognized exception; emergencies and being accompanied by a 21+ licensed driver also qualify.', 1
);
INSERT OR REPLACE INTO quiz_question (id, quizId, prompt, choices, correctIndex, explanation, ordinal) VALUES (
  'q_ms_mississippi-gdl-restrictions-in-daily-life_2', 'quiz_ms_mississippi-gdl-restrictions-in-daily-life', 'What does Mississippi law say about cell phone use for drivers under 18?', '["Hands-free calling is always allowed","Texting is allowed at red lights","Use of wireless communication devices while driving is generally prohibited","There are no special rules for minors"]', 2, 'Drivers under 18 with a permit or intermediate license are prohibited from using wireless communication devices while driving, with narrow emergency exceptions.', 2
);
INSERT OR REPLACE INTO quiz_question (id, quizId, prompt, choices, correctIndex, explanation, ordinal) VALUES (
  'q_ms_mississippi-gdl-restrictions-in-daily-life_3', 'quiz_ms_mississippi-gdl-restrictions-in-daily-life', 'How long must you drive on a Mississippi Intermediate License (and be at least how old) before earning a full unrestricted license?', '["3 months / age 16","6 months / age 16.5","12 months / age 17","18 months / age 18"]', 1, 'Six months of violation-free intermediate driving, on or after age 16.5, qualifies you for the unrestricted license.', 3
);
INSERT OR REPLACE INTO quiz_question (id, quizId, prompt, choices, correctIndex, explanation, ordinal) VALUES (
  'q_ms_mississippi-gdl-restrictions-in-daily-life_4', 'quiz_ms_mississippi-gdl-restrictions-in-daily-life', 'Which statement about Mississippi seat belt law is correct?', '["Only the driver must wear a seat belt","Only front-seat occupants must wear a seat belt","All drivers and passengers must wear a seat belt","Seat belts are recommended but not required"]', 2, 'Mississippi requires every driver and passenger to be properly restrained, and the driver can be cited for unrestrained passengers under 18.', 4
);
INSERT OR REPLACE INTO lesson (id, moduleId, slug, title, body, estimatedSeatMinutes, ordinal) VALUES (
  'lesson_ms_mississippi-specific-rules-and-quirks', 'module_ms_overlay', 'mississippi-specific-rules-and-quirks', 'Mississippi-Specific Rules and Quirks', '# Mississippi-Specific Rules and Road Quirks

Every state has its own twist on traffic law and its own local driving culture. Mississippi is no exception. Knowing the state''s specific rules - and a few cultural quirks - will make you a safer, more confident driver and help you avoid avoidable tickets.

## Move Over Law

Mississippi''s **Move Over Law** requires drivers to change lanes away from any stopped emergency or service vehicle displaying flashing lights - police, fire, EMS, tow trucks, and utility vehicles. If you cannot safely change lanes (heavy traffic, narrow road), you must **slow down significantly** and proceed with caution.

This law exists because roadside workers are routinely struck and killed by passing traffic. Treat any flashing lights on the shoulder as a hard cue to move over a lane.

## Open Container and Alcohol Laws

Mississippi has a complicated relationship with alcohol on the road:

- **Open containers** of alcohol are prohibited for the driver, though state law historically allowed passengers to possess open containers in many situations - **but local ordinances often forbid this entirely**. When in doubt, no open alcohol in the car.
- **Zero tolerance for under-21 drivers:** Any detectable blood alcohol concentration of **0.02% or higher** is a DUI for drivers under 21.
- **Standard adult limit:** 0.08% BAC.
- **Commercial driver limit:** 0.04% BAC.

Under Mississippi''s **implied consent law**, by driving on Mississippi roads you have already consented to a breath, blood, or urine test if a law enforcement officer has probable cause. Refusing the test results in automatic license suspension - **90 days for a first refusal**, longer for repeats.

## Funeral Processions

Mississippi is one of many Southern states with strong, codified respect for funeral processions. The lead vehicle controls the procession; all vehicles in the procession typically have headlights on and may legally **proceed through red lights and stop signs** so long as the lead vehicle entered the intersection lawfully. Other drivers must **yield the right of way to a funeral procession** and may not cut into or pass the line.

## School Buses

When a school bus stops with its **red lights flashing and stop arm extended**, you must stop:

- On a **two-lane road**, traffic in **both directions** must stop
- On a **divided highway** with a physical median or barrier, only traffic traveling in the **same direction** as the bus must stop

Do not move again until the lights stop flashing and the stop arm retracts. Mississippi takes school bus violations seriously - fines are steep, and many districts now use stop-arm cameras.

## Rural Roads and Wildlife

Mississippi is largely rural. Expect:

- **Deer** crossings - especially dawn, dusk, and during fall rut (October-December)
- **Agricultural equipment** on two-lane highways - move slowly and pass only with a long clear sight line
- **Logging trucks** and **chicken/poultry trucks** - give them extra following distance
- **Unmarked county roads** with sudden surface changes from pavement to gravel

## Weather: Heat, Storms, and the Occasional Ice

- **Summer thunderstorms** drop heavy rain very quickly. Hydroplaning risk is high. If a sudden downpour reduces visibility, turn on low-beam headlights and pull off if needed.
- **Hurricanes and tropical systems** affect the Gulf Coast. Know your evacuation route if you live south of I-20.
- **Ice and snow** are rare but devastating when they hit. Mississippi has few salt trucks and many drivers have no winter-weather experience. If freezing rain is forecast, the safest choice is to stay home.

## Headlights and Wipers

Mississippi follows the rule shared with many states: **if your wipers are on, your headlights must be on.** This greatly improves your visibility to other drivers in rain and fog.

## Common Tickets to Avoid

- Speeding in small-town speed zones (limits drop quickly from 55 to 35 to 25)
- Rolling stops at rural intersections
- Failure to yield in a funeral procession
- School bus stop-arm violations
- Texting while driving (illegal for all drivers)

Drive defensively, follow the local rhythm, and treat Mississippi''s road culture - including funeral processions and slow-moving farm equipment - with respect. You will fit right in.', 30, 2
);
INSERT OR REPLACE INTO quiz (id, lessonId, title, passingScore, shuffleQuestions) VALUES (
  'quiz_ms_mississippi-specific-rules-and-quirks', 'lesson_ms_mississippi-specific-rules-and-quirks', 'Mississippi Rules and Quirks Quiz', 80, 1
);
INSERT OR REPLACE INTO quiz_question (id, quizId, prompt, choices, correctIndex, explanation, ordinal) VALUES (
  'q_ms_mississippi-specific-rules-and-quirks_0', 'quiz_ms_mississippi-specific-rules-and-quirks', 'Under Mississippi''s Move Over Law, what should you do when approaching a stopped emergency vehicle with flashing lights?', '["Maintain speed and stay in your lane","Change lanes away from the vehicle if possible, otherwise slow down significantly","Stop completely until the emergency vehicle leaves","Sound your horn to alert the emergency workers"]', 1, 'Mississippi requires drivers to change lanes away from stopped emergency or service vehicles displaying flashing lights, or slow down significantly if a lane change is not safe.', 0
);
INSERT OR REPLACE INTO quiz_question (id, quizId, prompt, choices, correctIndex, explanation, ordinal) VALUES (
  'q_ms_mississippi-specific-rules-and-quirks_1', 'quiz_ms_mississippi-specific-rules-and-quirks', 'What is the maximum legal Blood Alcohol Concentration (BAC) for a Mississippi driver under 21?', '["0.02%","0.04%","0.05%","0.08%"]', 0, 'Mississippi has zero tolerance for drivers under 21; a BAC of 0.02% or higher is a DUI.', 1
);
INSERT OR REPLACE INTO quiz_question (id, quizId, prompt, choices, correctIndex, explanation, ordinal) VALUES (
  'q_ms_mississippi-specific-rules-and-quirks_2', 'quiz_ms_mississippi-specific-rules-and-quirks', 'On a two-lane road, when a school bus stops with red lights flashing and stop arm extended, who must stop?', '["Only traffic behind the bus","Only traffic in front of the bus","Traffic in both directions","Only traffic on the same side as students"]', 2, 'On a two-lane road, traffic in both directions must stop for a school bus with red lights flashing and stop arm extended.', 2
);
INSERT OR REPLACE INTO quiz_question (id, quizId, prompt, choices, correctIndex, explanation, ordinal) VALUES (
  'q_ms_mississippi-specific-rules-and-quirks_3', 'quiz_ms_mississippi-specific-rules-and-quirks', 'What happens if you refuse a breath, blood, or urine test under Mississippi''s implied consent law (first refusal)?', '["Nothing - it is your legal right","A small fine only","Automatic license suspension (typically 90 days)","Immediate jail time without trial"]', 2, 'Refusing the test under implied consent triggers an automatic license suspension - around 90 days for a first refusal.', 3
);
INSERT OR REPLACE INTO quiz_question (id, quizId, prompt, choices, correctIndex, explanation, ordinal) VALUES (
  'q_ms_mississippi-specific-rules-and-quirks_4', 'quiz_ms_mississippi-specific-rules-and-quirks', 'Which Mississippi rule about funeral processions is correct?', '["Other drivers may pass the procession freely on a multilane road","Other drivers must yield the right of way and not cut into the procession","The procession must stop at every red light individually","Funeral processions do not have any special legal status in Mississippi"]', 1, 'Mississippi law gives funeral processions the right of way; other drivers must yield and may not cut into or pass the line of vehicles in the procession.', 4
);

-- Montana (MT)
INSERT OR REPLACE INTO rule_pack (id, jurisdiction, slug, name, maturity, createdAt) VALUES (
  'rp_mt_teen', 'US-MT', 'mt-teen', 'Montana Teen Driver Education', 'level1', unixepoch('now')*1000
);
INSERT OR REPLACE INTO rule_pack_version (id, rulePackId, version, definition, publishedAt, notes, createdAt) VALUES (
  'rpv_mt_teen_1_0_0', 'rp_mt_teen', '1.0.0', '{"credentials":[{"key":"permit_eligibility","label":"Traffic Education Learner License","deliveryMode":"manual"}],"requirements":[{"key":"classroom_hours","label":"Classroom hours","target":30,"unit":"hour"},{"key":"btw_hours","label":"Behind-the-wheel hours","target":6,"unit":"hour"},{"key":"supervised_practice_hours","label":"Supervised practice (parent log)","target":50,"unit":"hour"}],"rules":[{"key":"unlock_permit_eligibility","trigger":"enrollment.state_changed","conditions":{"jurisdiction":"US-MT","minPermitAge":14.5,"classroomHoursCompleted":{"gte":30}},"actions":[{"type":"unlock_credential","credential":"permit_eligibility"},{"type":"set_journey_state","value":"permit_eligible"}]}],"facts":{"agencyName":"Montana Motor Vehicle Division (MVD)","minPermitAge":14.5,"minLicenseAge":15,"minPermitDurationMonths":6,"nighttimeRestriction":"First six months of restricted license: no driving between 11:00 p.m. and 5:00 a.m. unless accompanied by a licensed parent/guardian or driving to/from work, school, or a school activity.","passengerRestriction":"First six months of restricted license: no more than one passenger under age 18 who is not an immediate family member. Second six months: no more than three passengers under 18 who are not immediate family members.","cellPhoneRule":"Montana does not have a statewide handheld cell phone or texting ban, but many cities (including Billings, Bozeman, Missoula, Helena, Whitefish, and Butte-Silver Bow) have local ordinances banning handheld use and/or texting while driving. Drivers with a restricted license should avoid all cell phone use while operating a vehicle.","notes":"Montana uses a Graduated Driver Licensing (GDL) system administered by the MVD (a division of the Department of Justice). Teens who complete an approved Traffic Education course may begin with a Traffic Education Learner License (TELL) at 14 years 6 months; teens who do not take traffic education must wait until age 16 for a regular learner license. After holding a permit for at least 6 months with no qualifying violations and completing 50 hours of supervised driving (10 at night), teens become eligible for a restricted (provisional) license at 15. The full unrestricted license is available at 16 (one year after the restricted license or at age 18, whichever comes first). Montana''s combination of low minimum ages and largely rural roads makes the GDL passenger and nighttime restrictions especially important.","needsReview":["Exact required classroom hours (commonly cited as 30 but verify current OPI Traffic Education standards)","Exact BTW hour requirement (commonly 6 hours, sometimes paired with 6 hours of observation)","Whether the 50-hour supervised practice requirement includes a specific night-driving subtotal (commonly cited as 10 hours)","Current official name of the permit credential (''Traffic Education Learner License'' vs ''Learner License'')","Whether MVD accepts electronic submission of the Traffic Education completion certificate or still requires a paper/in-person handoff","Exact statutory citation for nighttime and passenger restrictions (MCA 61-5-133 and related sections)"]}}', unixepoch('now')*1000, 'Generated; school must review and tweak.', unixepoch('now')*1000
);
INSERT OR REPLACE INTO content_pack (id, slug, name, scope, jurisdiction, description, createdAt) VALUES (
  'cp_mt_teen_overlay', 'mt-teen-overlay', 'Montana Teen Overlay', 'state', 'US-MT', 'Montana-specific supplement covering how to earn a Traffic Education Learner License, what the GDL restricted license really means day-to-day, and the local rules and conditions (wildlife, weather, open range, patchy cell-phone laws) that make driving in Montana different from anywhere else.', unixepoch('now')*1000
);
INSERT OR REPLACE INTO content_pack_version (id, contentPackId, version, notes, publishedAt, createdAt) VALUES (
  'cpv_mt_teen_overlay_1_0_0', 'cp_mt_teen_overlay', '1.0.0', 'Generated by per-state agent; human review required before publishing.', unixepoch('now')*1000, unixepoch('now')*1000
);
INSERT OR REPLACE INTO course (id, contentPackVersionId, slug, title, description, ordinal) VALUES (
  'course_mt_overlay', 'cpv_mt_teen_overlay_1_0_0', 'mt-overlay', 'Montana Teen Driver Overlay', 'Montana-specific supplement covering how to earn a Traffic Education Learner License, what the GDL restricted license really means day-to-day, and the local rules and conditions (wildlife, weather, open range, patchy cell-phone laws) that make driving in Montana different from anywhere else.', 0
);
INSERT OR REPLACE INTO module (id, courseId, slug, title, description, ordinal) VALUES (
  'module_mt_overlay', 'course_mt_overlay', 'mt-teen-overlay', 'Montana Teen Driver Overlay', 'Montana-specific supplement covering how to earn a Traffic Education Learner License, what the GDL restricted license really means day-to-day, and the local rules and conditions (wildlife, weather, open range, patchy cell-phone laws) that make driving in Montana different from anywhere else.', 0
);
INSERT OR REPLACE INTO lesson (id, moduleId, slug, title, body, estimatedSeatMinutes, ordinal) VALUES (
  'lesson_mt_how-to-get-a-montana-permit', 'module_mt_overlay', 'how-to-get-a-montana-permit', 'How to Get Your Montana Traffic Education Learner License', '# How to Get Your Montana Traffic Education Learner License

Montana lets teens start the licensing process earlier than many other states, but only if you go through an approved Traffic Education program. This lesson walks you through exactly what you need to do, in the right order, to get your **Traffic Education Learner License (TELL)** from the Montana Motor Vehicle Division (MVD).

## Step 1: Confirm you''re eligible

To apply for a Traffic Education Learner License you must be **at least 14 years and 6 months old** on the day you apply. If you do not enroll in an approved traffic education course, you cannot get a learner license until you turn 16. That six-month head start is the whole reason most Montana teens take driver education.

You must also be enrolled in school (or have completed school) and be making satisfactory progress. Montana requires proof that you are not a habitual truant.

## Step 2: Enroll in an approved Traffic Education course

Approved courses are offered through public high schools (overseen by the Montana Office of Public Instruction, OPI) and through commercial driving schools licensed by OPI. A complete course includes:

- **Classroom instruction** (around 30 hours of seat time on traffic law, risk awareness, vehicle systems, impairment, and Montana-specific topics).
- **Behind-the-wheel (BTW) instruction** with a certified instructor (about 6 hours of actual driving, typically paired with observation time).
- **Parent or guardian involvement**, including a parent meeting and a signed log of at-home practice.

Once you''ve enrolled, the school can issue paperwork that lets you apply for the learner license so you can start practicing with a parent between BTW sessions.

## Step 3: Gather your documents

When you visit an MVD county driver exam station, bring:

- **Proof of identity** (certified birth certificate or U.S. passport).
- **Proof of Social Security number** (Social Security card, W-2, or paystub showing the full SSN).
- **Two proofs of Montana residency** (utility bill, school record, lease, etc.) in a parent''s name is acceptable if you live with them.
- **Parent or guardian signature** on the application. A parent or legal guardian must sign in person to accept financial responsibility.
- **Traffic education enrollment verification** from your course provider.
- **Application fee** (check the current MVD fee schedule).

If you wear glasses or contacts, bring them — you''ll take a vision screening.

## Step 4: Pass the knowledge and vision tests

The knowledge test is based on the current **Montana Driver Manual**, which you can download free from the MVD website. Expect questions on right-of-way, speed limits (including Montana''s basic rule), road signs, alcohol and drug laws, and GDL restrictions. The vision screening checks acuity and peripheral vision.

## Step 5: Practice safely while you hold the permit

With your Traffic Education Learner License you can drive **only when accompanied by a licensed driver 18 or older** who is seated next to you. You must hold the permit for **at least 6 months with a clean record** (no alcohol/drug offenses, no major violations) and log **50 hours of supervised driving, including 10 hours at night**, before you''re eligible for the next step — the restricted (provisional) license at age 15.

## Common mistakes to avoid

- Showing up without **both** parents'' or guardians'' required documents.
- Letting the permit lapse — if it expires you''ll have to start over.
- Driving without your supervising adult in the front seat, even "just down the block." That ends the permit and resets the clock.
- Forgetting to log practice hours. Most schools require the log before they sign off your course completion certificate.

Driver education in Montana isn''t just a class — it''s the legal gateway to driving before 16. Treat the permit period as the most important practice time of your life.', 45, 0
);
INSERT OR REPLACE INTO quiz (id, lessonId, title, passingScore, shuffleQuestions) VALUES (
  'quiz_mt_how-to-get-a-montana-permit', 'lesson_mt_how-to-get-a-montana-permit', 'Getting Your Montana Permit', 80, 1
);
INSERT OR REPLACE INTO quiz_question (id, quizId, prompt, choices, correctIndex, explanation, ordinal) VALUES (
  'q_mt_how-to-get-a-montana-permit_0', 'quiz_mt_how-to-get-a-montana-permit', 'What is the minimum age to apply for a Traffic Education Learner License in Montana?', '["14 years 0 months","14 years 6 months","15 years 0 months","16 years 0 months"]', 1, 'Montana allows teens enrolled in an approved Traffic Education course to apply for a learner license at 14 years and 6 months. Without traffic education, you must wait until 16.', 0
);
INSERT OR REPLACE INTO quiz_question (id, quizId, prompt, choices, correctIndex, explanation, ordinal) VALUES (
  'q_mt_how-to-get-a-montana-permit_1', 'quiz_mt_how-to-get-a-montana-permit', 'Who must accompany a Traffic Education Learner License holder when they drive?', '["Any licensed driver age 16 or older","A licensed driver age 18 or older, seated next to the teen","A parent or legal guardian only","A certified driving instructor only"]', 1, 'Montana requires a licensed driver who is at least 18 years old to be seated in the front passenger seat while a learner license holder is driving.', 1
);
INSERT OR REPLACE INTO quiz_question (id, quizId, prompt, choices, correctIndex, explanation, ordinal) VALUES (
  'q_mt_how-to-get-a-montana-permit_2', 'quiz_mt_how-to-get-a-montana-permit', 'How many hours of supervised practice driving must Montana teens log before moving on to a restricted license, and how many of those must be at night?', '["30 hours total, 5 at night","40 hours total, 8 at night","50 hours total, 10 at night","100 hours total, 25 at night"]', 2, 'Montana requires 50 hours of supervised practice driving, including 10 hours at night, before a teen is eligible for the next step in the GDL process.', 2
);
INSERT OR REPLACE INTO quiz_question (id, quizId, prompt, choices, correctIndex, explanation, ordinal) VALUES (
  'q_mt_how-to-get-a-montana-permit_3', 'quiz_mt_how-to-get-a-montana-permit', 'Which of these is NOT a required document at the MVD when applying for a learner license?', '["Certified birth certificate or U.S. passport","Two proofs of Montana residency","A signed lease in the teen''s own name","A parent or guardian''s in-person signature"]', 2, 'The lease can be in the parent''s name; the teen does not need a lease in their own name. The other items are required.', 3
);
INSERT OR REPLACE INTO quiz_question (id, quizId, prompt, choices, correctIndex, explanation, ordinal) VALUES (
  'q_mt_how-to-get-a-montana-permit_4', 'quiz_mt_how-to-get-a-montana-permit', 'Minimum length of time you must hold a Montana learner license with a clean record before becoming eligible for the next license stage:', '["30 days","3 months","6 months","12 months"]', 2, 'Montana requires the learner license to be held for at least 6 months with no qualifying alcohol/drug or major traffic violations before moving on to the restricted license.', 4
);
INSERT OR REPLACE INTO lesson (id, moduleId, slug, title, body, estimatedSeatMinutes, ordinal) VALUES (
  'lesson_mt_mt-gdl-restrictions-daily-life', 'module_mt_overlay', 'mt-gdl-restrictions-daily-life', 'Montana GDL Restrictions in Daily Life', '# Montana GDL Restrictions in Daily Life

Once you upgrade from your learner license to a **restricted (provisional) license** at age 15, you can finally drive alone. But Montana''s Graduated Driver Licensing (GDL) law puts real limits on **when** you can drive and **who** you can carry. These limits aren''t just legal trivia — they show up every weekend, every late shift, and every time your friends ask for a ride.

## The two rules that matter most

### 1. The nighttime rule

During the **first six months** of holding a restricted license, you may not drive between **11:00 p.m. and 5:00 a.m.** unless one of the following is true:

- A licensed parent or legal guardian is in the front passenger seat.
- You are driving to or from work, and you have documentation (pay stub, schedule).
- You are driving to or from a school event or school-sanctioned activity.

That means "my friend''s house" or "a late movie" do **not** qualify. If you get pulled over at 11:45 p.m. coming back from a friend''s, you can be cited for a GDL violation, and the clock on your six-month restriction can restart.

### 2. The passenger rule

For the **first six months** of the restricted license, you may carry **no more than one passenger under age 18** who is not an immediate family member.

For the **second six months**, that limit increases to **no more than three passengers under age 18** who are not immediate family.

Siblings, step-siblings, and other immediate family members don''t count toward the limit, but everyone in the car must still be seat-belted.

## Why these rules exist

Crash data is brutally clear: teen drivers are several times more likely to crash with multiple teen passengers in the car, and night driving roughly doubles fatal crash risk for new drivers. Montana''s rural roads — long distances between towns, animals on the road, ice from October through April — make those risks even sharper. The GDL rules are designed to keep your highest-risk situations (late at night, distracted by friends) from happening before you have the experience to handle them.

## Real-life scenarios

- **Friday night football game ends at 10:45 p.m.** You can drive home from a school activity even past 11:00 p.m. Keep the game schedule or a coach''s note in the glove box in case you''re stopped.
- **Closing shift at a restaurant ends at midnight.** Legal — bring your work schedule or pay stub. Don''t make a side trip to get food with co-workers; that''s no longer "to or from work."
- **Three friends want a ride home from practice.** In your first six months, you can only take one non-family passenger. The others need another ride.
- **Driving your little sister and her two friends to a sleepover at 9 p.m.** Your sister doesn''t count; the two friends are two passengers under 18. In your first six months, that''s a violation.

## Seat belts, alcohol, and phones

- **Seat belts:** Everyone in the car must be belted. Montana''s seat belt law is a secondary offense for adults but is enforced strictly for GDL holders.
- **Alcohol/drugs:** Montana has a **zero-tolerance** law for drivers under 21. Any detectable alcohol (0.02% BAC or above) is a violation, which will reset your GDL clock and can suspend your license.
- **Cell phones:** Montana has no statewide handheld ban, but many Montana cities do (Billings, Bozeman, Missoula, Helena, Whitefish, and others). As a restricted license holder, treat any handheld phone use as a violation — it''s the single biggest distraction risk for new drivers.

## What happens if you break a GDL rule

A GDL violation can result in a citation, fines, and — most importantly — a **restart of the six-month restriction clock**. Two violations can extend your restricted-license period until you are 18. Insurance rates will also jump.

The restricted license is freedom with training wheels. Respect the limits and you''ll roll into a full license at 16 with a clean record.', 40, 1
);
INSERT OR REPLACE INTO quiz (id, lessonId, title, passingScore, shuffleQuestions) VALUES (
  'quiz_mt_mt-gdl-restrictions-daily-life', 'lesson_mt_mt-gdl-restrictions-daily-life', 'Living With Montana''s GDL Rules', 80, 1
);
INSERT OR REPLACE INTO quiz_question (id, quizId, prompt, choices, correctIndex, explanation, ordinal) VALUES (
  'q_mt_mt-gdl-restrictions-daily-life_0', 'quiz_mt_mt-gdl-restrictions-daily-life', 'During the first six months of a Montana restricted license, the nighttime driving ban runs from:', '["9 p.m. to 6 a.m.","10 p.m. to 5 a.m.","11 p.m. to 5 a.m.","12 a.m. to 6 a.m."]', 2, 'Montana''s GDL nighttime restriction runs from 11:00 p.m. to 5:00 a.m. during the first six months of the restricted license, with exceptions for work, school activities, and driving with a parent/guardian.', 0
);
INSERT OR REPLACE INTO quiz_question (id, quizId, prompt, choices, correctIndex, explanation, ordinal) VALUES (
  'q_mt_mt-gdl-restrictions-daily-life_1', 'quiz_mt_mt-gdl-restrictions-daily-life', 'Which of these late-night trips is allowed under the nighttime restriction without a parent in the car?', '["Driving home from a friend''s house at 11:30 p.m.","Driving home from a closing shift at work at midnight with a pay stub or schedule","Driving to a 24-hour diner at 1 a.m.","A late-night drive to clear your head"]', 1, 'Driving to or from work is an allowed exception, but you should be able to document it (pay stub, schedule). Social trips are not exceptions.', 1
);
INSERT OR REPLACE INTO quiz_question (id, quizId, prompt, choices, correctIndex, explanation, ordinal) VALUES (
  'q_mt_mt-gdl-restrictions-daily-life_2', 'quiz_mt_mt-gdl-restrictions-daily-life', 'In the FIRST six months of a Montana restricted license, how many passengers under 18 (who are not immediate family) can you carry?', '["Zero","One","Two","Three"]', 1, 'First six months: at most one non-family passenger under 18. After six months it increases to three.', 2
);
INSERT OR REPLACE INTO quiz_question (id, quizId, prompt, choices, correctIndex, explanation, ordinal) VALUES (
  'q_mt_mt-gdl-restrictions-daily-life_3', 'quiz_mt_mt-gdl-restrictions-daily-life', 'Montana''s zero-tolerance law for drivers under 21 makes it illegal to drive with a BAC of:', '["0.08% or higher","0.05% or higher","0.02% or higher","Any detectable alcohol of any amount"]', 2, 'Montana''s under-21 zero-tolerance threshold is 0.02% BAC. Above that triggers a violation and license consequences.', 3
);
INSERT OR REPLACE INTO quiz_question (id, quizId, prompt, choices, correctIndex, explanation, ordinal) VALUES (
  'q_mt_mt-gdl-restrictions-daily-life_4', 'quiz_mt_mt-gdl-restrictions-daily-life', 'What is the most likely consequence of a Montana GDL violation during the restricted-license period?', '["Nothing — GDL rules are advisory","A fine only, with no license impact","A citation, a fine, and a restart of the six-month restriction clock","Immediate permanent revocation of the license"]', 2, 'A GDL violation typically results in a citation, fine, and a reset of the six-month restriction window. Repeated violations can extend restrictions until age 18.', 4
);
INSERT OR REPLACE INTO lesson (id, moduleId, slug, title, body, estimatedSeatMinutes, ordinal) VALUES (
  'lesson_mt_montana-specific-driving-rules-and-quirks', 'module_mt_overlay', 'montana-specific-driving-rules-and-quirks', 'Montana-Specific Rules, Hazards, and Quirks', '# Montana-Specific Rules, Hazards, and Quirks

Montana drivers face conditions you simply don''t see in most other states: 70+ mph rural interstates, long stretches of road with no cell service, snow and ice for half the year, open-range cattle that genuinely have right-of-way over your bumper, and wildlife that can total a car in a single second. This lesson covers the Montana-specific rules and conditions every new driver should internalize before heading out alone.

## Speed limits and the "basic rule"

Montana''s maximum daytime speed limit is **80 mph on rural interstates** and **70 mph on most other rural highways**. In urban interstates the limit drops to **65 mph**, and on city streets the default urban speed limit is **25 mph** unless posted otherwise.

But posted limits are only the ceiling. Montana law applies a **"basic rule"**: you must drive at a speed that is **reasonable and prudent** for the conditions. In a snowstorm, on black ice, in heavy smoke from a wildfire, or behind a slow-moving farm tractor, the safe speed is well below the posted limit — and you can be cited for driving "too fast for conditions" even if you were under the sign.

## Open range and livestock on the road

Much of central and eastern Montana is **open range**, meaning livestock can lawfully roam onto highways. In open-range country, if you hit a cow, **you (or your insurance) may be liable for the value of the animal**, not the rancher. Watch for:

- **Cattle guards** in the pavement marking range boundaries.
- **"Open Range" signs** with silhouettes of cattle.
- Cows, horses, or sheep on the shoulder, especially at dawn and dusk.

Slow down, give animals a wide berth, and never assume they will move out of your way.

## Wildlife collisions

Montana is one of the highest states in the nation for animal-vehicle collisions. **Deer, elk, antelope, moose, and even bears** routinely cross highways, especially:

- **Dawn and dusk** (the highest-risk windows).
- **Fall rut season** (October–November) for deer and elk.
- **Spring** when animals move to greener pastures and follow water.

If an animal is in the road, **brake hard in a straight line** rather than swerving. Swerving causes rollovers, head-on collisions, and run-off-road crashes — usually far worse than hitting the animal. Use your **high beams** on dark rural roads when no oncoming traffic is present so you have more time to see eyeshine.

## Winter driving

From roughly October through April you should expect snow, ice, blowing snow, and rapid temperature swings. Practical rules:

- Carry a **winter survival kit**: blanket, water, snacks, jumper cables, flashlight, ice scraper, traction aid (sand or kitty litter), and a charged phone.
- Slow down well before bridges and overpasses — they freeze first.
- Use the Montana 511 system (call **511** or visit the MDT 511 website) for road conditions before any trip over 50 miles in winter.
- Don''t use cruise control on slick roads.

## Cell phone laws by city

There is **no statewide handheld or texting ban** in Montana, which surprises drivers from other states. However, many cities and counties **do** ban texting and/or handheld use, including Billings, Bozeman, Missoula, Helena, Whitefish, and Butte-Silver Bow. The rule changes as you cross a city limit sign. The safe approach: **never touch your phone while driving in Montana**, regardless of where you are.

## Move Over Law and emergency vehicles

Montana''s **Move Over Law** requires drivers to change lanes away from any stopped emergency vehicle, tow truck, or highway maintenance vehicle with flashing lights. If you can''t safely change lanes, slow down significantly. Volunteer firefighters with blue flashing lights are also covered.

## Headlights and visibility

Montana requires headlights to be on **from a half-hour after sunset to a half-hour before sunrise** and **whenever weather conditions reduce visibility** such that you can''t clearly see persons or vehicles 500 feet away. "Daytime running lights" are not the same as headlights — your taillights are off, which is dangerous in rain, snow, or smoke.

## Putting it together

Montana driving rewards drivers who plan ahead: check road conditions, slow for animals and weather, never assume the next town is close, and treat the basic-rule standard as your real speed limit. Posted signs are written for perfect conditions — and perfect conditions are rare in Montana.', 40, 2
);
INSERT OR REPLACE INTO quiz (id, lessonId, title, passingScore, shuffleQuestions) VALUES (
  'quiz_mt_montana-specific-driving-rules-and-quirks', 'lesson_mt_montana-specific-driving-rules-and-quirks', 'Montana Rules and Road Conditions', 80, 1
);
INSERT OR REPLACE INTO quiz_question (id, quizId, prompt, choices, correctIndex, explanation, ordinal) VALUES (
  'q_mt_montana-specific-driving-rules-and-quirks_0', 'quiz_mt_montana-specific-driving-rules-and-quirks', 'Montana''s maximum daytime speed limit on rural interstates is:', '["65 mph","70 mph","75 mph","80 mph"]', 3, 'Montana posts 80 mph on most rural interstate sections, with lower limits on urban interstates and other highways.', 0
);
INSERT OR REPLACE INTO quiz_question (id, quizId, prompt, choices, correctIndex, explanation, ordinal) VALUES (
  'q_mt_montana-specific-driving-rules-and-quirks_1', 'quiz_mt_montana-specific-driving-rules-and-quirks', 'Under Montana''s basic speed rule, you can be cited for driving too fast for conditions when:', '["Only when you exceed the posted speed limit","Only on interstates","When your speed is unsafe for the weather, road, or visibility — even if below the posted limit","Only when an officer measures you with radar"]', 2, 'The basic rule requires a reasonable and prudent speed for conditions. You can be cited even at speeds well below the posted limit.', 1
);
INSERT OR REPLACE INTO quiz_question (id, quizId, prompt, choices, correctIndex, explanation, ordinal) VALUES (
  'q_mt_montana-specific-driving-rules-and-quirks_2', 'quiz_mt_montana-specific-driving-rules-and-quirks', 'In Montana open-range country, if you hit livestock on the road, who is generally financially responsible for the animal?', '["The rancher, always","The state of Montana","The driver (or the driver''s insurance)","No one — the loss is uninsurable"]', 2, 'In open-range areas livestock may lawfully be on the road; the driver is generally responsible for the value of an animal they hit.', 2
);
INSERT OR REPLACE INTO quiz_question (id, quizId, prompt, choices, correctIndex, explanation, ordinal) VALUES (
  'q_mt_montana-specific-driving-rules-and-quirks_3', 'quiz_mt_montana-specific-driving-rules-and-quirks', 'The safest reaction when a deer suddenly appears in your lane on a Montana highway is to:', '["Swerve hard into the opposite lane","Swerve hard onto the shoulder","Brake firmly in a straight line and stay in your lane","Accelerate to get past it"]', 2, 'Braking in a straight line is far safer than swerving, which often causes rollovers or head-on collisions that are worse than the animal strike itself.', 3
);
INSERT OR REPLACE INTO quiz_question (id, quizId, prompt, choices, correctIndex, explanation, ordinal) VALUES (
  'q_mt_montana-specific-driving-rules-and-quirks_4', 'quiz_mt_montana-specific-driving-rules-and-quirks', 'Which statement about cell phone use while driving in Montana is correct?', '["Montana bans handheld phone use statewide for all drivers","Montana bans only texting statewide; calls are allowed","There is no statewide ban, but many cities ban handheld use and/or texting","Cell phone use is fully legal everywhere in Montana with no local restrictions"]', 2, 'Montana has no statewide handheld or texting ban, but cities like Billings, Bozeman, Missoula, Helena, and Whitefish have local ordinances. Restricted-license holders should avoid all handheld use.', 4
);

-- North Carolina (NC)
INSERT OR REPLACE INTO rule_pack (id, jurisdiction, slug, name, maturity, createdAt) VALUES (
  'rp_nc_teen', 'US-NC', 'nc-teen', 'North Carolina Teen Driver Education', 'level1', unixepoch('now')*1000
);
INSERT OR REPLACE INTO rule_pack_version (id, rulePackId, version, definition, publishedAt, notes, createdAt) VALUES (
  'rpv_nc_teen_1_0_0', 'rp_nc_teen', '1.0.0', '{"credentials":[{"key":"permit_eligibility","label":"Limited Learner Permit (Level 1)","deliveryMode":"manual"}],"requirements":[{"key":"classroom_hours","label":"Classroom hours","target":30,"unit":"hour"},{"key":"btw_hours","label":"Behind-the-wheel hours","target":6,"unit":"hour"},{"key":"supervised_practice_hours","label":"Supervised practice (parent log)","target":60,"unit":"hour"}],"rules":[{"key":"unlock_permit_eligibility","trigger":"enrollment.state_changed","conditions":{"jurisdiction":"US-NC","minPermitAge":15,"classroomHoursCompleted":{"gte":30}},"actions":[{"type":"unlock_credential","credential":"permit_eligibility"},{"type":"set_journey_state","value":"permit_eligible"}]}],"facts":{"agencyName":"North Carolina Division of Motor Vehicles (NCDMV)","minPermitAge":15,"minLicenseAge":16,"minPermitDurationMonths":12,"nighttimeRestriction":"Level 1 (Limited Learner Permit): may only drive between 5:00 a.m. and 9:00 p.m. for the first 6 months; after 6 months may drive any time with supervising driver. Level 2 (Limited Provisional License): may not drive between 9:00 p.m. and 5:00 a.m. except when driving to/from work, volunteer fire/rescue/EMS service, or with a supervising driver.","passengerRestriction":"Level 1: only the supervising driver in the front seat; other passengers limited to immediate family members or fellow students in a driver education program. Level 2: limited to no more than one passenger under age 21 who is not a member of the driver''s immediate family, unless a parent or supervising driver is in the front seat.","cellPhoneRule":"Drivers under 18 are prohibited from using any mobile phone or other wireless communications device while driving (including hands-free), except to call a parent, guardian, or spouse, or in an emergency to call 911. Texting while driving is illegal for all drivers regardless of age.","notes":"North Carolina has a three-stage Graduated Driver Licensing (GDL) program: Level 1 Limited Learner Permit (age 15), Level 2 Limited Provisional License (age 16), and Level 3 Full Provisional License (age 16.5). Driver education (classroom + BTW) is required for any applicant under 18 and is provided free of charge through public high schools, though many districts contract with private providers. A signed Driving Eligibility Certificate (DEC) is required to obtain a permit or license under age 18, certifying enrollment and satisfactory academic progress in school (the ''Lose Control, Lose Your License'' law).","needsReview":["Exact wording of Level 1 nighttime hours (5 a.m. to 9 p.m. cutoff) — verify against current NCDMV publication","Whether NC still requires 60 supervised practice hours including 10 at night, or if that figure has changed","Current DEC (Driving Eligibility Certificate) issuance process and whether any 2024-2026 statutory changes apply","Whether private driver education providers must be approved by NCDPI or NCDMV"]}}', unixepoch('now')*1000, 'Generated; school must review and tweak.', unixepoch('now')*1000
);
INSERT OR REPLACE INTO content_pack (id, slug, name, scope, jurisdiction, description, createdAt) VALUES (
  'cp_nc_teen_overlay', 'nc-teen-overlay', 'North Carolina Teen Overlay', 'state', 'US-NC', 'North Carolina-specific supplement covering the NCDMV Graduated Driver Licensing (GDL) program, the Limited Learner Permit process, NC-specific passenger and nighttime restrictions, the Driving Eligibility Certificate, and quirks like the ''Lose Control, Lose Your License'' school-attendance law.', unixepoch('now')*1000
);
INSERT OR REPLACE INTO content_pack_version (id, contentPackId, version, notes, publishedAt, createdAt) VALUES (
  'cpv_nc_teen_overlay_1_0_0', 'cp_nc_teen_overlay', '1.0.0', 'Generated by per-state agent; human review required before publishing.', unixepoch('now')*1000, unixepoch('now')*1000
);
INSERT OR REPLACE INTO course (id, contentPackVersionId, slug, title, description, ordinal) VALUES (
  'course_nc_overlay', 'cpv_nc_teen_overlay_1_0_0', 'nc-overlay', 'North Carolina Teen Driver Overlay', 'North Carolina-specific supplement covering the NCDMV Graduated Driver Licensing (GDL) program, the Limited Learner Permit process, NC-specific passenger and nighttime restrictions, the Driving Eligibility Certificate, and quirks like the ''Lose Control, Lose Your License'' school-attendance law.', 0
);
INSERT OR REPLACE INTO module (id, courseId, slug, title, description, ordinal) VALUES (
  'module_nc_overlay', 'course_nc_overlay', 'nc-teen-overlay', 'North Carolina Teen Driver Overlay', 'North Carolina-specific supplement covering the NCDMV Graduated Driver Licensing (GDL) program, the Limited Learner Permit process, NC-specific passenger and nighttime restrictions, the Driving Eligibility Certificate, and quirks like the ''Lose Control, Lose Your License'' school-attendance law.', 0
);
INSERT OR REPLACE INTO lesson (id, moduleId, slug, title, body, estimatedSeatMinutes, ordinal) VALUES (
  'lesson_nc_how-to-get-a-permit-in-north-carolina', 'module_nc_overlay', 'how-to-get-a-permit-in-north-carolina', 'How to Get Your Limited Learner Permit in North Carolina', '## Getting Your Limited Learner Permit (Level 1) in North Carolina

North Carolina uses a three-stage Graduated Driver Licensing (GDL) system. The first stage is the **Limited Learner Permit**, also called **Level 1**. You can apply as soon as you turn **15**, but several requirements have to line up before the NCDMV will hand over that permit.

### Step 1: Complete a state-approved driver education course

Before you can even apply, anyone under 18 must finish an NCDMV-approved driver education program. The standard course is:

- **30 hours of classroom instruction**
- **6 hours of behind-the-wheel (BTW) instruction** with a certified driver education instructor

Driver education is offered free of charge through North Carolina public high schools, though many districts contract delivery to private providers. When you finish, your instructor (or the school) gives you a **Driver Education Certificate (form DL-300)**. Keep this safe — it has an expiration window and you cannot get a permit without it.

### Step 2: Get a Driving Eligibility Certificate (DEC)

North Carolina is one of the few states that ties driving privileges directly to school performance. Under the **"Lose Control, Lose Your License"** law, anyone under 18 must present a **Driving Eligibility Certificate (DEC)** signed by their school principal or designee. The DEC certifies that the student is:

- Enrolled in school (or has graduated, has a GED, or meets a hardship exemption), **and**
- Making adequate academic progress, **and**
- Has not been suspended for certain disciplinary reasons within the last academic semester

The DEC is valid for **30 days** from issuance — schedule your NCDMV appointment accordingly.

### Step 3: Gather your documents

When you visit a NCDMV Driver License Office, bring:

- Your **Driver Education Certificate (DL-300)**
- Your **Driving Eligibility Certificate (DEC)**
- Proof of identity and date of birth (certified birth certificate or valid U.S. passport)
- Proof of Social Security number
- **Two** proofs of North Carolina residency (utility bill, lease, school record, etc.)
- A **parent or legal guardian** who must sign the liability statement in person
- The permit fee (currently in the low-$20 range; check NCDMV.gov for current amount)

### Step 4: Pass the tests

At the office you will take:

- A **vision screening**
- A **traffic sign identification** test
- A **25-question written knowledge test** (you must answer at least 20 correctly — 80%)

The knowledge test is drawn from the **North Carolina Driver''s Handbook**, which is free to download from NCDMV.gov. Read it cover-to-cover at least once — the questions cover right-of-way, signs and signals, alcohol law, and NC-specific GDL rules.

### Step 5: Drive on Level 1

Once you pass, your Limited Learner Permit is valid for **18 months** and you must hold it for **at least 12 months** with no convictions for moving violations in the last 6 months before you can move up to Level 2. While on Level 1 you must:

- Always drive with a **supervising driver** (parent, guardian, or person approved by parent) age 21+ who is licensed and seated in the front passenger seat
- For the **first 6 months**, drive only between **5:00 a.m. and 9:00 p.m.**
- After 6 months, you may drive any time with the supervising driver
- Log **at least 60 hours** of supervised practice (including at least 10 hours at night) before advancing to Level 2
- Have every occupant wear a seat belt

Plan your 12-month permit phase deliberately — every supervised hour counts.', 35, 0
);
INSERT OR REPLACE INTO quiz (id, lessonId, title, passingScore, shuffleQuestions) VALUES (
  'quiz_nc_how-to-get-a-permit-in-north-carolina', 'lesson_nc_how-to-get-a-permit-in-north-carolina', 'NC Limited Learner Permit Quiz', 80, 1
);
INSERT OR REPLACE INTO quiz_question (id, quizId, prompt, choices, correctIndex, explanation, ordinal) VALUES (
  'q_nc_how-to-get-a-permit-in-north-carolina_0', 'quiz_nc_how-to-get-a-permit-in-north-carolina', 'What is the minimum age to apply for a North Carolina Limited Learner Permit (Level 1)?', '["14 years old","14 years and 6 months","15 years old","16 years old"]', 2, 'North Carolina allows teens to apply for a Level 1 Limited Learner Permit beginning on their 15th birthday, provided they have completed driver education and have a valid DEC.', 0
);
INSERT OR REPLACE INTO quiz_question (id, quizId, prompt, choices, correctIndex, explanation, ordinal) VALUES (
  'q_nc_how-to-get-a-permit-in-north-carolina_1', 'quiz_nc_how-to-get-a-permit-in-north-carolina', 'How many hours of classroom and behind-the-wheel instruction does NC driver education require?', '["20 classroom + 4 BTW","30 classroom + 6 BTW","40 classroom + 8 BTW","30 classroom + 10 BTW"]', 1, 'NC''s standard driver education course requires 30 hours of classroom instruction plus 6 hours of behind-the-wheel instruction with a certified instructor.', 1
);
INSERT OR REPLACE INTO quiz_question (id, quizId, prompt, choices, correctIndex, explanation, ordinal) VALUES (
  'q_nc_how-to-get-a-permit-in-north-carolina_2', 'quiz_nc_how-to-get-a-permit-in-north-carolina', 'What is a Driving Eligibility Certificate (DEC) and how long is it valid?', '["A police clearance valid for 90 days","A school-issued certificate of enrollment and academic progress, valid for 30 days","A medical waiver valid for 1 year","A parental consent form valid indefinitely"]', 1, 'The DEC is signed by a school official under NC''s ''Lose Control, Lose Your License'' law to confirm enrollment and academic progress. It is valid for 30 days from issuance.', 2
);
INSERT OR REPLACE INTO quiz_question (id, quizId, prompt, choices, correctIndex, explanation, ordinal) VALUES (
  'q_nc_how-to-get-a-permit-in-north-carolina_3', 'quiz_nc_how-to-get-a-permit-in-north-carolina', 'During the first 6 months of holding a Level 1 permit, when may the teen driver legally drive?', '["Any time, no restriction","Only between 5:00 a.m. and 9:00 p.m.","Only between 6:00 a.m. and 10:00 p.m.","Only during daylight hours"]', 1, 'For the first 6 months on a Limited Learner Permit, NC restricts driving to the window between 5:00 a.m. and 9:00 p.m., even with a supervising driver.', 3
);
INSERT OR REPLACE INTO quiz_question (id, quizId, prompt, choices, correctIndex, explanation, ordinal) VALUES (
  'q_nc_how-to-get-a-permit-in-north-carolina_4', 'quiz_nc_how-to-get-a-permit-in-north-carolina', 'How many supervised practice hours must a Level 1 permit holder log before moving to Level 2?', '["30 hours, including 5 at night","40 hours, including 10 at night","60 hours, including 10 at night","100 hours, including 20 at night"]', 2, 'NC requires at least 60 hours of supervised driving practice, of which at least 10 must be at night, before a Level 1 driver can advance to the Level 2 Limited Provisional License.', 4
);
INSERT OR REPLACE INTO lesson (id, moduleId, slug, title, body, estimatedSeatMinutes, ordinal) VALUES (
  'lesson_nc_nc-gdl-restrictions-in-daily-life', 'module_nc_overlay', 'nc-gdl-restrictions-in-daily-life', 'Living With NC GDL Restrictions: Levels 1, 2, and 3', '## What North Carolina''s GDL Restrictions Actually Look Like Day-to-Day

The NC Graduated Driver Licensing program has three levels, and the restrictions tighten or loosen at each step. Understanding exactly what you can and cannot do — and what counts as a violation — keeps you on track for full licensure at 16.5.

### Level 1 — Limited Learner Permit (age 15+)

Level 1 is the supervised-only phase.

- **Supervisor required at all times.** A parent, legal guardian, or other adult age 21+ approved by your parent must sit in the front passenger seat. They must have a valid driver license and have held it at least 5 years.
- **Time-of-day restriction.** For the first 6 months: 5 a.m. to 9 p.m. only. After 6 months: any time, still with supervisor.
- **Passengers.** Only the supervisor in the front seat. Back-seat passengers must be **immediate family** or other **fellow driver-education students**. No carloads of friends.
- **Seat belts.** Every passenger, every seat, every trip. No exceptions.
- **Phone.** Under 18, no mobile phone use of any kind while driving (see Lesson 3).
- **Clean record.** No moving-violation convictions in the last 6 months before applying for Level 2.

### Level 2 — Limited Provisional License (age 16+)

This is when many teens think they have a "real" license — but it''s still restricted.

To qualify you must have held Level 1 for **at least 12 months**, completed your **60 supervised hours**, passed the **road test**, and presented a **fresh DEC**.

Restrictions:

- **No driving between 9:00 p.m. and 5:00 a.m.** unless: driving directly to or from work, volunteer fire/rescue/EMS service, or a supervising driver is in the front passenger seat.
- **Passenger limit.** No more than **one passenger under age 21** who is not an immediate family member — unless a parent or supervising driver is in the front seat. "Immediate family" means parents, stepparents, siblings (including half- and stepsiblings), and children.
- **Seat belts and phone rules** still apply (and the phone rule applies to all drivers under 18 regardless of level).

Real-world examples:

- Driving your little sister and one teammate to practice at 4 p.m.: **OK** (sister is immediate family; one non-family teen under 21 is the limit).
- Driving three friends from school: **violation** (too many under-21 non-family passengers).
- Coming home from a closing shift at a restaurant at 11:30 p.m. with your work apron still on: **OK** (work exception applies — keep your schedule or paystub in the car).
- Driving to a friend''s house at 10 p.m. just to hang out: **violation** (no work, no rescue, no supervisor).

### Level 3 — Full Provisional License (age 16.5+)

To qualify you must hold Level 2 for **at least 6 months**, log another **12 hours of supervised driving** (6 at night), and present another DEC. Once granted, **all GDL restrictions are lifted** — but you still:

- Cannot use a mobile phone while driving until age 18
- Must obey the .00 BAC zero-tolerance law (any detectable alcohol = DWI for under-21)
- Lose your license if convicted of certain school-related offenses (Lose Control, Lose Your License)

### Consequences of breaking a GDL restriction

A GDL violation is itself a moving violation. Conviction can:

- Reset your 6-month "clean record" requirement, delaying advancement
- Add points to your license (NC uses both DMV points and insurance points)
- Trigger a license suspension if combined with other violations

Treat the restrictions as a contract: follow them precisely for the duration, and the next level arrives on schedule.', 30, 1
);
INSERT OR REPLACE INTO quiz (id, lessonId, title, passingScore, shuffleQuestions) VALUES (
  'quiz_nc_nc-gdl-restrictions-in-daily-life', 'lesson_nc_nc-gdl-restrictions-in-daily-life', 'NC GDL Daily Restrictions Quiz', 80, 1
);
INSERT OR REPLACE INTO quiz_question (id, quizId, prompt, choices, correctIndex, explanation, ordinal) VALUES (
  'q_nc_nc-gdl-restrictions-in-daily-life_0', 'quiz_nc_nc-gdl-restrictions-in-daily-life', 'On a Level 2 Limited Provisional License, when may a teen driver drive between 9 p.m. and 5 a.m. without a supervising driver?', '["Never, no exceptions","Only on weekends","When driving to/from work or volunteer fire/rescue/EMS duties","Only with a friend in the car"]', 2, 'Level 2 permits driving during the 9 p.m.–5 a.m. window only when going directly to/from work, volunteer fire/rescue/EMS service, or with a supervising driver in the front seat.', 0
);
INSERT OR REPLACE INTO quiz_question (id, quizId, prompt, choices, correctIndex, explanation, ordinal) VALUES (
  'q_nc_nc-gdl-restrictions-in-daily-life_1', 'quiz_nc_nc-gdl-restrictions-in-daily-life', 'Under Level 2 passenger restrictions, how many non-family passengers under age 21 may ride with the teen driver (with no supervising adult in the front)?', '["Zero","One","Two","Three"]', 1, 'Level 2 limits the driver to no more than one passenger under 21 who is not an immediate family member, unless a parent or supervising driver is in the front seat.', 1
);
INSERT OR REPLACE INTO quiz_question (id, quizId, prompt, choices, correctIndex, explanation, ordinal) VALUES (
  'q_nc_nc-gdl-restrictions-in-daily-life_2', 'quiz_nc_nc-gdl-restrictions-in-daily-life', 'Who counts as ''immediate family'' for the Level 2 passenger restriction?', '["Only biological siblings","Parents, stepparents, siblings (including step/half), and children","Any relative including cousins and grandparents","Anyone living in the same household"]', 1, 'NC defines immediate family for GDL purposes as parents, stepparents, siblings (including half- and stepsiblings), and children of the driver — not cousins, grandparents, or housemates.', 2
);
INSERT OR REPLACE INTO quiz_question (id, quizId, prompt, choices, correctIndex, explanation, ordinal) VALUES (
  'q_nc_nc-gdl-restrictions-in-daily-life_3', 'quiz_nc_nc-gdl-restrictions-in-daily-life', 'How long must a teen hold the Level 2 Limited Provisional License before advancing to Level 3?', '["3 months","6 months","12 months","18 months"]', 1, 'Level 2 must be held for at least 6 months, with an additional 12 hours of supervised driving (6 at night) logged, before advancing to the Level 3 Full Provisional License at age 16.5.', 3
);
INSERT OR REPLACE INTO quiz_question (id, quizId, prompt, choices, correctIndex, explanation, ordinal) VALUES (
  'q_nc_nc-gdl-restrictions-in-daily-life_4', 'quiz_nc_nc-gdl-restrictions-in-daily-life', 'Which of the following Level 1 supervising-driver rules is correct?', '["The supervisor can sit anywhere in the car","The supervisor must be at least 18 and licensed","The supervisor must be at least 21, licensed for 5+ years, and in the front passenger seat","The supervisor only needs to be present at night"]', 2, 'On Level 1, the supervising driver must be 21 or older, hold a valid license that they''ve had for at least 5 years, and remain in the front passenger seat at all times while the permit holder drives.', 4
);
INSERT OR REPLACE INTO lesson (id, moduleId, slug, title, body, estimatedSeatMinutes, ordinal) VALUES (
  'lesson_nc_nc-specific-rules-and-quirks', 'module_nc_overlay', 'nc-specific-rules-and-quirks', 'North Carolina Rules and Quirks You Won''t Find in Other States', '## NC-Specific Rules That Trip Up New Drivers

A lot of driving law is the same coast to coast — stop at red, yield to pedestrians, signal before you turn. But North Carolina has a handful of rules and quirks that are either unique to the state or stricter than what teens see in driver education videos from elsewhere. Knowing them keeps your record clean and your license intact.

### 1. "Lose Control, Lose Your License" (the DEC law)

North Carolina is one of the most aggressive states in tying driving privileges to school behavior. Under N.C.G.S. § 20-11(n1), a driver under 18 loses their permit or license if they:

- Drop out of school, **or**
- Fail to make adequate academic progress (typically passing 70% of courses), **or**
- Are suspended for more than 10 consecutive days for specific offenses (weapons, drugs/alcohol on campus, assault on a teacher, etc.)

If the school revokes your Driving Eligibility Certificate, NCDMV will suspend your driving privilege — often for a full year. Re-earning it requires a new DEC showing you''re back in good standing.

### 2. Cell phone ban for under-18 drivers

NC General Statute § 20-137.3 prohibits drivers under 18 from using **any** mobile phone or wireless communication device while operating a vehicle — including hands-free systems, Bluetooth, and earbuds. The only exceptions are:

- Calling a parent, legal guardian, or spouse
- Calling 911 in an emergency
- The vehicle is lawfully stopped or parked

Texting while driving is illegal for **all** NC drivers under § 20-137.4A, regardless of age.

### 3. Move Over Law — and it''s broad

NC requires drivers to **change lanes** (or slow significantly if changing lanes is unsafe) when approaching any stopped vehicle on the shoulder displaying flashing lights — including law enforcement, fire, EMS, **wreckers/tow trucks**, utility vehicles, and even maintenance/construction vehicles with amber lights. Violation is a Class 2 misdemeanor and a moving violation.

### 4. Open container — including for passengers

NC''s open container law applies to the **passenger area of the vehicle**, not just the driver. An open beer in the cupholder on the passenger side is a violation against the driver. For drivers under 21, having **any** alcohol in the passenger area — open or closed — unless in the trunk or behind the rearmost upright seat is illegal.

### 5. Zero tolerance for under-21

North Carolina''s DWI threshold is 0.08% BAC for adults — but for anyone under 21, **any** detectable alcohol (a BAC above 0.00) is a per se DWI. Conviction means automatic license revocation for one year, no limited driving privilege, plus court costs and possible jail.

### 6. Headlights with wipers

Under § 20-129(a)(3), if your **windshield wipers are on continuously** because of rain, snow, sleet, or fog, your **headlights must also be on** — not parking lights, headlights. Daytime running lights do not satisfy this rule because the taillights also need to be lit.

### 7. School bus stop-arm: full stop on undivided roads

When a school bus stops with its stop arm extended on a road **without a physical median or unpaved separation**, **all** traffic in both directions must stop. On a divided highway with a median, only traffic traveling in the same direction as the bus must stop. NC has "Hannah''s Law," which created enhanced penalties for passing a stopped school bus — including felony charges if a child is struck.

### 8. Right turn on red after a complete stop

Legal at most intersections unless a sign prohibits it. The catch many teens miss: you must come to a **complete** stop (wheels not rolling) before turning, and yield to all pedestrians and cross traffic. Rolling "California stops" routinely result in tickets at camera-monitored NC intersections.

### 9. Insurance is required at the time of registration

NC is one of the strictest states for verifying continuous insurance. A lapse — even one day — triggers an automatic notice from NCDMV and can result in license plate revocation and a civil penalty. As a teen added to a parent''s policy, make sure the policy is active before you drive.', 30, 2
);
INSERT OR REPLACE INTO quiz (id, lessonId, title, passingScore, shuffleQuestions) VALUES (
  'quiz_nc_nc-specific-rules-and-quirks', 'lesson_nc_nc-specific-rules-and-quirks', 'NC-Specific Rules and Quirks Quiz', 80, 1
);
INSERT OR REPLACE INTO quiz_question (id, quizId, prompt, choices, correctIndex, explanation, ordinal) VALUES (
  'q_nc_nc-specific-rules-and-quirks_0', 'quiz_nc_nc-specific-rules-and-quirks', 'Under NC''s ''Lose Control, Lose Your License'' law, what can cause a teen to lose driving privileges?', '["Speeding tickets only","Dropping out of school, failing to make academic progress, or certain long school suspensions","Missing more than three days of school","Failing one class one time"]', 1, 'NCGS § 20-11(n1) revokes driving privileges for under-18 drivers who drop out, fail to make adequate academic progress, or are suspended for 10+ consecutive days for specific listed offenses.', 0
);
INSERT OR REPLACE INTO quiz_question (id, quizId, prompt, choices, correctIndex, explanation, ordinal) VALUES (
  'q_nc_nc-specific-rules-and-quirks_1', 'quiz_nc_nc-specific-rules-and-quirks', 'Which mobile phone use is allowed for a 17-year-old NC driver behind the wheel?', '["Hands-free Bluetooth calls to friends","Texting at a red light","Calling a parent or 911 in an emergency","Streaming music through the phone speaker"]', 2, 'NC bans all mobile phone use (including hands-free) by drivers under 18 except for calls to a parent, legal guardian, or spouse, or 911 emergency calls.', 1
);
INSERT OR REPLACE INTO quiz_question (id, quizId, prompt, choices, correctIndex, explanation, ordinal) VALUES (
  'q_nc_nc-specific-rules-and-quirks_2', 'quiz_nc_nc-specific-rules-and-quirks', 'When does NC law require your headlights (not parking lights) to be on?', '["Only between sunset and sunrise","Whenever your windshield wipers are operating continuously due to weather","Only in fog","Only on highways"]', 1, 'Under § 20-129, if your wipers are running continuously because of rain, snow, sleet, or fog, your headlights must be on — daytime running lights do not satisfy this because taillights must also be lit.', 2
);
INSERT OR REPLACE INTO quiz_question (id, quizId, prompt, choices, correctIndex, explanation, ordinal) VALUES (
  'q_nc_nc-specific-rules-and-quirks_3', 'quiz_nc_nc-specific-rules-and-quirks', 'On a two-lane road with no median, what must oncoming traffic do when a school bus stops with its stop arm extended?', '["Slow to 25 mph and proceed with caution","Continue normally, only the bus''s lane must stop","Come to a complete stop until the stop arm is retracted","Honk to alert the bus driver"]', 2, 'On roads without a physical median, all traffic in both directions must come to a complete stop. Hannah''s Law adds enhanced penalties — including potential felony charges — for passing a stopped school bus.', 3
);
INSERT OR REPLACE INTO quiz_question (id, quizId, prompt, choices, correctIndex, explanation, ordinal) VALUES (
  'q_nc_nc-specific-rules-and-quirks_4', 'quiz_nc_nc-specific-rules-and-quirks', 'What is the BAC limit for an 18-year-old NC driver?', '["0.08%","0.05%","0.02%","Any detectable alcohol (above 0.00) is a per se DWI"]', 3, 'North Carolina has a zero-tolerance law for drivers under 21: any detectable alcohol (BAC greater than 0.00) is a per se DWI, with automatic one-year license revocation and no limited driving privilege.', 4
);

-- North Dakota (ND)
INSERT OR REPLACE INTO rule_pack (id, jurisdiction, slug, name, maturity, createdAt) VALUES (
  'rp_nd_teen', 'US-ND', 'nd-teen', 'North Dakota Teen Driver Education', 'level1', unixepoch('now')*1000
);
INSERT OR REPLACE INTO rule_pack_version (id, rulePackId, version, definition, publishedAt, notes, createdAt) VALUES (
  'rpv_nd_teen_1_0_0', 'rp_nd_teen', '1.0.0', '{"credentials":[{"key":"permit_eligibility","label":"Instruction Permit","deliveryMode":"manual"}],"requirements":[{"key":"classroom_hours","label":"Classroom hours","target":30,"unit":"hour"},{"key":"btw_hours","label":"Behind-the-wheel hours","target":6,"unit":"hour"},{"key":"supervised_practice_hours","label":"Supervised practice (parent log)","target":50,"unit":"hour"}],"rules":[{"key":"unlock_permit_eligibility","trigger":"enrollment.state_changed","conditions":{"jurisdiction":"US-ND","minPermitAge":14,"classroomHoursCompleted":{"gte":30}},"actions":[{"type":"unlock_credential","credential":"permit_eligibility"},{"type":"set_journey_state","value":"permit_eligible"}]}],"facts":{"agencyName":"North Dakota Department of Transportation (NDDOT) Driver License Division","minPermitAge":14,"minLicenseAge":16,"minPermitDurationMonths":6,"nighttimeRestriction":"Restricted license holders under 16 may not drive between sunset and 5:00 a.m. unless accompanied by a licensed driver age 18 or older in the front seat, or driving to/from school or employment.","passengerRestriction":"No statewide passenger limit beyond standard seatbelt requirements; all occupants must be properly restrained. Permit holders must be accompanied by a licensed driver age 18 or older seated next to them.","cellPhoneRule":"Drivers under 18 are prohibited from using any electronic communication device (handheld or hands-free) while operating a motor vehicle, except in an emergency. All drivers are banned from texting while driving.","notes":"North Dakota allows teens to obtain an instruction permit at age 14, which is among the youngest in the nation, largely reflecting the state''s rural character and agricultural driving needs. A completed approved driver education course is required for any applicant under 16. Drivers under 16 receive a restricted Class D license with nighttime limits until age 16, when a full Class D license becomes available. Parental/guardian consent is required for any applicant under 18.","needsReview":["Exact required supervised practice hours (50 commonly cited; verify NDDOT current requirement)","Whether BTW hours are formally mandated at 6 versus recommended by curriculum providers","Current exact wording of nighttime restriction window for under-16 restricted license","Whether instruction permit holders have any explicit passenger limit beyond supervising driver requirement","Latest NDDOT fee schedule for permit and license issuance"]}}', unixepoch('now')*1000, 'Generated; school must review and tweak.', unixepoch('now')*1000
);
INSERT OR REPLACE INTO content_pack (id, slug, name, scope, jurisdiction, description, createdAt) VALUES (
  'cp_nd_teen_overlay', 'nd-teen-overlay', 'North Dakota Teen Overlay', 'state', 'US-ND', 'A North Dakota-specific supplement covering how to obtain an instruction permit at age 14, the restricted license rules that apply to drivers under 16, and the prairie-state driving realities (gravel roads, livestock, blizzards, and long rural distances) that every new ND driver should master before licensure.', unixepoch('now')*1000
);
INSERT OR REPLACE INTO content_pack_version (id, contentPackId, version, notes, publishedAt, createdAt) VALUES (
  'cpv_nd_teen_overlay_1_0_0', 'cp_nd_teen_overlay', '1.0.0', 'Generated by per-state agent; human review required before publishing.', unixepoch('now')*1000, unixepoch('now')*1000
);
INSERT OR REPLACE INTO course (id, contentPackVersionId, slug, title, description, ordinal) VALUES (
  'course_nd_overlay', 'cpv_nd_teen_overlay_1_0_0', 'nd-overlay', 'North Dakota Teen Driver Overlay', 'A North Dakota-specific supplement covering how to obtain an instruction permit at age 14, the restricted license rules that apply to drivers under 16, and the prairie-state driving realities (gravel roads, livestock, blizzards, and long rural distances) that every new ND driver should master before licensure.', 0
);
INSERT OR REPLACE INTO module (id, courseId, slug, title, description, ordinal) VALUES (
  'module_nd_overlay', 'course_nd_overlay', 'nd-teen-overlay', 'North Dakota Teen Driver Overlay', 'A North Dakota-specific supplement covering how to obtain an instruction permit at age 14, the restricted license rules that apply to drivers under 16, and the prairie-state driving realities (gravel roads, livestock, blizzards, and long rural distances) that every new ND driver should master before licensure.', 0
);
INSERT OR REPLACE INTO lesson (id, moduleId, slug, title, body, estimatedSeatMinutes, ordinal) VALUES (
  'lesson_nd_how-to-get-a-permit-in-north-dakota', 'module_nd_overlay', 'how-to-get-a-permit-in-north-dakota', 'How to Get an Instruction Permit in North Dakota', '## Earning Your North Dakota Instruction Permit

North Dakota lets teens begin the licensing process earlier than almost any other state. You can apply for an **Instruction Permit** as soon as you turn **14 years old**, a rule shaped by the state''s wide-open geography and the practical reality that many farm and ranch families rely on young drivers. Even though you can start at 14, the process still demands paperwork, parental involvement, testing, and proof that you have completed a state-approved driver education course.

### Step 1: Enroll in Approved Driver Education

If you are **under 16**, North Dakota requires you to complete an approved driver education program *before* you can be issued a Class D license. The program must include at least **30 hours of classroom instruction** and **6 hours of behind-the-wheel (BTW) training** with a certified instructor. Most students take driver education through their public or private high school, but commercial driving schools licensed by the NDDOT are also acceptable. Save your completion certificate — you will hand it to the examiner.

### Step 2: Gather Your Documents

Bring the following to a **North Dakota Driver License Site**:

- **Proof of identity** (certified birth certificate or valid passport)
- **Proof of Social Security number** (Social Security card, W-2, or pay stub)
- **Two proofs of North Dakota residency** (utility bill, school record, lease)
- A **parent or legal guardian** who will sign the application — required for anyone under 18
- Your **driver education completion certificate** (if under 16)
- The **permit fee** (currently a few dollars; confirm the latest amount on the NDDOT site)

If you want a **REAL ID-compliant** permit, the document checklist is slightly stricter — bring originals, not photocopies.

### Step 3: Pass the Knowledge and Vision Tests

At the license site you will take:

1. A **vision screening** (20/40 in at least one eye, with or without corrective lenses).
2. A **written knowledge test** covering the *North Dakota Driver License Manual* — signs, signals, right-of-way, alcohol laws, and safe driving practices.
3. A **road sign identification test**.

Study the official manual cover-to-cover; the questions are pulled directly from it. Many license sites will let you retake the test the same day or after a short waiting period if you do not pass.

### Step 4: Drive With Your Permit

Once issued, the instruction permit allows you to operate a vehicle **only when accompanied by a licensed driver age 18 or older who is seated next to you in the front seat**. You must hold the permit for a minimum of **six months** before you can apply for a license, and you must remain violation-free during that period. Use this time to log the recommended **50 hours of supervised practice**, including a portion at night and in challenging conditions — winter weather is not optional in North Dakota.

### Step 5: Move to a Restricted or Full License

At **age 15** (after holding the permit for six months and completing driver education) you can test for a **restricted Class D license**, which still carries nighttime limits. At **age 16**, those restrictions lift and you become eligible for a full Class D license.

Keep the long view: every test pass, every supervised mile, and every parent signature is a step toward independence — and toward the responsibility of safely sharing North Dakota''s roads with semis, combines, and winter ice.', 35, 0
);
INSERT OR REPLACE INTO quiz (id, lessonId, title, passingScore, shuffleQuestions) VALUES (
  'quiz_nd_how-to-get-a-permit-in-north-dakota', 'lesson_nd_how-to-get-a-permit-in-north-dakota', 'How to Get an Instruction Permit in North Dakota', 80, 1
);
INSERT OR REPLACE INTO quiz_question (id, quizId, prompt, choices, correctIndex, explanation, ordinal) VALUES (
  'q_nd_how-to-get-a-permit-in-north-dakota_0', 'quiz_nd_how-to-get-a-permit-in-north-dakota', 'What is the minimum age to apply for a North Dakota instruction permit?', '["14 years old","15 years old","15 years 6 months old","16 years old"]', 0, 'North Dakota allows applicants to obtain an instruction permit at age 14, one of the youngest permit ages in the United States.', 0
);
INSERT OR REPLACE INTO quiz_question (id, quizId, prompt, choices, correctIndex, explanation, ordinal) VALUES (
  'q_nd_how-to-get-a-permit-in-north-dakota_1', 'quiz_nd_how-to-get-a-permit-in-north-dakota', 'If you are under 16, what driver education must be completed before licensure in North Dakota?', '["No formal education required","An approved course with at least 30 hours classroom and 6 hours behind-the-wheel","Only an online theory course","A 10-hour weekend seminar"]', 1, 'Applicants under 16 must complete a state-approved driver education course that includes a minimum of 30 classroom hours and 6 hours of behind-the-wheel training.', 1
);
INSERT OR REPLACE INTO quiz_question (id, quizId, prompt, choices, correctIndex, explanation, ordinal) VALUES (
  'q_nd_how-to-get-a-permit-in-north-dakota_2', 'quiz_nd_how-to-get-a-permit-in-north-dakota', 'Who must be in the vehicle when you drive on a North Dakota instruction permit?', '["Any licensed driver age 16 or older","A licensed driver age 18 or older in the front passenger seat","A parent only","A driving instructor only"]', 1, 'Permit holders must be accompanied by a licensed driver who is at least 18 years old and seated next to them in the front seat.', 2
);
INSERT OR REPLACE INTO quiz_question (id, quizId, prompt, choices, correctIndex, explanation, ordinal) VALUES (
  'q_nd_how-to-get-a-permit-in-north-dakota_3', 'quiz_nd_how-to-get-a-permit-in-north-dakota', 'How long must a North Dakota instruction permit be held before applying for a license?', '["30 days","3 months","6 months","12 months"]', 2, 'Applicants must hold the instruction permit for at least six months before being eligible to take the road test for a Class D license.', 3
);
INSERT OR REPLACE INTO quiz_question (id, quizId, prompt, choices, correctIndex, explanation, ordinal) VALUES (
  'q_nd_how-to-get-a-permit-in-north-dakota_4', 'quiz_nd_how-to-get-a-permit-in-north-dakota', 'Which document is required at the license site for an applicant under 18?', '["A signed school report card","A parent or legal guardian signature on the application","A notarized affidavit from a teacher","An employer verification letter"]', 1, 'Any applicant under 18 must have a parent or legal guardian present to sign the application, accepting responsibility for the minor''s driving.', 4
);
INSERT OR REPLACE INTO lesson (id, moduleId, slug, title, body, estimatedSeatMinutes, ordinal) VALUES (
  'lesson_nd_north-dakota-gdl-restrictions-in-daily-life', 'module_nd_overlay', 'north-dakota-gdl-restrictions-in-daily-life', 'North Dakota GDL Restrictions in Daily Life', '## Living Under North Dakota''s Graduated Driver Licensing Rules

Holding a North Dakota license before 18 does not mean unlimited freedom. The state''s **Graduated Driver Licensing (GDL)** program gives new drivers a runway: limited privileges first, then full privileges only after demonstrated experience. Understanding exactly what you can and cannot do — and *why* — will keep your license clean and your insurance affordable.

### The Three Stages

1. **Instruction Permit (age 14+)** — drive only with a licensed adult age 18 or older in the front seat. No solo driving, ever.
2. **Restricted Class D License (age 15, after completing driver ed and holding the permit at least six months)** — you can drive alone, but with nighttime limits.
3. **Full Class D License (age 16+)** — all GDL restrictions are lifted, though traffic violations still carry steep consequences for young drivers.

### Nighttime Driving Limits

While holding a **restricted Class D license** (under 16), you may **not drive between sunset and 5:00 a.m.** unless one of the following exceptions applies:

- You are accompanied by a **licensed driver age 18 or older** in the front seat.
- You are driving **directly to or from school**.
- You are driving **directly to or from a place of employment**.

These exceptions are narrow. "Stopping by a friend''s house on the way home from work" is not protected. Officers and judges look at intent and route.

### Cell Phones and Electronic Devices

North Dakota imposes a hard rule on young drivers: **anyone under 18 is prohibited from using any electronic communication device** — handheld *or* hands-free — while operating a motor vehicle. That includes calls, texts, social media, navigation app interaction, and even music selection if it requires touching the screen. The only carve-out is a genuine emergency call to 911 or similar services.

For *all* drivers regardless of age, **texting while driving is illegal**. Penalties stack: a phone violation plus a moving violation in the same stop can trigger license suspension proceedings against a minor.

### Seat Belts and Passengers

Everyone in the vehicle must be properly restrained. While North Dakota does not impose a specific GDL passenger-count limit, you are still legally and morally responsible for every passenger you carry. Crashes involving teen drivers spike dramatically when peer passengers are present, and any seatbelt violation involving a minor passenger reflects on the driver.

### Alcohol and the Zero-Tolerance Law

North Dakota''s **zero-tolerance** law makes it illegal for anyone under 21 to drive with **any measurable alcohol** in their system. A BAC as low as 0.02 can mean license suspension. Combine that with North Dakota''s standard 0.08 DUI threshold for adults, and the rule is simple: under 21, do not drink and drive — period.

### Violations and Consequences

For drivers under 18, the NDDOT can suspend, restrict, or revoke a license for:

- Driving outside permitted hours
- Phone use violations
- Underage drinking and driving
- Accumulating points from moving violations
- Driving without the required supervising adult during the permit phase

A suspension as a teen does not just delay your full license — it can affect insurance rates for years and may be visible to employers who run driving record checks.

### Building Good Habits Early

The GDL rules are not arbitrary; they exist because teen-driver crash rates drop sharply when nighttime exposure, distraction, and alcohol risk are limited during the inexperienced years. Treat the restricted phase as a chance to build muscle memory: hands at 9 and 3, eyes scanning twelve seconds ahead, phone in the glove box, headlights on at dusk. By the time the restrictions lift at 16, those habits will be automatic.', 30, 1
);
INSERT OR REPLACE INTO quiz (id, lessonId, title, passingScore, shuffleQuestions) VALUES (
  'quiz_nd_north-dakota-gdl-restrictions-in-daily-life', 'lesson_nd_north-dakota-gdl-restrictions-in-daily-life', 'North Dakota GDL Restrictions in Daily Life', 80, 1
);
INSERT OR REPLACE INTO quiz_question (id, quizId, prompt, choices, correctIndex, explanation, ordinal) VALUES (
  'q_nd_north-dakota-gdl-restrictions-in-daily-life_0', 'quiz_nd_north-dakota-gdl-restrictions-in-daily-life', 'Under a North Dakota restricted Class D license (under 16), which is an allowed exception to the nighttime driving prohibition?', '["Driving friends home from a movie","Driving directly to or from school or employment","Driving for any reason if you stay within city limits","Driving as long as headlights are on"]', 1, 'Restricted-license drivers under 16 may drive after sunset only when accompanied by a licensed adult 18+, or when traveling directly to or from school or work.', 0
);
INSERT OR REPLACE INTO quiz_question (id, quizId, prompt, choices, correctIndex, explanation, ordinal) VALUES (
  'q_nd_north-dakota-gdl-restrictions-in-daily-life_1', 'quiz_nd_north-dakota-gdl-restrictions-in-daily-life', 'Which electronic device use is allowed for a North Dakota driver under 18?', '["Hands-free calls","Texting at a red light","Genuine emergency calls to 911","Using navigation by touching the screen"]', 2, 'Drivers under 18 are banned from all electronic communication device use, handheld or hands-free, with an exception only for legitimate emergency calls.', 1
);
INSERT OR REPLACE INTO quiz_question (id, quizId, prompt, choices, correctIndex, explanation, ordinal) VALUES (
  'q_nd_north-dakota-gdl-restrictions-in-daily-life_2', 'quiz_nd_north-dakota-gdl-restrictions-in-daily-life', 'What blood alcohol concentration can result in license suspension for a North Dakota driver under 21?', '["0.08 or higher only","0.05 or higher only","Any measurable amount, as low as 0.02","Only 0.10 or higher"]', 2, 'North Dakota''s zero-tolerance law makes it illegal for drivers under 21 to operate a vehicle with any measurable alcohol; even a BAC of 0.02 can trigger suspension.', 2
);
INSERT OR REPLACE INTO quiz_question (id, quizId, prompt, choices, correctIndex, explanation, ordinal) VALUES (
  'q_nd_north-dakota-gdl-restrictions-in-daily-life_3', 'quiz_nd_north-dakota-gdl-restrictions-in-daily-life', 'When does a North Dakota teen become eligible for a full, unrestricted Class D license?', '["At 15, after 6 months on the permit","At 16","At 17","At 18"]', 1, 'At age 16, the GDL nighttime restrictions are lifted and the driver may obtain a full Class D license.', 3
);
INSERT OR REPLACE INTO quiz_question (id, quizId, prompt, choices, correctIndex, explanation, ordinal) VALUES (
  'q_nd_north-dakota-gdl-restrictions-in-daily-life_4', 'quiz_nd_north-dakota-gdl-restrictions-in-daily-life', 'Which statement about texting in North Dakota is true?', '["Texting is legal for adults but illegal for teens","Texting while driving is illegal for all drivers regardless of age","Texting is legal if the vehicle is stopped at a stop sign","There is no statewide texting law"]', 1, 'Texting while driving is illegal for every driver in North Dakota, with additional broader electronic-device restrictions applying specifically to drivers under 18.', 4
);
INSERT OR REPLACE INTO lesson (id, moduleId, slug, title, body, estimatedSeatMinutes, ordinal) VALUES (
  'lesson_nd_north-dakota-specific-rules-and-quirks', 'module_nd_overlay', 'north-dakota-specific-rules-and-quirks', 'North Dakota-Specific Rules and Quirks', '## What Makes Driving in North Dakota Different

North Dakota''s roads carry a unique mix of long-distance interstate travel, oil-field truck traffic, agricultural equipment, wildlife, and some of the harshest winter weather in the contiguous United States. The rulebook reflects those realities. Mastering the following ND-specific points will keep you legal, safer, and far less likely to find yourself in a ditch waiting on a tow truck in a January whiteout.

### High Speed Limits — and the Discipline They Require

Many rural ND interstates post a **75 mph** speed limit, and two-lane state highways are commonly **65 or 70 mph**. Those numbers are appropriate for clear summer days, but they become dangerous when crosswinds, snow, gravel runoff, or deer enter the picture. North Dakota law is unambiguous: regardless of the posted limit, you must drive at a speed that is **reasonable and prudent** for current conditions. A ticket for "too fast for conditions" is possible even at 40 mph on an icy two-lane.

### Move Over Law

When approaching any **stopped emergency vehicle, tow truck, or maintenance vehicle** with flashing lights, you must:

- Move over one lane away from the stopped vehicle when safe, **or**
- Slow to a safe speed if moving over is not possible.

This law protects troopers, snowplow operators, EMS, and the highway maintenance crews who keep ND interstates open through brutal winters.

### Winter Driving and the 511 System

North Dakota winters routinely produce **ground blizzards**, black ice, and travel-not-advised conditions. The state operates the **ND Roads (511)** system — a website, app, and phone line — that publishes real-time road conditions categorized as *Normal*, *Caution*, *Difficult*, or *No Travel Advised*, and may include **road closures**. Driving past a posted road closure barricade is a misdemeanor and may make you liable for rescue costs. Always check 511 before any winter trip outside town.

Key winter habits expected of ND drivers:

- Carry a **winter survival kit** (blankets, food, water, candle, phone charger, shovel).
- Keep the fuel tank at least half full.
- Use **low-beam headlights in blowing snow** to reduce glare; never use high beams in whiteouts.
- If stranded, **stay with the vehicle** — disorientation in open prairie kills.

### Open-Range and Wildlife Country

Large stretches of western and central ND are **open range**, meaning livestock may legally be on or near the road. If you strike an animal that was lawfully on the highway, the liability picture is different from a fenced jurisdiction. Slow down through marked range areas.

Deer-vehicle collisions are common statewide, peaking at **dawn, dusk, and during the November rut**. If a deer crosses, expect more behind it; do not swerve violently — controlled braking in your lane is safer than a rollover in the ditch.

### Farm Equipment and Slow-Moving Vehicles

During planting and harvest, combines, tractors, and grain trucks share two-lane highways. The orange **Slow-Moving Vehicle (SMV) triangle** marks vehicles that travel **25 mph or less**. Closing speed at 70 mph is brutal — at a quarter mile away you have roughly 15 seconds before impact. Pass only with full visibility, in a legal passing zone, and only after the operator can see you.

### Snowmobiles, ATVs, and Implements

Certain rural roads permit snowmobile and ATV use along the right-of-way under specific conditions. Watch for crossings, particularly near lakes and trail systems.

### License Plates, Insurance, and Registration

North Dakota requires both **front and rear license plates** on most passenger vehicles. **Liability insurance** is mandatory; minimum limits are set by statute and proof of insurance must be carried in the vehicle and shown on request. Driving without insurance is a serious offense, especially for a young driver still on a parent''s policy.

### Headlight Use

Headlights must be on from **a half hour after sunset to a half hour before sunrise**, and **any time visibility is less than 1,000 feet** — which in a North Dakota snow squall can happen in seconds. Daytime running lights are not a substitute for full headlights when visibility drops.

Drive North Dakota''s roads with humility for the weather, respect for the equipment around you, and the long-haul mindset the prairie demands.', 30, 2
);
INSERT OR REPLACE INTO quiz (id, lessonId, title, passingScore, shuffleQuestions) VALUES (
  'quiz_nd_north-dakota-specific-rules-and-quirks', 'lesson_nd_north-dakota-specific-rules-and-quirks', 'North Dakota-Specific Rules and Quirks', 80, 1
);
INSERT OR REPLACE INTO quiz_question (id, quizId, prompt, choices, correctIndex, explanation, ordinal) VALUES (
  'q_nd_north-dakota-specific-rules-and-quirks_0', 'quiz_nd_north-dakota-specific-rules-and-quirks', 'What is the typical maximum speed limit on rural North Dakota interstates?', '["55 mph","65 mph","70 mph","75 mph"]', 3, 'Many rural North Dakota interstates are posted at 75 mph, though drivers must always reduce speed for conditions.', 0
);
INSERT OR REPLACE INTO quiz_question (id, quizId, prompt, choices, correctIndex, explanation, ordinal) VALUES (
  'q_nd_north-dakota-specific-rules-and-quirks_1', 'quiz_nd_north-dakota-specific-rules-and-quirks', 'Under North Dakota''s Move Over Law, what must you do when approaching a stopped tow truck with flashing lights?', '["Maintain speed and stay in your lane","Move over one lane if safe, or slow to a safe speed","Stop completely until the tow truck leaves","Honk to alert the tow operator"]', 1, 'The Move Over Law requires drivers to vacate the lane adjacent to a stopped emergency, tow, or maintenance vehicle when safe, and to slow down if changing lanes is not possible.', 1
);
INSERT OR REPLACE INTO quiz_question (id, quizId, prompt, choices, correctIndex, explanation, ordinal) VALUES (
  'q_nd_north-dakota-specific-rules-and-quirks_2', 'quiz_nd_north-dakota-specific-rules-and-quirks', 'What does the orange triangle on the back of a vehicle indicate?', '["Hazardous materials onboard","A Slow-Moving Vehicle that travels 25 mph or less","A learner driver","An out-of-state vehicle"]', 1, 'The orange Slow-Moving Vehicle (SMV) triangle identifies vehicles, often farm equipment, that travel at 25 mph or less.', 2
);
INSERT OR REPLACE INTO quiz_question (id, quizId, prompt, choices, correctIndex, explanation, ordinal) VALUES (
  'q_nd_north-dakota-specific-rules-and-quirks_3', 'quiz_nd_north-dakota-specific-rules-and-quirks', 'If you become stranded during a North Dakota blizzard, what is the recommended action?', '["Walk to the nearest farmhouse","Stay with your vehicle and run the engine periodically for heat","Sleep in the trunk for insulation","Start a fire next to the vehicle"]', 1, 'Authorities recommend staying with the vehicle, which is easier for rescuers to find, and running the engine periodically while keeping the exhaust pipe clear of snow.', 3
);
INSERT OR REPLACE INTO quiz_question (id, quizId, prompt, choices, correctIndex, explanation, ordinal) VALUES (
  'q_nd_north-dakota-specific-rules-and-quirks_4', 'quiz_nd_north-dakota-specific-rules-and-quirks', 'When must headlights be turned on in North Dakota beyond the standard nighttime hours?', '["Only during rain","Whenever visibility is less than 1,000 feet","Only on interstates","Only when other vehicles approach"]', 1, 'North Dakota law requires headlights any time visibility is less than 1,000 feet, in addition to the period from a half hour after sunset to a half hour before sunrise.', 4
);

-- Nebraska (NE)
INSERT OR REPLACE INTO rule_pack (id, jurisdiction, slug, name, maturity, createdAt) VALUES (
  'rp_ne_teen', 'US-NE', 'ne-teen', 'Nebraska Teen Driver Education', 'level1', unixepoch('now')*1000
);
INSERT OR REPLACE INTO rule_pack_version (id, rulePackId, version, definition, publishedAt, notes, createdAt) VALUES (
  'rpv_ne_teen_1_0_0', 'rp_ne_teen', '1.0.0', '{"credentials":[{"key":"permit_eligibility","label":"Learner''s Permit (LPD)","deliveryMode":"manual"}],"requirements":[{"key":"classroom_hours","label":"Classroom hours","target":30,"unit":"hour"},{"key":"btw_hours","label":"Behind-the-wheel hours","target":6,"unit":"hour"},{"key":"supervised_practice_hours","label":"Supervised practice (parent log)","target":50,"unit":"hour"}],"rules":[{"key":"unlock_permit_eligibility","trigger":"enrollment.state_changed","conditions":{"jurisdiction":"US-NE","minPermitAge":15,"classroomHoursCompleted":{"gte":30}},"actions":[{"type":"unlock_credential","credential":"permit_eligibility"},{"type":"set_journey_state","value":"permit_eligible"}]}],"facts":{"agencyName":"Nebraska Department of Motor Vehicles (DMV)","minPermitAge":15,"minLicenseAge":16,"minPermitDurationMonths":6,"nighttimeRestriction":"Provisional Operator''s Permit (POP) holders may not drive between midnight and 6:00 a.m. unless going to/from work or a school activity.","passengerRestriction":"During the first 6 months with a POP, the driver may not have more than one passenger under age 19 who is not an immediate family member.","cellPhoneRule":"Drivers under 18 are prohibited from using any handheld or hands-free wireless communication device while driving. Texting is banned for all drivers regardless of age.","notes":"Nebraska offers two paths to a full license: completing an approved driver education course (allows licensing at 16) or holding the LPE/LPD for the required period. The School Permit (SCP) is available at age 14 years 2 months to students in school districts of fewer than 5,000 residents who live more than 1.5 miles from school. Nebraska uses a tiered GDL with the Provisional Operator''s Permit (POP) issued at 16 before a full Class O Operator''s License is available.","needsReview":["Exact name ''Learner''s Permit (LPD)'' vs ''LPE'' - Nebraska uses LPE (Learner''s Permit for driver education students, age 15) and LPD (standard learner''s permit, age 15 with extra requirements). Confirm which to use as primary credential name.","Whether 30 classroom hours is the current state-mandated minimum for approved driver education courses (may be set by individual schools/approved providers rather than statute).","Confirm 6 hours BTW as the standard approved-course requirement.","Verify the exact 50-hour supervised practice requirement; Nebraska''s CDE (Certified Driver Education) requirements may differ from POP self-certification of practice hours.","Confirm minimum holding period of 6 months for POP applicants who did not complete driver education.","Exact School Permit (SCP) age threshold and district population limit (commonly cited as 14 years 2 months and districts under 5,000)."]}}', unixepoch('now')*1000, 'Generated; school must review and tweak.', unixepoch('now')*1000
);
INSERT OR REPLACE INTO content_pack (id, slug, name, scope, jurisdiction, description, createdAt) VALUES (
  'cp_ne_teen_overlay', 'ne-teen-overlay', 'Nebraska Teen Overlay', 'state', 'US-NE', 'A Nebraska-specific supplement covering how to get an LPE/LPD permit, how Provisional Operator''s Permit (POP) restrictions apply to daily life, and Nebraska''s unique licensing quirks like the School Permit and Farm Permit.', unixepoch('now')*1000
);
INSERT OR REPLACE INTO content_pack_version (id, contentPackId, version, notes, publishedAt, createdAt) VALUES (
  'cpv_ne_teen_overlay_1_0_0', 'cp_ne_teen_overlay', '1.0.0', 'Generated by per-state agent; human review required before publishing.', unixepoch('now')*1000, unixepoch('now')*1000
);
INSERT OR REPLACE INTO course (id, contentPackVersionId, slug, title, description, ordinal) VALUES (
  'course_ne_overlay', 'cpv_ne_teen_overlay_1_0_0', 'ne-overlay', 'Nebraska Teen Driver Overlay', 'A Nebraska-specific supplement covering how to get an LPE/LPD permit, how Provisional Operator''s Permit (POP) restrictions apply to daily life, and Nebraska''s unique licensing quirks like the School Permit and Farm Permit.', 0
);
INSERT OR REPLACE INTO module (id, courseId, slug, title, description, ordinal) VALUES (
  'module_ne_overlay', 'course_ne_overlay', 'ne-teen-overlay', 'Nebraska Teen Driver Overlay', 'A Nebraska-specific supplement covering how to get an LPE/LPD permit, how Provisional Operator''s Permit (POP) restrictions apply to daily life, and Nebraska''s unique licensing quirks like the School Permit and Farm Permit.', 0
);
INSERT OR REPLACE INTO lesson (id, moduleId, slug, title, body, estimatedSeatMinutes, ordinal) VALUES (
  'lesson_ne_how-to-get-a-nebraska-permit', 'module_ne_overlay', 'how-to-get-a-nebraska-permit', 'How to Get a Permit in Nebraska', '## Overview

Nebraska''s path to driving starts with a learner''s permit issued by the Nebraska Department of Motor Vehicles (DMV). There are actually two flavors of learner''s permit, and which one you get depends on whether you are enrolled in an approved driver education course.

### The two learner''s permits

- **Learner''s Permit for Driver Education (LPE):** Issued to students who are at least 15 years old and are currently enrolled in (or about to enroll in) an approved driver education course. You only need to pass the vision and written knowledge tests to get an LPE.
- **Learner''s Permit (LPD):** Issued to applicants who are at least 15 years old but are *not* enrolled in driver education. Same vision and knowledge tests, but the LPD must be held longer before you can move up to a Provisional Operator''s Permit (POP).

Both permits require a parent or legal guardian''s signed consent if you are under 18.

### What to bring to the DMV

Nebraska is a federal REAL ID state, so you should plan to provide:

1. **Proof of identity** — certified birth certificate or U.S. passport.
2. **Proof of Social Security number** — Social Security card, W-2, or pay stub showing the full SSN.
3. **Two proofs of Nebraska residency** — utility bill, bank statement, school enrollment letter, or similar document showing your name and Nebraska address. If you are a minor, your parent''s documents combined with a parental affidavit usually work.
4. **Parental consent form** signed in front of the DMV examiner or notarized in advance.
5. **Fees** — bring a method of payment accepted at your local office (cash, check, and most cards are typically accepted).

### The tests

- **Vision screening** — done at the counter; corrective lenses are fine and will be noted as a restriction.
- **Written knowledge test** — multiple-choice, drawn from the Nebraska Driver''s Manual. Topics include signs, signals, right-of-way, sharing the road, impaired driving laws, and Nebraska''s GDL rules. You must score at least 80% to pass.

You do *not* take a behind-the-wheel test for the learner''s permit — that comes later when you upgrade to a POP.

### After you have the permit

With either permit, you may only drive when accompanied by a licensed driver who is at least 21 years old (or a parent/guardian/spouse who is at least 19) seated in the front passenger seat. You may not use any wireless device — handheld *or* hands-free — while driving. Texting is illegal regardless of permit status.

If you are using the LPE, your time enrolled in driver education and your behind-the-wheel hours with your instructor count toward eligibility for the POP at age 16. If you are using the LPD and skipping driver education, you must hold the LPD for at least six months and self-certify 50 hours of supervised practice (including 10 nighttime hours) before applying for a POP.

### Practical tip

Most Nebraska teens choose the LPE route because it shortens the path to a license and removes the 50-hour log requirement. Confirm that your driver education provider is on the Nebraska DMV''s approved list before you enroll — only approved courses count.', 35, 0
);
INSERT OR REPLACE INTO quiz (id, lessonId, title, passingScore, shuffleQuestions) VALUES (
  'quiz_ne_how-to-get-a-nebraska-permit', 'lesson_ne_how-to-get-a-nebraska-permit', 'Nebraska Permit Basics', 80, 1
);
INSERT OR REPLACE INTO quiz_question (id, quizId, prompt, choices, correctIndex, explanation, ordinal) VALUES (
  'q_ne_how-to-get-a-nebraska-permit_0', 'quiz_ne_how-to-get-a-nebraska-permit', 'What is the minimum age to apply for a Nebraska learner''s permit (LPE or LPD)?', '["14","15","16","17"]', 1, 'Nebraska issues both the LPE and LPD beginning at age 15.', 0
);
INSERT OR REPLACE INTO quiz_question (id, quizId, prompt, choices, correctIndex, explanation, ordinal) VALUES (
  'q_ne_how-to-get-a-nebraska-permit_1', 'quiz_ne_how-to-get-a-nebraska-permit', 'Which permit is issued to a 15-year-old enrolled in an approved driver education course?', '["POP (Provisional Operator''s Permit)","LPD (Learner''s Permit)","LPE (Learner''s Permit for Driver Education)","SCP (School Permit)"]', 2, 'The LPE is specifically for students enrolled in an approved Nebraska driver education course.', 1
);
INSERT OR REPLACE INTO quiz_question (id, quizId, prompt, choices, correctIndex, explanation, ordinal) VALUES (
  'q_ne_how-to-get-a-nebraska-permit_2', 'quiz_ne_how-to-get-a-nebraska-permit', 'If a Nebraska teen does NOT take driver education, how long must they hold an LPD and how many supervised practice hours are required?', '["3 months and 25 hours","6 months and 50 hours (10 at night)","12 months and 100 hours","No minimum holding period; no hours required"]', 1, 'Without driver education, Nebraska requires a 6-month LPD holding period and 50 logged supervised hours, including 10 at night.', 2
);
INSERT OR REPLACE INTO quiz_question (id, quizId, prompt, choices, correctIndex, explanation, ordinal) VALUES (
  'q_ne_how-to-get-a-nebraska-permit_3', 'quiz_ne_how-to-get-a-nebraska-permit', 'When driving with a Nebraska learner''s permit, who must accompany you in the front passenger seat?', '["Any licensed driver, any age","A licensed driver at least 21 (or parent/guardian/spouse at least 19)","A driving instructor only","No supervisor is required during daylight"]', 1, 'Nebraska requires a licensed driver age 21+ in the front seat, or an immediate family member age 19+.', 3
);
INSERT OR REPLACE INTO quiz_question (id, quizId, prompt, choices, correctIndex, explanation, ordinal) VALUES (
  'q_ne_how-to-get-a-nebraska-permit_4', 'quiz_ne_how-to-get-a-nebraska-permit', 'What score is required to pass Nebraska''s written knowledge test?', '["70%","75%","80%","90%"]', 2, 'Nebraska requires at least 80% on the written knowledge test.', 4
);
INSERT OR REPLACE INTO lesson (id, moduleId, slug, title, body, estimatedSeatMinutes, ordinal) VALUES (
  'lesson_ne_ne-gdl-restrictions-daily-life', 'module_ne_overlay', 'ne-gdl-restrictions-daily-life', 'Nebraska GDL Restrictions in Daily Life', '## The Provisional Operator''s Permit (POP)

Once a Nebraska teen turns 16 and meets the permit and practice requirements, they upgrade to a Provisional Operator''s Permit (POP). The POP looks like a regular driver''s license, but it carries several restrictions that shape what driving looks like day-to-day until you turn 18 (or until you''ve held the POP for 12 months without violations and qualify for early restriction lifting in some cases).

### Nighttime driving

POP holders may not drive between **midnight and 6:00 a.m.** This window covers most late-night social activity. The only built-in exceptions are:

- Driving to or from work (with documentation in the vehicle).
- Driving to or from a school-sponsored activity (with documentation).
- Driving in an emergency.

"Documentation" usually means a note from your employer or school, signed and dated, that you carry in the car. A friend''s house, a movie that ran late, or hanging out at a 24-hour diner is *not* an exception — and "I was on my way home" is not a valid defense if it''s after midnight.

### Passenger limits

For the **first 6 months** with a POP, you may not transport more than one passenger under age 19 who is not a member of your immediate family. "Immediate family" includes siblings, step-siblings, and children of the driver. This is the rule that most often surprises new drivers — carpooling four friends to football practice is illegal, even if everyone has parental permission.

After 6 violation-free months, the passenger restriction lifts and you can drive a normal car-full of friends.

### Phones and devices

Nebraska prohibits drivers **under 18** from using any wireless communication device while driving — that includes *hands-free* setups. Bluetooth, speakerphone, voice-to-text, and dash-mounted phone use are all off limits. Adults can use hands-free, but minors cannot. **Texting is illegal for everyone, regardless of age.** Cell phone violations for POP holders can trigger license suspension and reset the clean-record clock.

### Seat belts and passengers

Nebraska is a primary seat-belt state for front-seat occupants and a secondary law for back-seat passengers age 18+, but for POP holders the safe assumption is: everyone buckled, every trip. Carrying an unrestrained passenger under 18 can result in a citation for the driver.

### Consequences of violations

Getting cited while on a POP doesn''t just mean a ticket. Each conviction adds points to your license. Accumulate too many points within a rolling period and the DMV will suspend your driving privileges. A suspension while you are still a POP holder usually restarts the 12-month clean-record period you need to qualify for an unrestricted Class O Operator''s License before age 18.

### Living with the rules

The practical takeaway: plan ahead. Know who is in your car, know what time it is, and put your phone in the glove box. A POP is a privilege the state can revoke at any time, and the GDL rules exist because crash data shows that nighttime driving, peer passengers, and phone use are the three biggest killers of teen drivers.', 30, 1
);
INSERT OR REPLACE INTO quiz (id, lessonId, title, passingScore, shuffleQuestions) VALUES (
  'quiz_ne_ne-gdl-restrictions-daily-life', 'lesson_ne_ne-gdl-restrictions-daily-life', 'Nebraska GDL in Practice', 80, 1
);
INSERT OR REPLACE INTO quiz_question (id, quizId, prompt, choices, correctIndex, explanation, ordinal) VALUES (
  'q_ne_ne-gdl-restrictions-daily-life_0', 'quiz_ne_ne-gdl-restrictions-daily-life', 'What are the nighttime driving hours restricted for Nebraska POP holders?', '["9 p.m. to 5 a.m.","10 p.m. to 6 a.m.","11 p.m. to 5 a.m.","Midnight to 6 a.m."]', 3, 'POP holders may not drive between midnight and 6:00 a.m. except for work, school activities, or emergencies.', 0
);
INSERT OR REPLACE INTO quiz_question (id, quizId, prompt, choices, correctIndex, explanation, ordinal) VALUES (
  'q_ne_ne-gdl-restrictions-daily-life_1', 'quiz_ne_ne-gdl-restrictions-daily-life', 'During the first 6 months on a POP, how many non-family passengers under 19 may a driver carry?', '["None","One","Two","No limit"]', 1, 'Only one non-immediate-family passenger under age 19 is allowed during the first 6 months.', 1
);
INSERT OR REPLACE INTO quiz_question (id, quizId, prompt, choices, correctIndex, explanation, ordinal) VALUES (
  'q_ne_ne-gdl-restrictions-daily-life_2', 'quiz_ne_ne-gdl-restrictions-daily-life', 'Which phone use is legal for a 17-year-old POP holder while driving in Nebraska?', '["Handheld voice call","Hands-free Bluetooth call","Texting at a red light","None of the above"]', 3, 'Drivers under 18 cannot use ANY wireless device while driving — handheld or hands-free — and texting is banned for all drivers.', 2
);
INSERT OR REPLACE INTO quiz_question (id, quizId, prompt, choices, correctIndex, explanation, ordinal) VALUES (
  'q_ne_ne-gdl-restrictions-daily-life_3', 'quiz_ne_ne-gdl-restrictions-daily-life', 'Which of these is a valid exception to the POP nighttime driving rule?', '["Driving home from a friend''s party","Driving home from a documented work shift","Driving to a 24-hour fast food restaurant","Giving a sibling a ride home from a movie"]', 1, 'Driving to or from work is a permitted exception, but you should carry documentation from your employer.', 3
);
INSERT OR REPLACE INTO quiz_question (id, quizId, prompt, choices, correctIndex, explanation, ordinal) VALUES (
  'q_ne_ne-gdl-restrictions-daily-life_4', 'quiz_ne_ne-gdl-restrictions-daily-life', 'Who counts as "immediate family" for the POP passenger restriction?', '["Cousins and close friends","Anyone who lives in your house","Siblings, step-siblings, and the driver''s children","Only biological siblings"]', 2, 'Nebraska defines immediate family for this rule as siblings, step-siblings, and the driver''s own children.', 4
);
INSERT OR REPLACE INTO lesson (id, moduleId, slug, title, body, estimatedSeatMinutes, ordinal) VALUES (
  'lesson_ne_ne-rules-and-quirks', 'module_ne_overlay', 'ne-rules-and-quirks', 'Nebraska-Specific Rules and Quirks', '## Nebraska is not just GDL

Beyond the standard learner''s permit and POP, Nebraska has two unusual permit types that reflect the state''s large rural population and agricultural economy. If you grew up in eastern Lincoln or Omaha you may never encounter them, but every Nebraska driver should know they exist because they share the road with you.

### The School Permit (SCP)

The School Permit lets a student as young as **14 years 2 months** drive to and from school and school-sponsored events. The catch: it is only available to students who:

- Attend a school in a school district with **fewer than 5,000 residents** (effectively, rural districts).
- Live **more than 1.5 miles** from the school they attend.
- Have completed an approved driver education course **and** passed the regular knowledge and skills tests.

SCP holders can drive **only on the most direct route** between home and school (or a school event), and only during reasonable hours related to the school activity. They cannot run errands, drive friends to the mall, or use the car for non-school purposes. SCP holders are also subject to the same phone ban as POP holders.

### The Farm Permit (LPF)

Issued at age **14**, the Farm Permit allows a teen to drive to and from a farm or ranch owned, operated, or leased by their parent or guardian. Like the SCP, it is tightly scoped to its purpose. It exists because Nebraska agriculture often depends on family labor across long rural distances.

### Real ID and license formats

Nebraska driver''s licenses and POPs issued to minors are printed in a **vertical (portrait) orientation** — a deliberate cue to bartenders, retailers, and TSA agents that the holder is under 21. Once you turn 21, your replacement license switches to horizontal. Nebraska is a Real ID-compliant state and offers both Real ID and standard licenses; Real ID requires the documentation listed in lesson 1.

### Move Over Law

Nebraska''s Move Over Law requires drivers to change lanes away from any stopped emergency vehicle, tow truck, utility vehicle, or maintenance vehicle with flashing lights. If a lane change is not possible (two-lane road, traffic), slow to a reasonable speed below the posted limit. Violations are a fine plus points on your license.

### Implied consent and zero tolerance

By driving in Nebraska you have given **implied consent** to chemical testing if a peace officer has reasonable suspicion of impairment. Refusing a test is itself a separate offense with its own penalty. Nebraska enforces **zero tolerance** for drivers under 21: a BAC of **0.02% or higher** is a per se violation, far below the 0.08% adult threshold. For POP holders, even a first zero-tolerance offense usually results in license revocation.

### Weather and rural hazards

Nebraska weather is a real driving variable. Winter brings blowing snow and black ice, particularly on rural highways and overpasses. Spring and summer bring severe thunderstorms, hail, and occasional tornado warnings. The state also has a high deer-vehicle collision rate, especially at dawn and dusk in October and November. Slow down, scan the shoulders, and remember that swerving for a deer often causes worse crashes than hitting it.

### Headlight law

Nebraska requires headlights to be on from sunset to sunrise, **and** any time visibility is less than 200 feet (rain, fog, snow, dust). Daytime running lights alone do not satisfy this requirement — your tail lights also need to be on.', 30, 2
);
INSERT OR REPLACE INTO quiz (id, lessonId, title, passingScore, shuffleQuestions) VALUES (
  'quiz_ne_ne-rules-and-quirks', 'lesson_ne_ne-rules-and-quirks', 'Nebraska Quirks and Specifics', 80, 1
);
INSERT OR REPLACE INTO quiz_question (id, quizId, prompt, choices, correctIndex, explanation, ordinal) VALUES (
  'q_ne_ne-rules-and-quirks_0', 'quiz_ne_ne-rules-and-quirks', 'What is the minimum age for a Nebraska School Permit (SCP)?', '["14 years exactly","14 years 2 months","15 years","15 years 6 months"]', 1, 'Nebraska issues the School Permit beginning at age 14 years and 2 months for eligible rural students.', 0
);
INSERT OR REPLACE INTO quiz_question (id, quizId, prompt, choices, correctIndex, explanation, ordinal) VALUES (
  'q_ne_ne-rules-and-quirks_1', 'quiz_ne_ne-rules-and-quirks', 'Nebraska''s zero-tolerance BAC limit for drivers under 21 is:', '["0.00%","0.02%","0.05%","0.08%"]', 1, 'Nebraska''s per se under-21 limit is 0.02% BAC, well below the 0.08% adult standard.', 1
);
INSERT OR REPLACE INTO quiz_question (id, quizId, prompt, choices, correctIndex, explanation, ordinal) VALUES (
  'q_ne_ne-rules-and-quirks_2', 'quiz_ne_ne-rules-and-quirks', 'Why are Nebraska driver''s licenses for people under 21 printed in vertical (portrait) format?', '["It''s cheaper to print","To make age verification easy at a glance for retailers and TSA","Because they double as student IDs","It''s a federal requirement for all states"]', 1, 'The vertical layout is a visual cue that the holder is under 21.', 2
);
INSERT OR REPLACE INTO quiz_question (id, quizId, prompt, choices, correctIndex, explanation, ordinal) VALUES (
  'q_ne_ne-rules-and-quirks_3', 'quiz_ne_ne-rules-and-quirks', 'Under Nebraska''s Move Over Law, what must a driver do when approaching a stopped emergency or maintenance vehicle with flashing lights?', '["Stop completely until the vehicle leaves","Honk to warn the workers","Move to a non-adjacent lane, or slow significantly if no lane change is possible","Maintain speed and stay alert"]', 2, 'Drivers must move over a lane when safe, or slow down significantly if changing lanes is not possible.', 3
);
INSERT OR REPLACE INTO quiz_question (id, quizId, prompt, choices, correctIndex, explanation, ordinal) VALUES (
  'q_ne_ne-rules-and-quirks_4', 'quiz_ne_ne-rules-and-quirks', 'Nebraska law requires headlights to be on from sunset to sunrise and any time visibility drops below:', '["100 feet","200 feet","500 feet","1,000 feet"]', 1, 'Headlights (not just daytime running lights) are required whenever visibility is less than 200 feet.', 4
);

-- New Hampshire (NH)
INSERT OR REPLACE INTO rule_pack (id, jurisdiction, slug, name, maturity, createdAt) VALUES (
  'rp_nh_teen', 'US-NH', 'nh-teen', 'New Hampshire Teen Driver Education', 'level1', unixepoch('now')*1000
);
INSERT OR REPLACE INTO rule_pack_version (id, rulePackId, version, definition, publishedAt, notes, createdAt) VALUES (
  'rpv_nh_teen_1_0_0', 'rp_nh_teen', '1.0.0', '{"credentials":[{"key":"permit_eligibility","label":"Youth Operator License (no learner permit issued by the state)","deliveryMode":"manual"}],"requirements":[{"key":"classroom_hours","label":"Classroom hours","target":30,"unit":"hour"},{"key":"btw_hours","label":"Behind-the-wheel hours","target":10,"unit":"hour"},{"key":"supervised_practice_hours","label":"Supervised practice (parent log)","target":40,"unit":"hour"}],"rules":[{"key":"unlock_permit_eligibility","trigger":"enrollment.state_changed","conditions":{"jurisdiction":"US-NH","minPermitAge":15.5,"classroomHoursCompleted":{"gte":30}},"actions":[{"type":"unlock_credential","credential":"permit_eligibility"},{"type":"set_journey_state","value":"permit_eligible"}]}],"facts":{"agencyName":"New Hampshire Division of Motor Vehicles (NH DMV)","minPermitAge":15.5,"minLicenseAge":16,"minPermitDurationMonths":0,"nighttimeRestriction":"Drivers under 18 may not drive between 1:00 a.m. and 4:00 a.m. unless accompanied by a parent or guardian, or for employment, school, or emergency purposes.","passengerRestriction":"During the first 6 months after licensing, drivers under 18 may not transport more than one passenger under age 25 unless a licensed adult 25+ is in the vehicle, or passengers are immediate family.","cellPhoneRule":"All handheld electronic device use (calls, texting) is prohibited while driving for drivers under 18. New Hampshire also bans handheld phone use for all drivers.","notes":"New Hampshire is unusual: the state does NOT issue a traditional learner permit. Teens under 18 must complete a state-approved driver education course (30 hrs classroom, 10 hrs behind-the-wheel, 6 hrs observation) before they can be licensed. They practice driving under the supervision of a licensed driver 25+ using only their driver-education enrollment as authorization. After course completion and 40 hours of parent-supervised practice (10 at night), they may apply for a Youth Operator License at age 16. New Hampshire is one of the few states with no mandatory road test for adults 18+, but teen applicants must pass a road test administered by the DMV.","needsReview":["Exact passenger restriction wording and family exemption details","Whether the 1 a.m. to 4 a.m. curfew has been updated recently","Confirmation that NH still does not issue a learner permit document","Exact required observation hours (6) vs behind-the-wheel hours (10) split","Whether the 40-hour supervised practice requirement is statutory or recommended"]}}', unixepoch('now')*1000, 'Generated; school must review and tweak.', unixepoch('now')*1000
);
INSERT OR REPLACE INTO content_pack (id, slug, name, scope, jurisdiction, description, createdAt) VALUES (
  'cp_nh_teen_overlay', 'nh-teen-overlay', 'New Hampshire Teen Overlay', 'state', 'US-NH', 'New Hampshire-specific driver education content covering the state''s unique no-permit licensing pathway, Graduated Driver Licensing restrictions for Youth Operator License holders, and quirks of driving in the Granite State.', unixepoch('now')*1000
);
INSERT OR REPLACE INTO content_pack_version (id, contentPackId, version, notes, publishedAt, createdAt) VALUES (
  'cpv_nh_teen_overlay_1_0_0', 'cp_nh_teen_overlay', '1.0.0', 'Generated by per-state agent; human review required before publishing.', unixepoch('now')*1000, unixepoch('now')*1000
);
INSERT OR REPLACE INTO course (id, contentPackVersionId, slug, title, description, ordinal) VALUES (
  'course_nh_overlay', 'cpv_nh_teen_overlay_1_0_0', 'nh-overlay', 'New Hampshire Teen Driver Overlay', 'New Hampshire-specific driver education content covering the state''s unique no-permit licensing pathway, Graduated Driver Licensing restrictions for Youth Operator License holders, and quirks of driving in the Granite State.', 0
);
INSERT OR REPLACE INTO module (id, courseId, slug, title, description, ordinal) VALUES (
  'module_nh_overlay', 'course_nh_overlay', 'nh-teen-overlay', 'New Hampshire Teen Driver Overlay', 'New Hampshire-specific driver education content covering the state''s unique no-permit licensing pathway, Graduated Driver Licensing restrictions for Youth Operator License holders, and quirks of driving in the Granite State.', 0
);
INSERT OR REPLACE INTO lesson (id, moduleId, slug, title, body, estimatedSeatMinutes, ordinal) VALUES (
  'lesson_nh_how-to-get-licensed-in-new-hampshire', 'module_nh_overlay', 'how-to-get-licensed-in-new-hampshire', 'How to Get Licensed in New Hampshire (No Permit Required)', '## New Hampshire Does Things Differently

If you''ve talked to friends in Massachusetts, Vermont, or Maine about getting their learner permit, you may be surprised to learn that **New Hampshire does not issue a learner permit to teens**. The Granite State is one of the only states in the country with this approach. Instead, your enrollment in a state-approved driver education program acts as your authorization to practice driving under supervision.

This lesson walks you through the full path from "I want to drive" to holding a Youth Operator License (YOL) in your wallet.

## Step 1: Enroll in Driver Education at Age 15 1/2

You can begin a state-approved driver education course as early as **age 15 years and 6 months**. The course must be approved by the New Hampshire Department of Education and meet these minimums:

- **30 hours of classroom instruction** (this can be in-person or, increasingly, online with a state-approved provider)
- **10 hours of behind-the-wheel (BTW) instruction** with a certified instructor
- **6 hours of in-car observation** while another student drives

Once you enroll, your school will register you with the state and you will receive documentation showing you are an active driver education student. **This is what authorizes you to practice drive** with a supervising adult.

## Step 2: Practice with a Licensed Adult 25 or Older

While enrolled, you may drive any time of day with a licensed driver **25 years of age or older** in the front passenger seat. New Hampshire law requires you to complete at least **40 hours of supervised practice driving**, with **10 of those hours at night**, before applying for your license.

Your parent or guardian must sign a log verifying these practice hours. Keep this log carefully — you''ll submit it when you apply for your Youth Operator License.

## Step 3: Turn 16 and Complete Driver Education

You must be **at least 16 years old** AND have completed all driver education requirements before you can be licensed. There is no minimum waiting period after course completion (unlike states that require holding a permit for 6–12 months).

## Step 4: Pass the Knowledge and Road Tests

At your local DMV office, you will:

1. Present your driver education certificate of completion
2. Present your 40-hour parental log (signed by parent or guardian)
3. Show proof of identity, residency, and your Social Security number
4. Have a parent or guardian sign the financial responsibility form (they are legally liable for your driving until age 18)
5. Pass a **vision screening**
6. Pass a **written knowledge test** based on the NH Driver Manual
7. Pass an **on-road driving test** administered by a DMV examiner

## Step 5: Receive Your Youth Operator License

If you pass everything, you will be issued a **Youth Operator License**. This is your real license — you may drive alone — but it comes with the Graduated Driver Licensing (GDL) restrictions covered in Lesson 2.

## What You Will Pay

Expect to budget for: driver education tuition (varies by school), the road test fee, and the license issuance fee. Your driving school will give you an itemized breakdown before you enroll.

## Common Mistakes to Avoid

- **Driving alone before you are licensed.** Your enrollment authorizes supervised practice only.
- **Practicing with a supervisor under 25.** NH requires the supervising driver to be at least 25.
- **Forgetting the practice log.** Without 40 documented hours (10 at night), the DMV will turn you away on test day.
- **Assuming the course alone is enough.** You must also pass the DMV knowledge and road tests.', 45, 0
);
INSERT OR REPLACE INTO quiz (id, lessonId, title, passingScore, shuffleQuestions) VALUES (
  'quiz_nh_how-to-get-licensed-in-new-hampshire', 'lesson_nh_how-to-get-licensed-in-new-hampshire', 'How to Get Licensed in New Hampshire — Check Your Knowledge', 80, 1
);
INSERT OR REPLACE INTO quiz_question (id, quizId, prompt, choices, correctIndex, explanation, ordinal) VALUES (
  'q_nh_how-to-get-licensed-in-new-hampshire_0', 'quiz_nh_how-to-get-licensed-in-new-hampshire', 'What document does New Hampshire issue to teens before their full license?', '["A standard learner permit, valid for 12 months","A junior operator permit issued at age 14","Nothing — NH does not issue a learner permit; enrollment in driver education authorizes supervised practice","A provisional license issued at 15"]', 2, 'New Hampshire is unusual in not issuing a learner permit. Enrollment in a state-approved driver education course serves as authorization to practice drive with a qualified adult.', 0
);
INSERT OR REPLACE INTO quiz_question (id, quizId, prompt, choices, correctIndex, explanation, ordinal) VALUES (
  'q_nh_how-to-get-licensed-in-new-hampshire_1', 'quiz_nh_how-to-get-licensed-in-new-hampshire', 'What is the minimum age to begin driver education in New Hampshire?', '["14 years old","15 years old","15 years and 6 months","16 years old"]', 2, 'Teens may enroll in a state-approved driver education course at age 15 years and 6 months.', 1
);
INSERT OR REPLACE INTO quiz_question (id, quizId, prompt, choices, correctIndex, explanation, ordinal) VALUES (
  'q_nh_how-to-get-licensed-in-new-hampshire_2', 'quiz_nh_how-to-get-licensed-in-new-hampshire', 'What is the minimum age of a supervising driver when a NH teen is practicing?', '["18 years old","21 years old","25 years old","Any licensed driver in the front seat"]', 2, 'The supervising driver must be licensed and at least 25 years old, seated in the front passenger seat.', 2
);
INSERT OR REPLACE INTO quiz_question (id, quizId, prompt, choices, correctIndex, explanation, ordinal) VALUES (
  'q_nh_how-to-get-licensed-in-new-hampshire_3', 'quiz_nh_how-to-get-licensed-in-new-hampshire', 'How many hours of supervised practice driving must a NH teen complete before licensing?', '["20 hours, with 5 at night","30 hours, with 6 at night","40 hours, with 10 at night","50 hours, with 15 at night"]', 2, 'New Hampshire requires 40 hours of parent-supervised practice driving, with at least 10 of those hours after dark.', 3
);
INSERT OR REPLACE INTO quiz_question (id, quizId, prompt, choices, correctIndex, explanation, ordinal) VALUES (
  'q_nh_how-to-get-licensed-in-new-hampshire_4', 'quiz_nh_how-to-get-licensed-in-new-hampshire', 'What is the earliest age a teen may be issued a Youth Operator License in NH?', '["15 1/2","16","16 1/2","17"]', 1, 'A teen must be at least 16 years old AND have completed driver education and required practice hours to receive the Youth Operator License.', 4
);
INSERT OR REPLACE INTO lesson (id, moduleId, slug, title, body, estimatedSeatMinutes, ordinal) VALUES (
  'lesson_nh_nh-gdl-restrictions-daily-life', 'module_nh_overlay', 'nh-gdl-restrictions-daily-life', 'Living Under the NH Youth Operator License: GDL Restrictions', '## You Got Your License — Now What?

Receiving your Youth Operator License (YOL) is a big milestone, but in New Hampshire your license comes with **Graduated Driver Licensing (GDL)** restrictions that apply until your 18th birthday. These rules exist because crash data shows that newly licensed teens are dramatically more likely to be involved in a serious crash during their first year of solo driving, especially at night and with friends in the car.

This lesson explains what you can and cannot do, how those rules affect your everyday life, and what happens if you break them.

## The Nighttime Curfew

**Between 1:00 a.m. and 4:00 a.m.**, drivers under 18 may not operate a motor vehicle unless they are:

- Accompanied by a parent or legal guardian, OR
- Driving to or from work, OR
- Driving to or from a school-sanctioned event, OR
- Responding to a bona fide emergency

For most teens, this means coming home from a late movie or a friend''s house before 1 a.m. — or arranging a different ride. The curfew lifts on your 18th birthday.

## The Passenger Restriction (First 6 Months)

For the **first 6 months** after you receive your YOL, you may not transport **more than one passenger under age 25** unless one of the following is true:

- A licensed driver age 25 or older is in the vehicle with you, OR
- The additional passengers are members of your immediate family (parents, siblings)

This is the rule most teens find inconvenient — you can''t pile four friends into the car to head to a concert during your first six months. The data is unambiguous: each additional teen passenger sharply increases crash risk for new drivers.

## Cell Phones and Electronic Devices

For drivers under 18, **all use of a handheld electronic communication device is prohibited while driving** — this includes calls, texting, social media, GPS adjustments, and music app fiddling. Even a Bluetooth-connected hands-free conversation is discouraged.

Additionally, New Hampshire''s general **handheld ban applies to drivers of all ages**: you must use hands-free technology to make calls. Holding your phone while driving is a primary offense, meaning an officer can pull you over for that alone.

If you need to use your phone for navigation, set the route **before you start driving** and mount the phone where you don''t have to hold it.

## Seat Belts

New Hampshire is the only state in the U.S. without a mandatory adult seat belt law — but **everyone under age 18 is required to wear one**, no matter where they are seated in the vehicle. This applies to you and every passenger under 18 in your car.

## What Happens If You Violate a GDL Rule?

Violations of the YOL restrictions can result in:

- Fines
- **License suspension** — typically 20 days for a first conviction, longer for subsequent ones
- Demerit points on your record (which can also raise insurance premiums significantly)
- Required reinstatement fees and possible re-testing

A suspension is reported to your insurance company, and that can mean **hundreds of dollars per year in higher premiums** for years to come.

## Planning Your Life Around the Restrictions

Smart teen drivers plan ahead:

- **Set a phone alarm for 12:30 a.m.** to start heading home if you''re out late.
- **Use a group text** to coordinate rides so you never end up over the passenger limit.
- **Mount your phone** before turning the key, and turn on Do Not Disturb While Driving.
- **Mark your 6-month milestone** on a calendar so you know when the passenger limit lifts.

When you turn 18, all GDL restrictions are automatically removed — no extra paperwork required.', 40, 1
);
INSERT OR REPLACE INTO quiz (id, lessonId, title, passingScore, shuffleQuestions) VALUES (
  'quiz_nh_nh-gdl-restrictions-daily-life', 'lesson_nh_nh-gdl-restrictions-daily-life', 'NH GDL Restrictions — Check Your Knowledge', 80, 1
);
INSERT OR REPLACE INTO quiz_question (id, quizId, prompt, choices, correctIndex, explanation, ordinal) VALUES (
  'q_nh_nh-gdl-restrictions-daily-life_0', 'quiz_nh_nh-gdl-restrictions-daily-life', 'What hours does the NH nighttime driving curfew cover for drivers under 18?', '["10:00 p.m. to 5:00 a.m.","11:00 p.m. to 6:00 a.m.","1:00 a.m. to 4:00 a.m.","Midnight to 5:00 a.m."]', 2, 'The curfew runs from 1:00 a.m. to 4:00 a.m. Exceptions include work, school events, emergencies, or driving with a parent or guardian.', 0
);
INSERT OR REPLACE INTO quiz_question (id, quizId, prompt, choices, correctIndex, explanation, ordinal) VALUES (
  'q_nh_nh-gdl-restrictions-daily-life_1', 'quiz_nh_nh-gdl-restrictions-daily-life', 'During the first 6 months of having a Youth Operator License, how many passengers under 25 may you transport without a 25+ adult in the car?', '["Zero","One","Two","Three"]', 1, 'You may have only one passenger under age 25, unless the additional passengers are immediate family or a licensed driver 25+ is also in the car.', 1
);
INSERT OR REPLACE INTO quiz_question (id, quizId, prompt, choices, correctIndex, explanation, ordinal) VALUES (
  'q_nh_nh-gdl-restrictions-daily-life_2', 'quiz_nh_nh-gdl-restrictions-daily-life', 'Which of the following is permitted for a 17-year-old NH driver using their phone?', '["Texting at a red light","Holding the phone to make a quick hands-free call","Using a phone mounted to the dashboard with the route set before driving","Scrolling a music app while driving below 25 mph"]', 2, 'Drivers under 18 cannot use any handheld electronic communication device. Setting up navigation before you drive and using a hands-free mount is the safest legal approach.', 2
);
INSERT OR REPLACE INTO quiz_question (id, quizId, prompt, choices, correctIndex, explanation, ordinal) VALUES (
  'q_nh_nh-gdl-restrictions-daily-life_3', 'quiz_nh_nh-gdl-restrictions-daily-life', 'True or false: New Hampshire requires all occupants under 18 to wear a seat belt.', '["False — NH has no seat belt laws","True — anyone under 18 must wear a seat belt in any seat","Only the driver under 18 must wear a seat belt","Only front-seat passengers under 18 must wear a seat belt"]', 1, 'While NH has no adult seat belt mandate, all occupants under 18 must be belted regardless of seating position.', 3
);
INSERT OR REPLACE INTO quiz_question (id, quizId, prompt, choices, correctIndex, explanation, ordinal) VALUES (
  'q_nh_nh-gdl-restrictions-daily-life_4', 'quiz_nh_nh-gdl-restrictions-daily-life', 'What is a likely consequence of a first conviction for violating a YOL restriction?', '["A warning with no record","Permanent license revocation","A roughly 20-day license suspension, fines, and possible insurance impact","Immediate jail time"]', 2, 'A first conviction commonly results in a 20-day license suspension, fines, and a record that affects insurance premiums. Subsequent violations bring longer suspensions.', 4
);
INSERT OR REPLACE INTO lesson (id, moduleId, slug, title, body, estimatedSeatMinutes, ordinal) VALUES (
  'lesson_nh_nh-specific-rules-and-quirks', 'module_nh_overlay', 'nh-specific-rules-and-quirks', 'New Hampshire-Specific Rules and Driving Quirks', '## Driving in the Granite State

New Hampshire''s roads have a personality all their own — winding mountain passes through the White Mountains, dense moose habitat in the North Country, rotaries (traffic circles) that confuse out-of-state visitors, and winter conditions that can change from clear to whiteout in minutes. This lesson covers the NH-specific rules and quirks every new driver should know.

## "Live Free or Die" — and the Seat Belt Quirk

New Hampshire is famously the **only U.S. state without a mandatory adult seat belt law**. Drivers and passengers 18 and older are not legally required to wear seat belts. **However**: everyone under 18 must be belted, and crash statistics make clear that wearing a belt cuts your fatality risk roughly in half. The state''s libertarian motto doesn''t make physics optional.

## Rotaries (Traffic Circles)

NH still uses many **rotaries** — the older, larger cousin of the modern roundabout. Key rules:

- **Vehicles already in the rotary have the right of way.** You yield when entering.
- **Stay in your lane** as you circle and signal before exiting.
- **Do not stop in the rotary** unless required to avoid a collision — stopping creates rear-end crashes.

Famous rotaries include the Portsmouth Circle (I-95/US 1/US 4) and the Concord Heights traffic circle.

## Moose and Wildlife

New Hampshire has roughly 3,500–4,000 moose, concentrated in the **North Country and around the White Mountains**. A moose can weigh over 1,000 pounds, and its body sits at windshield height — collisions are frequently fatal.

- **Slow down at dusk and dawn**, especially May through October.
- **Watch for "Brake for Moose" signs** — they mark high-collision zones.
- **If a moose is in the road, brake hard and stay in your lane** — swerving often causes worse crashes (rollover, head-on collision).
- High-beam use on dark rural roads helps you spot eye-shine sooner.

## Winter Driving and the "Move Over" Law

Winter in NH is serious. Studded snow tires are legal from approximately mid-September through late April. Black ice is common on bridges and shaded curves even when air temperatures seem above freezing.

New Hampshire''s **Move Over Law ("Kevin''s Law")** requires drivers approaching any stopped emergency vehicle, tow truck, or maintenance vehicle with flashing lights to:

- **Move over one lane** if it is safe to do so, OR
- **Slow to a reasonable and prudent speed** if moving over is not possible.

Violations carry fines and demerit points. The law exists because roadside workers have been killed by inattentive drivers.

## Open Container and DUI

New Hampshire has a **zero-tolerance law** for drivers under 21: a blood alcohol concentration of **0.02 or higher** results in DUI charges. For drivers 21+, the limit is 0.08. NH does not have an open-container law for passengers on most roads, but **the driver may never have an open container**.

A teen DUI conviction means license loss for **at least one year**, mandatory alcohol education, and significant fines. It also stays on your driving record and can affect college admissions and job applications.

## E-ZPass and Toll Roads

NH''s major toll roads (I-95, the Spaulding Turnpike, the Everett Turnpike, parts of I-93) use **E-ZPass** transponders. Many tolls are now all-electronic — there is no cash booth, and the system photographs your license plate to bill you by mail if you don''t have a transponder. Set up an account before a long highway trip to avoid the mailed-bill surcharge.

## Headlight and Wiper Rule

**If your windshield wipers are on, your headlights must be on.** This applies day and night and helps other drivers see you in rain, snow, or fog.

## School Buses

When a school bus stops with its **red lights flashing and stop arm extended**, all traffic in both directions must stop — except on a divided highway with a physical median, where only traffic behind the bus must stop. Penalties for passing a stopped school bus are severe and include heavy fines and license suspension.

## Quick Granite State Driving Checklist

- Belt yourself and every passenger — the law for kids, common sense for everyone.
- Treat every rotary as a yield-on-entry, stay-in-your-lane situation.
- Drop your speed in moose country at dusk and dawn.
- Move over (or slow down) for any flashing-light vehicle on the shoulder.
- Wipers on means headlights on.', 40, 2
);
INSERT OR REPLACE INTO quiz (id, lessonId, title, passingScore, shuffleQuestions) VALUES (
  'quiz_nh_nh-specific-rules-and-quirks', 'lesson_nh_nh-specific-rules-and-quirks', 'NH-Specific Rules and Quirks — Check Your Knowledge', 80, 1
);
INSERT OR REPLACE INTO quiz_question (id, quizId, prompt, choices, correctIndex, explanation, ordinal) VALUES (
  'q_nh_nh-specific-rules-and-quirks_0', 'quiz_nh_nh-specific-rules-and-quirks', 'What is the correct response if a moose is in the road directly ahead of you?', '["Swerve sharply to avoid it","Speed up to clear the area","Brake hard and stay in your lane","Honk and continue at your current speed"]', 2, 'Swerving around a moose often causes a worse crash (rollover or head-on). Brake hard and stay in your lane.', 0
);
INSERT OR REPLACE INTO quiz_question (id, quizId, prompt, choices, correctIndex, explanation, ordinal) VALUES (
  'q_nh_nh-specific-rules-and-quirks_1', 'quiz_nh_nh-specific-rules-and-quirks', 'When entering a NH rotary, who has the right of way?', '["Whoever signals first","Vehicles entering the rotary","Vehicles already in the rotary","The larger vehicle"]', 2, 'Vehicles already in the rotary have the right of way. Entering traffic must yield.', 1
);
INSERT OR REPLACE INTO quiz_question (id, quizId, prompt, choices, correctIndex, explanation, ordinal) VALUES (
  'q_nh_nh-specific-rules-and-quirks_2', 'quiz_nh_nh-specific-rules-and-quirks', 'What does NH''s Move Over Law require when approaching a stopped emergency vehicle with flashing lights?', '["Stop completely until the vehicle leaves","Move over one lane if safe; otherwise slow to a reasonable speed","Maintain speed and pass at a safe distance","Turn around and find another route"]', 1, 'NH''s Move Over Law requires moving over one lane when safe, or slowing to a reasonable and prudent speed if moving over is not possible.', 2
);
INSERT OR REPLACE INTO quiz_question (id, quizId, prompt, choices, correctIndex, explanation, ordinal) VALUES (
  'q_nh_nh-specific-rules-and-quirks_3', 'quiz_nh_nh-specific-rules-and-quirks', 'What is the blood alcohol concentration limit for a NH driver under 21?', '["0.00","0.02","0.05","0.08"]', 1, 'NH has a zero-tolerance law for drivers under 21: a BAC of 0.02 or higher results in DUI charges.', 3
);
INSERT OR REPLACE INTO quiz_question (id, quizId, prompt, choices, correctIndex, explanation, ordinal) VALUES (
  'q_nh_nh-specific-rules-and-quirks_4', 'quiz_nh_nh-specific-rules-and-quirks', 'Under NH law, when must your headlights be turned on?', '["Only between sunset and sunrise","Whenever your windshield wipers are in use","Only during snowstorms","Only when other vehicles are within 500 feet"]', 1, 'NH law requires headlights to be on whenever windshield wipers are in use, including during daytime rain or snow.', 4
);

-- New Jersey (NJ)
INSERT OR REPLACE INTO rule_pack (id, jurisdiction, slug, name, maturity, createdAt) VALUES (
  'rp_nj_teen', 'US-NJ', 'nj-teen', 'New Jersey Teen Driver Education', 'level1', unixepoch('now')*1000
);
INSERT OR REPLACE INTO rule_pack_version (id, rulePackId, version, definition, publishedAt, notes, createdAt) VALUES (
  'rpv_nj_teen_1_0_0', 'rp_nj_teen', '1.0.0', '{"credentials":[{"key":"permit_eligibility","label":"Student Learner''s Permit","deliveryMode":"manual"}],"requirements":[{"key":"classroom_hours","label":"Classroom hours","target":6,"unit":"hour"},{"key":"btw_hours","label":"Behind-the-wheel hours","target":6,"unit":"hour"},{"key":"supervised_practice_hours","label":"Supervised practice (parent log)","target":0,"unit":"hour"}],"rules":[{"key":"unlock_permit_eligibility","trigger":"enrollment.state_changed","conditions":{"jurisdiction":"US-NJ","minPermitAge":16,"classroomHoursCompleted":{"gte":6}},"actions":[{"type":"unlock_credential","credential":"permit_eligibility"},{"type":"set_journey_state","value":"permit_eligible"}]}],"facts":{"agencyName":"New Jersey Motor Vehicle Commission (NJ MVC)","minPermitAge":16,"minLicenseAge":17,"minPermitDurationMonths":6,"nighttimeRestriction":"No driving between 11:01 p.m. and 5:00 a.m. for GDL permit and probationary license holders under 21.","passengerRestriction":"GDL drivers under 21 may only carry one additional passenger unless accompanied by a parent or guardian, or unless all passengers are dependents.","cellPhoneRule":"All cell phone use (handheld and hands-free), including texting, is prohibited for GDL permit and probationary license holders. No exceptions except emergencies.","notes":"New Jersey is unique nationally in requiring a red reflective decal on the front and rear license plates of any vehicle operated by a GDL permit or probationary license holder under 21 (Kyleigh''s Law). New Jersey is also the only state where the standard minimum unrestricted license age is 18; 17-year-olds receive a probationary license. The 6-hour behind-the-wheel requirement applies only to the 16-year-old special learner''s permit route through a licensed driving school; 17+ applicants using the examination permit route are not required to log BTW hours.","needsReview":["Exact supervised practice hour requirement (NJ does not mandate a specific logged practice hour total like many states; verify whether to record 0 or leave null)","Whether the 6 classroom hours figure should reflect the driving-school theory component or the broader high school driver education curriculum","Decal fee amount and current cost ($4 per pair as of last known update)","Exact statutory citation for Kyleigh''s Law passenger and curfew exceptions for religious observance"]}}', unixepoch('now')*1000, 'Generated; school must review and tweak.', unixepoch('now')*1000
);
INSERT OR REPLACE INTO content_pack (id, slug, name, scope, jurisdiction, description, createdAt) VALUES (
  'cp_nj_teen_overlay', 'nj-teen-overlay', 'New Jersey Teen Overlay', 'state', 'US-NJ', 'New Jersey-specific guidance for teen drivers navigating the NJ MVC Graduated Driver License (GDL) program, including the Special Learner''s Permit pathway, Kyleigh''s Law red decal requirement, and the state''s unusual 17-year-old probationary license structure.', unixepoch('now')*1000
);
INSERT OR REPLACE INTO content_pack_version (id, contentPackId, version, notes, publishedAt, createdAt) VALUES (
  'cpv_nj_teen_overlay_1_0_0', 'cp_nj_teen_overlay', '1.0.0', 'Generated by per-state agent; human review required before publishing.', unixepoch('now')*1000, unixepoch('now')*1000
);
INSERT OR REPLACE INTO course (id, contentPackVersionId, slug, title, description, ordinal) VALUES (
  'course_nj_overlay', 'cpv_nj_teen_overlay_1_0_0', 'nj-overlay', 'New Jersey Teen Driver Overlay', 'New Jersey-specific guidance for teen drivers navigating the NJ MVC Graduated Driver License (GDL) program, including the Special Learner''s Permit pathway, Kyleigh''s Law red decal requirement, and the state''s unusual 17-year-old probationary license structure.', 0
);
INSERT OR REPLACE INTO module (id, courseId, slug, title, description, ordinal) VALUES (
  'module_nj_overlay', 'course_nj_overlay', 'nj-teen-overlay', 'New Jersey Teen Driver Overlay', 'New Jersey-specific guidance for teen drivers navigating the NJ MVC Graduated Driver License (GDL) program, including the Special Learner''s Permit pathway, Kyleigh''s Law red decal requirement, and the state''s unusual 17-year-old probationary license structure.', 0
);
INSERT OR REPLACE INTO lesson (id, moduleId, slug, title, body, estimatedSeatMinutes, ordinal) VALUES (
  'lesson_nj_how-to-get-a-nj-permit', 'module_nj_overlay', 'how-to-get-a-nj-permit', 'How to Get a Learner''s Permit in New Jersey', '## Two paths to a New Jersey learner''s permit

New Jersey offers teens two different routes to a learner''s permit, and the path you choose at age 16 versus 17 changes the requirements significantly. Understanding which permit applies to you is the first step.

### The Special Learner''s Permit (age 16)

If you are at least 16 years old but under 17, you can only obtain a Special Learner''s Permit through a New Jersey licensed driving school. You cannot walk into a Motor Vehicle Commission (MVC) agency on your own at this age. The driving school enrolls you, administers the knowledge test on-site, and submits your paperwork to the MVC.

To qualify for the Special Learner''s Permit, you must:

- Be at least 16 years old
- Enroll in a Behind-the-Wheel driver training course at a licensed New Jersey driving school
- Pass a vision screening
- Pass the written knowledge test (administered by the driving school)
- Have parental or guardian consent if under 18
- Complete 6 hours of behind-the-wheel instruction with a certified driving instructor

### The Examination Permit (age 17+)

If you are 17 or older, you may apply directly at an MVC licensing center for an Examination Permit. This path does not require enrollment in a driving school, though many teens still choose to take lessons. You will need to:

- Visit an MVC licensing center in person
- Present 6 Points of ID (a combination of primary and secondary identification documents totaling 6 points)
- Pay the permit fee
- Pass a vision screening
- Pass the written knowledge test
- Have parental or guardian consent if under 18

### Required 6 Points of ID

New Jersey uses a points-based identity verification system. You''ll need to combine primary documents (like a U.S. birth certificate or passport, worth 4 points) with secondary documents (like a school photo ID or Social Security card) and proof of address to reach 6 points total. Bring originals — photocopies are not accepted.

### After you receive the permit

Once issued, your permit must be validated before you can drive. For the Special Learner''s Permit, validation happens after you complete the behind-the-wheel training. For the Examination Permit, validation occurs at the MVC.

The holding period is 6 months minimum before you can take the road test. During this time, you must:

- Always have a supervising driver age 21 or older with at least 3 years of driving experience seated in the front passenger seat
- Display the red GDL decals on both the front and rear license plates of any vehicle you drive (more on this in Lesson 2)
- Follow the GDL curfew (no driving between 11:01 p.m. and 5:00 a.m.)
- Carry no more than one additional passenger (with limited family exceptions)
- Never use a cell phone or any electronic device while driving
- Always wear a seat belt, and ensure all passengers are belted

### Knowledge test topics

The written test draws from the New Jersey Driver Manual and covers road signs, right-of-way rules, safe-driving practices, sharing the road, alcohol and drug laws, and New Jersey-specific GDL rules. The MVC offers practice tests online, and most driving schools include test prep in their curriculum.

### Costs to expect

Budget for the permit fee, the driving school tuition if you take the Special Learner''s Permit route, the red decal pair (a small one-time fee), and eventually the road test and license fees. Ask your driving school for an itemized list before enrolling.', 30, 0
);
INSERT OR REPLACE INTO quiz (id, lessonId, title, passingScore, shuffleQuestions) VALUES (
  'quiz_nj_how-to-get-a-nj-permit', 'lesson_nj_how-to-get-a-nj-permit', 'New Jersey Permit Basics Quiz', 80, 1
);
INSERT OR REPLACE INTO quiz_question (id, quizId, prompt, choices, correctIndex, explanation, ordinal) VALUES (
  'q_nj_how-to-get-a-nj-permit_0', 'quiz_nj_how-to-get-a-nj-permit', 'At what age can a New Jersey teen first obtain a Special Learner''s Permit through a licensed driving school?', '["15","15 and a half","16","17"]', 2, 'The Special Learner''s Permit is available starting at age 16, but only through a licensed New Jersey driving school — not directly at the MVC.', 0
);
INSERT OR REPLACE INTO quiz_question (id, quizId, prompt, choices, correctIndex, explanation, ordinal) VALUES (
  'q_nj_how-to-get-a-nj-permit_1', 'quiz_nj_how-to-get-a-nj-permit', 'What is the minimum holding period for a New Jersey learner''s permit before a road test can be scheduled?', '["3 months","6 months","9 months","12 months"]', 1, 'New Jersey requires permit holders to practice for at least 6 months before they are eligible to take the road test.', 1
);
INSERT OR REPLACE INTO quiz_question (id, quizId, prompt, choices, correctIndex, explanation, ordinal) VALUES (
  'q_nj_how-to-get-a-nj-permit_2', 'quiz_nj_how-to-get-a-nj-permit', 'If you are 17 years old and want a New Jersey learner''s permit, where do you apply?', '["Only through a licensed driving school","Directly at an MVC licensing center (Examination Permit)","Through your local police department","Online through the NJ MVC website without an in-person visit"]', 1, 'At 17 or older, you can apply directly at an MVC licensing center for an Examination Permit and are not required to go through a driving school.', 2
);
INSERT OR REPLACE INTO quiz_question (id, quizId, prompt, choices, correctIndex, explanation, ordinal) VALUES (
  'q_nj_how-to-get-a-nj-permit_3', 'quiz_nj_how-to-get-a-nj-permit', 'New Jersey verifies your identity at the MVC using which system?', '["A single government-issued photo ID","A notarized affidavit from a parent","The 6 Points of ID system","A Social Security card alone"]', 2, 'New Jersey requires applicants to provide documents totaling 6 points of identification, combining primary, secondary, and proof-of-address documents.', 3
);
INSERT OR REPLACE INTO quiz_question (id, quizId, prompt, choices, correctIndex, explanation, ordinal) VALUES (
  'q_nj_how-to-get-a-nj-permit_4', 'quiz_nj_how-to-get-a-nj-permit', 'Who must be in the vehicle with a New Jersey permit holder while practicing?', '["Any licensed driver age 18 or older","A supervising driver age 21 or older with at least 3 years of driving experience, seated in the front passenger seat","A parent or legal guardian only","A certified driving instructor only"]', 1, 'New Jersey requires the supervising adult to be at least 21, have at least 3 years of driving experience, and be seated in the front passenger seat.', 4
);
INSERT OR REPLACE INTO lesson (id, moduleId, slug, title, body, estimatedSeatMinutes, ordinal) VALUES (
  'lesson_nj_nj-gdl-daily-life-and-red-decal', 'module_nj_overlay', 'nj-gdl-daily-life-and-red-decal', 'Living with New Jersey''s GDL Restrictions and the Red Decal Rule', '## Kyleigh''s Law and the red decal requirement

New Jersey is the only state in the country that requires young drivers to display a special decal on their vehicle. The law, known as Kyleigh''s Law, took effect on May 1, 2010, and is named after Kyleigh D''Alessio, a 16-year-old passenger who died in a 2006 crash involving a teen driver.

### What the decal looks like and where it goes

The decal is a small, red, reflective sticker — about one inch square — that must be displayed on both the front and rear license plates of any vehicle a GDL permit holder or probationary license holder under 21 is driving. The decals are sold in pairs at MVC agencies for a small fee.

The decals attach to the upper left corner of each plate using a removable clip. They are designed to be easy to take on and off, since the same vehicle may also be driven by adults who are not subject to GDL rules. If a parent shares their car with a teen, the decals go on while the teen drives and come off when the parent drives alone.

### Why the decal matters

The purpose of the decal is to help law enforcement identify GDL drivers and enforce the curfew, passenger limit, and cell phone restrictions. Officers can spot a decal-bearing vehicle on the road and know that special rules apply.

Driving without the required decals is a violation that carries a fine. More importantly, if you are stopped for any reason without your decals displayed, the officer will know you are not in compliance with GDL rules.

### The GDL curfew

New Jersey prohibits GDL permit and probationary license holders from driving between 11:01 p.m. and 5:00 a.m. There are limited exceptions for documented employment or religious observance, but you must carry written proof from the employer or religious organization.

Planning your evenings matters. If you work a late shift or attend evening activities, you''ll need to be off the road before 11:01 p.m. or have your documentation ready in case you are stopped.

### The passenger limit

GDL drivers under 21 may carry only one additional passenger in the vehicle. This rule exists because crash data consistently shows that teen drivers are dramatically more likely to be involved in a serious crash when multiple peer passengers are in the car.

There are two important exceptions:

- A parent or legal guardian in the front passenger seat
- Dependents of the driver (if you have your own children, for example)

If any of these exceptions apply, the one-passenger limit does not. But friends, classmates, teammates, and siblings all count toward the limit.

### The cell phone ban

New Jersey bans all cell phone use for GDL drivers — both handheld and hands-free. This is stricter than the rule for fully licensed adult drivers, who may use hands-free devices. For GDL drivers, the phone goes in a bag, glove box, or out of reach. No calls, no texts, no music app changes, no GPS adjustments while moving.

The only exception is a true emergency requiring you to contact police, fire, or medical services.

### Seat belts for everyone

All occupants of a vehicle driven by a GDL holder must wear seat belts, regardless of seating position. As the driver, you are legally responsible for ensuring every passenger is buckled before you put the car in motion.

### Consequences for violations

GDL violations carry fines, and accumulating points or violations can extend your probationary period, delay your full unrestricted license, or trigger a suspension. Some violations also require completion of an MVC-approved driver-improvement program.

### Daily-life planning tips

Think ahead about rides home from late events. Coordinate with friends so the group doesn''t accidentally pile into one car. Keep your decals clean and visible. Park your phone before you start the engine. These small habits keep you legal and, more importantly, safe.', 30, 1
);
INSERT OR REPLACE INTO quiz (id, lessonId, title, passingScore, shuffleQuestions) VALUES (
  'quiz_nj_nj-gdl-daily-life-and-red-decal', 'lesson_nj_nj-gdl-daily-life-and-red-decal', 'NJ GDL Daily Life Quiz', 80, 1
);
INSERT OR REPLACE INTO quiz_question (id, quizId, prompt, choices, correctIndex, explanation, ordinal) VALUES (
  'q_nj_nj-gdl-daily-life-and-red-decal_0', 'quiz_nj_nj-gdl-daily-life-and-red-decal', 'Where must the red GDL decals be displayed on a vehicle driven by a New Jersey permit or probationary license holder under 21?', '["Only on the rear license plate","Only on the front windshield","On both the front and rear license plates","On the driver''s side mirror"]', 2, 'Kyleigh''s Law requires red reflective decals on both the front and rear license plates of any vehicle operated by a GDL driver under 21.', 0
);
INSERT OR REPLACE INTO quiz_question (id, quizId, prompt, choices, correctIndex, explanation, ordinal) VALUES (
  'q_nj_nj-gdl-daily-life-and-red-decal_1', 'quiz_nj_nj-gdl-daily-life-and-red-decal', 'What are the New Jersey GDL curfew hours?', '["10:00 p.m. to 5:00 a.m.","11:01 p.m. to 5:00 a.m.","Midnight to 6:00 a.m.","9:00 p.m. to 6:00 a.m."]', 1, 'GDL permit and probationary license holders may not drive between 11:01 p.m. and 5:00 a.m. unless they have documented employment or religious-observance exceptions.', 1
);
INSERT OR REPLACE INTO quiz_question (id, quizId, prompt, choices, correctIndex, explanation, ordinal) VALUES (
  'q_nj_nj-gdl-daily-life-and-red-decal_2', 'quiz_nj_nj-gdl-daily-life-and-red-decal', 'How many additional passengers may a New Jersey GDL driver under 21 carry, absent an exception?', '["No passengers at all","One additional passenger","Two additional passengers","Three additional passengers"]', 1, 'GDL drivers under 21 may carry only one additional passenger, except when a parent or guardian is in the front seat or when all passengers are the driver''s dependents.', 2
);
INSERT OR REPLACE INTO quiz_question (id, quizId, prompt, choices, correctIndex, explanation, ordinal) VALUES (
  'q_nj_nj-gdl-daily-life-and-red-decal_3', 'quiz_nj_nj-gdl-daily-life-and-red-decal', 'Which statement about cell phone use is true for New Jersey GDL drivers?', '["Hands-free calling is allowed","Texting is allowed at red lights","All cell phone use, handheld and hands-free, is prohibited except for true emergencies","Cell phone use is allowed on highways but not local roads"]', 2, 'Unlike fully licensed adult drivers, GDL drivers cannot use a cell phone in any mode — handheld or hands-free — except to contact emergency services.', 3
);
INSERT OR REPLACE INTO quiz_question (id, quizId, prompt, choices, correctIndex, explanation, ordinal) VALUES (
  'q_nj_nj-gdl-daily-life-and-red-decal_4', 'quiz_nj_nj-gdl-daily-life-and-red-decal', 'Kyleigh''s Law is named after a person who was a:', '["Driving instructor","Legislator who sponsored the bill","Teenage passenger who died in a crash","Police officer killed in the line of duty"]', 2, 'The law is named after Kyleigh D''Alessio, a 16-year-old passenger who died in a 2006 crash involving a teen driver.', 4
);
INSERT OR REPLACE INTO lesson (id, moduleId, slug, title, body, estimatedSeatMinutes, ordinal) VALUES (
  'lesson_nj_nj-specific-rules-and-quirks', 'module_nj_overlay', 'nj-specific-rules-and-quirks', 'New Jersey-Specific Rules and Quirks Every Driver Should Know', '## Driving rules that surprise out-of-staters

New Jersey has several driving laws and customs that often catch newcomers — and even some lifelong residents — off guard. Knowing them keeps you out of trouble and helps you drive confidently across the Garden State.

### No self-serve gasoline

New Jersey is the only state in the country that prohibits self-service gasoline at every retail station. The rule has been in place since 1949 under the Retail Gasoline Dispensing Safety Act. Drivers must stay in or near the vehicle while a station attendant pumps the fuel.

If you cross into Pennsylvania, New York, or Delaware, you''ll need to pump your own gas. New Jersey teens often experience this for the first time on a road trip and find it genuinely confusing — every other state expects you to know how to operate a pump.

### Probationary license at 17, full license at 18

New Jersey is also unique in that the standard minimum age for an unrestricted license is 18. At 17, after completing the 6-month permit period and passing the road test, you receive a probationary license — not a full license. The probationary period lasts a full year, during which all GDL restrictions (curfew, passenger limit, cell phone ban, red decals, seat belts for all) continue to apply.

Only after completing the probationary year without violations, and after turning 18, do you become eligible for the basic (unrestricted) driver''s license.

### No left turns from the left lane on many highways: the jughandle

Across much of New Jersey, especially on state and U.S. highways, you cannot make a left turn directly from the left lane. Instead, you must use a jughandle — a ramp on the right side of the road that loops around and brings you to a traffic signal at the intersection, where you cross perpendicular to the highway.

There are three common jughandle configurations: forward (most common, before the intersection), reverse (after the intersection), and U-turn jughandles. Pay close attention to overhead signs that say ''All Turns From Right Lane'' or ''Left Turn From Right Lane.'' Missing a jughandle often means a long detour to find a legal way to turn around.

### Keep right except to pass

New Jersey law requires drivers to use the right lane on multi-lane highways except when passing. The left lane is for passing only. Camping in the left lane can earn you a ticket and is a major source of road rage in the state.

### Move Over Law

When approaching a stopped emergency vehicle, tow truck, or highway maintenance vehicle with flashing lights on the shoulder, you must either change lanes away from the vehicle (if safe to do so) or significantly reduce your speed. Violations carry steep fines.

### Right turn on red

Right turn on red is generally allowed in New Jersey after a complete stop, unless a sign specifically prohibits it. However, in many urban areas — especially parts of Jersey City, Newark, and Hoboken — signs commonly prohibit right on red, and the rule is enforced strictly.

### Studded tires and chains

Studded tires are permitted only between November 15 and April 1. Outside of that window, they are illegal in New Jersey.

### School bus rules

When a school bus stops with its red lights flashing and stop arm extended, all traffic in both directions must stop — even on undivided roads. On divided highways with a physical barrier or median, only traffic traveling in the same direction as the bus must stop. Violations carry significant fines and points.

### Headlight rule: wipers on, lights on

New Jersey law requires headlights to be on any time your windshield wipers are in use — including in light rain, snow, sleet, or fog. Daytime running lights alone do not satisfy this requirement; your full headlights (which also activate your tail lights) must be on.

### Move Over for funeral processions

New Jersey drivers are expected to yield to funeral processions. Do not cut into the line of vehicles, even at a green light, once the procession has begun crossing an intersection.

### Tolls and EZ-Pass

The New Jersey Turnpike, Garden State Parkway, and Atlantic City Expressway are all toll roads. EZ-Pass is widely used and significantly faster than cash lanes. Some plazas have moved to all-electronic tolling with no cash option — driving through without a transponder triggers a mailed bill or a violation notice.', 30, 2
);
INSERT OR REPLACE INTO quiz (id, lessonId, title, passingScore, shuffleQuestions) VALUES (
  'quiz_nj_nj-specific-rules-and-quirks', 'lesson_nj_nj-specific-rules-and-quirks', 'New Jersey Quirks Quiz', 80, 1
);
INSERT OR REPLACE INTO quiz_question (id, quizId, prompt, choices, correctIndex, explanation, ordinal) VALUES (
  'q_nj_nj-specific-rules-and-quirks_0', 'quiz_nj_nj-specific-rules-and-quirks', 'Which of the following is true about gasoline in New Jersey?', '["Self-service is required at all stations","Self-service is prohibited; an attendant must pump your gas","Self-service is allowed only between 6 a.m. and 10 p.m.","Self-service is allowed only for diesel fuel"]', 1, 'New Jersey is the only U.S. state where self-service gasoline is prohibited statewide — an attendant must pump your gas.', 0
);
INSERT OR REPLACE INTO quiz_question (id, quizId, prompt, choices, correctIndex, explanation, ordinal) VALUES (
  'q_nj_nj-specific-rules-and-quirks_1', 'quiz_nj_nj-specific-rules-and-quirks', 'At what age can a New Jersey driver receive an unrestricted (basic) driver''s license under the standard GDL pathway?', '["16","17","18","21"]', 2, 'At 17, drivers receive a probationary license with continued GDL restrictions. The unrestricted basic license is available at 18 after completing the probationary year without violations.', 1
);
INSERT OR REPLACE INTO quiz_question (id, quizId, prompt, choices, correctIndex, explanation, ordinal) VALUES (
  'q_nj_nj-specific-rules-and-quirks_2', 'quiz_nj_nj-specific-rules-and-quirks', 'What is a jughandle?', '["A type of parallel parking space","A right-side ramp used to make a left turn or U-turn on many New Jersey highways","A New Jersey-specific traffic signal","A special license plate frame"]', 1, 'A jughandle is a ramp on the right side of a highway that loops around to a traffic signal, allowing drivers to make left turns and U-turns without crossing from the left lane.', 2
);
INSERT OR REPLACE INTO quiz_question (id, quizId, prompt, choices, correctIndex, explanation, ordinal) VALUES (
  'q_nj_nj-specific-rules-and-quirks_3', 'quiz_nj_nj-specific-rules-and-quirks', 'When must New Jersey drivers turn on their headlights?', '["Only at night","Only in heavy rain or snow","Any time the windshield wipers are in use","Only when visibility is under 500 feet"]', 2, 'New Jersey''s ''wipers on, lights on'' law requires full headlights any time the windshield wipers are operating, including in light rain or snow.', 3
);
INSERT OR REPLACE INTO quiz_question (id, quizId, prompt, choices, correctIndex, explanation, ordinal) VALUES (
  'q_nj_nj-specific-rules-and-quirks_4', 'quiz_nj_nj-specific-rules-and-quirks', 'On an undivided two-lane road, what must you do when a school bus stops with red flashing lights and an extended stop arm?', '["Continue driving in the opposite lane at reduced speed","Stop only if you are behind the bus","All traffic in both directions must stop","Honk to alert other drivers and proceed slowly"]', 2, 'On an undivided road, traffic in both directions must stop. Only on divided highways with a physical barrier or median may traffic in the opposite direction proceed.', 4
);

-- New Mexico (NM)
INSERT OR REPLACE INTO rule_pack (id, jurisdiction, slug, name, maturity, createdAt) VALUES (
  'rp_nm_teen', 'US-NM', 'nm-teen', 'New Mexico Teen Driver Education', 'level1', unixepoch('now')*1000
);
INSERT OR REPLACE INTO rule_pack_version (id, rulePackId, version, definition, publishedAt, notes, createdAt) VALUES (
  'rpv_nm_teen_1_0_0', 'rp_nm_teen', '1.0.0', '{"credentials":[{"key":"permit_eligibility","label":"Instructional Permit","deliveryMode":"manual"}],"requirements":[{"key":"classroom_hours","label":"Classroom hours","target":30,"unit":"hour"},{"key":"btw_hours","label":"Behind-the-wheel hours","target":7,"unit":"hour"},{"key":"supervised_practice_hours","label":"Supervised practice (parent log)","target":50,"unit":"hour"}],"rules":[{"key":"unlock_permit_eligibility","trigger":"enrollment.state_changed","conditions":{"jurisdiction":"US-NM","minPermitAge":15,"classroomHoursCompleted":{"gte":30}},"actions":[{"type":"unlock_credential","credential":"permit_eligibility"},{"type":"set_journey_state","value":"permit_eligible"}]}],"facts":{"agencyName":"New Mexico Motor Vehicle Division (MVD)","minPermitAge":15,"minLicenseAge":15.5,"minPermitDurationMonths":6,"nighttimeRestriction":"Provisional license holders may not drive between midnight and 5:00 a.m. unless accompanied by a licensed driver 21 or older, or for work, school, medical, or emergency reasons.","passengerRestriction":"Provisional license holders may not transport more than one passenger under 21 who is not an immediate family member.","cellPhoneRule":"Drivers under 18 are prohibited from any use of a handheld or hands-free mobile communication device while driving, except to call 911 in an emergency.","notes":"New Mexico uses a three-stage Graduated Driver Licensing (GDL) system: Instructional Permit (15+), Provisional License (15 years 6 months+, after holding permit 6 months), and Unrestricted Driver License (16 years 6 months+, after holding provisional 12 months crash- and conviction-free). Driver education is required for all applicants under 18 and must include 30 hours classroom, 7 hours behind-the-wheel, and 50 hours supervised practice (10 of which must be nighttime). Of the 50 supervised hours, parents/guardians sign an affidavit (form MVD-10293) attesting to completion.","needsReview":["Exact required night driving hours within the 50 supervised hours (commonly cited as 10)","Whether the cell phone ban for under-18 drivers also applies to passengers or only the driver","Whether the provisional curfew exceptions require written documentation in NM","Current MVD form numbers for the parent affidavit and driver education completion certificate","Whether NM has moved toward electronic submission of the driver-ed completion certificate or remains paper-based"]}}', unixepoch('now')*1000, 'Generated; school must review and tweak.', unixepoch('now')*1000
);
INSERT OR REPLACE INTO content_pack (id, slug, name, scope, jurisdiction, description, createdAt) VALUES (
  'cp_nm_teen_overlay', 'nm-teen-overlay', 'New Mexico Teen Overlay', 'state', 'US-NM', 'A New Mexico-specific overlay covering MVD instructional permit eligibility, the three-stage GDL pathway, provisional license restrictions, and quirks unique to driving in the Land of Enchantment.', unixepoch('now')*1000
);
INSERT OR REPLACE INTO content_pack_version (id, contentPackId, version, notes, publishedAt, createdAt) VALUES (
  'cpv_nm_teen_overlay_1_0_0', 'cp_nm_teen_overlay', '1.0.0', 'Generated by per-state agent; human review required before publishing.', unixepoch('now')*1000, unixepoch('now')*1000
);
INSERT OR REPLACE INTO course (id, contentPackVersionId, slug, title, description, ordinal) VALUES (
  'course_nm_overlay', 'cpv_nm_teen_overlay_1_0_0', 'nm-overlay', 'New Mexico Teen Driver Overlay', 'A New Mexico-specific overlay covering MVD instructional permit eligibility, the three-stage GDL pathway, provisional license restrictions, and quirks unique to driving in the Land of Enchantment.', 0
);
INSERT OR REPLACE INTO module (id, courseId, slug, title, description, ordinal) VALUES (
  'module_nm_overlay', 'course_nm_overlay', 'nm-teen-overlay', 'New Mexico Teen Driver Overlay', 'A New Mexico-specific overlay covering MVD instructional permit eligibility, the three-stage GDL pathway, provisional license restrictions, and quirks unique to driving in the Land of Enchantment.', 0
);
INSERT OR REPLACE INTO lesson (id, moduleId, slug, title, body, estimatedSeatMinutes, ordinal) VALUES (
  'lesson_nm_how-to-get-a-permit-in-new-mexico', 'module_nm_overlay', 'how-to-get-a-permit-in-new-mexico', 'How to Get an Instructional Permit in New Mexico', '## Overview

In New Mexico, the first step in the Graduated Driver Licensing (GDL) system is the **Instructional Permit**, issued by the New Mexico Motor Vehicle Division (MVD), a part of the Taxation and Revenue Department. You must hold the permit for at least **6 months** before you can move up to a Provisional License. This lesson walks through eligibility, required documents, the testing process, and what to expect at your MVD or MVD Express appointment.

## Who Can Apply

You may apply for an Instructional Permit when you turn **15 years old**. If you are under 18, New Mexico requires you to:

- Be enrolled in or have completed an approved driver education course (30 hours classroom plus 7 hours behind-the-wheel), and
- Have a parent or legal guardian sign the application in person at the MVD.

Applicants 18 and older are not required to take driver education, but completing a course is still strongly encouraged.

## Documents You Must Bring

New Mexico has an **identification points system**. You must present documents that together satisfy proofs of:

1. **Identification number** (Social Security card, W-2, or SSA letter).
2. **Identity and age** (certified birth certificate, U.S. passport, or permanent resident card).
3. **Two proofs of New Mexico residency** (utility bill, lease, school enrollment letter, parent’s residency documents combined with a parent affidavit).
4. **Driver education completion certificate** (if under 18 — issued by your school after the classroom phase, or by your approved third-party driver-ed provider).
5. **Parent/guardian consent**, signed in person at the MVD.

If you are choosing the federally compliant **REAL ID** version of the permit, the document list is more strict; otherwise you can request a Standard Driver Authorization Card-style credential.

## Tests at the MVD

At your appointment you will take:

- A **vision screening** (20/40 corrected in at least one eye).
- A **written knowledge test** based on the New Mexico Driver Manual. The test covers road signs, right-of-way, alcohol and drug laws, and GDL rules. You must score **at least 75%**.

The behind-the-wheel road test is **not** required at the permit stage — that comes later when you upgrade to a Provisional License.

## Fees

As of recent fee schedules, the Instructional Permit costs around **$10** for a one-year permit, though fees change — always confirm on the MVD website before your visit. Driver education tuition is separate and varies by provider.

## What the Permit Lets You Do

With an Instructional Permit you may drive only when accompanied by a **licensed driver age 21 or older** seated in the front passenger seat. You must hold this permit for a **minimum of 6 months**, remain crash-free and conviction-free, and log **50 hours of supervised driving practice** (with at least 10 of those hours at night) before you can apply for a Provisional License.

## Keeping the Permit Valid

Your parent or guardian must sign an **affidavit (MVD form, often referenced as MVD-10293)** verifying the 50 practice hours when you upgrade. Keep a written driving log — the MVD may ask to see it. Any traffic conviction during the permit phase can restart your 6-month waiting clock.

## Next Step

Once you have held your permit at least 6 months, completed driver education, logged your supervised hours, and turned 15½, you can schedule the road skills test to move up to a Provisional License.', 45, 0
);
INSERT OR REPLACE INTO quiz (id, lessonId, title, passingScore, shuffleQuestions) VALUES (
  'quiz_nm_how-to-get-a-permit-in-new-mexico', 'lesson_nm_how-to-get-a-permit-in-new-mexico', 'New Mexico Instructional Permit Quiz', 80, 1
);
INSERT OR REPLACE INTO quiz_question (id, quizId, prompt, choices, correctIndex, explanation, ordinal) VALUES (
  'q_nm_how-to-get-a-permit-in-new-mexico_0', 'quiz_nm_how-to-get-a-permit-in-new-mexico', 'What is the minimum age to apply for a New Mexico Instructional Permit?', '["14","15","16","17"]', 1, 'New Mexico’s GDL system allows teens to apply for an Instructional Permit beginning at age 15.', 0
);
INSERT OR REPLACE INTO quiz_question (id, quizId, prompt, choices, correctIndex, explanation, ordinal) VALUES (
  'q_nm_how-to-get-a-permit-in-new-mexico_1', 'quiz_nm_how-to-get-a-permit-in-new-mexico', 'How long must you hold the Instructional Permit before you can apply for a Provisional License?', '["3 months","6 months","9 months","12 months"]', 1, 'You must hold the Instructional Permit for at least 6 months, crash- and conviction-free, before moving up.', 1
);
INSERT OR REPLACE INTO quiz_question (id, quizId, prompt, choices, correctIndex, explanation, ordinal) VALUES (
  'q_nm_how-to-get-a-permit-in-new-mexico_2', 'quiz_nm_how-to-get-a-permit-in-new-mexico', 'While driving on an Instructional Permit in New Mexico, who must accompany you in the vehicle?', '["Any licensed driver age 18 or older","A licensed driver age 21 or older in the front passenger seat","A parent or guardian only","A certified driving instructor only"]', 1, 'An Instructional Permit holder must be supervised by a licensed driver age 21 or older seated in the front passenger seat.', 2
);
INSERT OR REPLACE INTO quiz_question (id, quizId, prompt, choices, correctIndex, explanation, ordinal) VALUES (
  'q_nm_how-to-get-a-permit-in-new-mexico_3', 'quiz_nm_how-to-get-a-permit-in-new-mexico', 'How many hours of supervised driving practice must a teen log before moving from permit to Provisional License?', '["20 hours","30 hours","40 hours","50 hours"]', 3, 'New Mexico requires 50 hours of supervised practice, including a portion completed at night, verified by a parent/guardian affidavit.', 3
);
INSERT OR REPLACE INTO quiz_question (id, quizId, prompt, choices, correctIndex, explanation, ordinal) VALUES (
  'q_nm_how-to-get-a-permit-in-new-mexico_4', 'quiz_nm_how-to-get-a-permit-in-new-mexico', 'Which document is generally NOT required at the MVD when a 15-year-old applies for an Instructional Permit?', '["Proof of identification number (e.g., Social Security card)","Driver education completion certificate","Commercial Driver License (CDL) medical card","Parent or guardian signature in person"]', 2, 'A CDL medical card is for commercial drivers and is not part of the teen Instructional Permit application.', 4
);
INSERT OR REPLACE INTO lesson (id, moduleId, slug, title, body, estimatedSeatMinutes, ordinal) VALUES (
  'lesson_nm_new-mexico-gdl-restrictions-in-daily-life', 'module_nm_overlay', 'new-mexico-gdl-restrictions-in-daily-life', 'Living With New Mexico GDL Restrictions', '## Why GDL Exists

New Mexico’s **Graduated Driver Licensing (GDL)** system is designed to ease new drivers into full driving privileges as their skills mature. After holding the Instructional Permit for 6 months, completing driver education, and logging supervised hours, a teen who is at least **15 years and 6 months old** can take the road test and receive a **Provisional License**. This stage is where most teen-driving incidents happen, so the law adds important restrictions.

## The Nighttime Curfew

Provisional License holders may not drive between **midnight and 5:00 a.m.** unless one of these exceptions applies:

- Driving to or from work or a school-sponsored activity.
- Driving for a medical emergency.
- Driving when accompanied by a **licensed driver age 21 or older** in the front seat.

It is wise to carry written proof of your work schedule or school activity — a printed schedule, employer letter, or coach’s note — in case an officer stops you. “I was on my way home from a friend’s” is not an exception.

## The Passenger Limit

While holding a Provisional License you may carry **only one passenger under age 21** who is not an immediate family member. “Immediate family” means siblings, stepsiblings, and other members of your household. The rule exists because crash risk for teen drivers rises sharply with each additional teen passenger.

Violating the passenger rule is a primary offense — an officer can pull you over solely for that reason.

## Cell Phones and Devices

New Mexico bans **all use of a handheld or hands-free mobile communication device** by drivers under 18, except to call 911 in an emergency. That includes:

- Talking, even on a Bluetooth headset.
- Texting or messaging.
- Scrolling, streaming, or using navigation apps.

For drivers 18 and older, New Mexico bans texting statewide, and several cities (Santa Fe, Albuquerque, Las Cruces) ban all handheld use within city limits. Plan your route, queue your music, and put your phone in **Do Not Disturb While Driving** mode before you shift into gear.

## Seat Belts and Child Passengers

New Mexico is a **primary seat belt state** — everyone in the vehicle must be buckled, regardless of seating position. Children under 13 should ride in the back seat. Child safety seat rules apply through age 6 (or until the child reaches the seat’s height/weight limits).

## Alcohol and Drugs

New Mexico has a **zero-tolerance** law for drivers under 21: a BAC of **0.02% or higher** triggers license revocation. For drivers 21+, the legal limit is 0.08%. Cannabis is legal for adults 21+ in New Mexico, but **driving under the influence of cannabis is illegal at any age**, and a Provisional License holder caught with cannabis in the vehicle can lose driving privileges.

## Moving Up to an Unrestricted License

To move from Provisional to a full **Driver License**, you must:

- Be at least **16 years and 6 months old**, and
- Have held the Provisional License for **at least 12 months** with no crashes or moving-violation convictions.

A conviction or at-fault crash during the provisional year typically resets that 12-month clock. The takeaway: every clean month is progress — don’t throw it away with a texting ticket or a late-night run for snacks.', 40, 1
);
INSERT OR REPLACE INTO quiz (id, lessonId, title, passingScore, shuffleQuestions) VALUES (
  'quiz_nm_new-mexico-gdl-restrictions-in-daily-life', 'lesson_nm_new-mexico-gdl-restrictions-in-daily-life', 'New Mexico GDL Restrictions Quiz', 80, 1
);
INSERT OR REPLACE INTO quiz_question (id, quizId, prompt, choices, correctIndex, explanation, ordinal) VALUES (
  'q_nm_new-mexico-gdl-restrictions-in-daily-life_0', 'quiz_nm_new-mexico-gdl-restrictions-in-daily-life', 'What are the curfew hours for a New Mexico Provisional License holder?', '["10:00 p.m. to 5:00 a.m.","11:00 p.m. to 6:00 a.m.","Midnight to 5:00 a.m.","1:00 a.m. to 6:00 a.m."]', 2, 'New Mexico Provisional License holders cannot drive between midnight and 5:00 a.m. unless a valid exception applies.', 0
);
INSERT OR REPLACE INTO quiz_question (id, quizId, prompt, choices, correctIndex, explanation, ordinal) VALUES (
  'q_nm_new-mexico-gdl-restrictions-in-daily-life_1', 'quiz_nm_new-mexico-gdl-restrictions-in-daily-life', 'Under New Mexico’s GDL passenger rule, how many non-family passengers under 21 can a Provisional License holder transport?', '["Zero","One","Two","Three"]', 1, 'A Provisional License holder may carry no more than one passenger under 21 who is not an immediate family member.', 1
);
INSERT OR REPLACE INTO quiz_question (id, quizId, prompt, choices, correctIndex, explanation, ordinal) VALUES (
  'q_nm_new-mexico-gdl-restrictions-in-daily-life_2', 'quiz_nm_new-mexico-gdl-restrictions-in-daily-life', 'Which cell-phone use is allowed for a New Mexico driver under 18?', '["Hands-free Bluetooth calls","Texting at a red light","Calling 911 in an emergency","Using a navigation app while driving"]', 2, 'Drivers under 18 may use a mobile device only to call 911 in an emergency — all other use is prohibited, even hands-free.', 2
);
INSERT OR REPLACE INTO quiz_question (id, quizId, prompt, choices, correctIndex, explanation, ordinal) VALUES (
  'q_nm_new-mexico-gdl-restrictions-in-daily-life_3', 'quiz_nm_new-mexico-gdl-restrictions-in-daily-life', 'What is the BAC limit for a New Mexico driver under 21?', '["0.00%","0.02%","0.05%","0.08%"]', 1, 'New Mexico’s zero-tolerance law sets the BAC threshold at 0.02% for drivers under 21.', 3
);
INSERT OR REPLACE INTO quiz_question (id, quizId, prompt, choices, correctIndex, explanation, ordinal) VALUES (
  'q_nm_new-mexico-gdl-restrictions-in-daily-life_4', 'quiz_nm_new-mexico-gdl-restrictions-in-daily-life', 'How long must a teen hold the Provisional License (crash- and conviction-free) before moving to an Unrestricted License?', '["6 months","9 months","12 months","18 months"]', 2, 'A Provisional License must be held for at least 12 months free of crashes and moving-violation convictions before upgrading.', 4
);
INSERT OR REPLACE INTO lesson (id, moduleId, slug, title, body, estimatedSeatMinutes, ordinal) VALUES (
  'lesson_nm_new-mexico-specific-rules-and-quirks', 'module_nm_overlay', 'new-mexico-specific-rules-and-quirks', 'New Mexico-Specific Rules and Quirks of the Road', '## Driving in the Land of Enchantment

New Mexico’s geography, weather, and wildlife make for some uniquely demanding driving conditions. Beyond the standard rules of the road, there are several New Mexico-specific laws and habits every new driver should know.

## Move Over Law

New Mexico’s **Move Over Law** requires drivers approaching a stopped emergency vehicle, tow truck, or highway-maintenance vehicle with flashing lights to **change lanes away** from the stopped vehicle. If you can’t safely change lanes — because of traffic or because you’re on a two-lane road — you must **slow down significantly** below the posted speed limit. This applies on all multi-lane roads, not just interstates.

## Open Range and Livestock

Much of rural New Mexico is **open range**. That means livestock — cattle, horses, sheep — may legally roam onto highways, and in many counties **the driver is liable** for damage if they hit an animal. Watch for diamond-shaped “Open Range” signs, slow down at dusk and dawn, and never overdrive your headlights at night.

Elk and mule deer are also common, especially near the Sandias, Jemez, and Sangre de Cristo mountains. Two-vehicle elk collisions are often fatal because of the animal’s size and high center of mass — if a collision is unavoidable, **brake hard and aim for where the animal came from**, not where it’s going.

## Dust Storms and “Zero Visibility”

The stretch of I-10 between Las Cruces and Lordsburg, and parts of I-25 south of Socorro, are notorious for **sudden dust storms**. New Mexico DOT signs read **“Pull Aside — Stay Alive.”** Standard procedure during a dust storm:

1. Pull completely off the roadway.
2. Turn off headlights and tail lights (so drivers behind don’t follow your lights into the storm thinking you are still on the road).
3. Take your foot off the brake.
4. Set the parking brake.
5. Stay buckled and wait for the storm to pass.

## Mountain and High-Altitude Driving

Much of northern New Mexico sits above 6,000 feet. At altitude, engines lose power, braking distances on grades increase, and weather can change in minutes. On long descents — such as La Bajada Hill on I-25 or the descent from the Sandias on I-40 — **downshift** rather than riding the brakes. Watch for **runaway truck ramps** — they are a clue you’re on a serious grade.

Winter brings snow and black ice to the high country (Raton Pass, Cloudcroft, Taos). Carry chains or use winter tires when traveling north in winter.

## Tribal Lands and Pueblo Roads

New Mexico is home to **23 sovereign tribal nations**. When you drive onto Pueblo or Navajo Nation land, **tribal traffic laws and tribal police jurisdiction apply**. Speed limits and DUI thresholds may differ. Respect posted signs, do not photograph people or ceremonies without permission, and obey any roadway closures.

## Headlight and Wiper Law

New Mexico requires headlights to be on **anytime wipers are in continuous use** because of rain, snow, sleet, or fog — not just at night.

## Funeral Processions and School Buses

Funeral processions in New Mexico have the right-of-way at intersections once the lead vehicle has entered. For school buses with flashing red lights and an extended stop arm, traffic in **both directions** must stop unless separated by a physical median or divider.

## Border-Area Driving

Driving south of I-10 in counties bordering Mexico, you may encounter **U.S. Border Patrol checkpoints**. These are lawful interior checkpoints. Slow down, follow the agent’s instructions, and be prepared to answer brief questions about citizenship.

## Bottom Line

New Mexico’s wide-open roads can feel relaxing, but the combination of wildlife, weather, altitude, and tribal/border jurisdictional patchwork means a smart driver stays alert, plans ahead, and respects local conditions — not just the general rulebook.', 40, 2
);
INSERT OR REPLACE INTO quiz (id, lessonId, title, passingScore, shuffleQuestions) VALUES (
  'quiz_nm_new-mexico-specific-rules-and-quirks', 'lesson_nm_new-mexico-specific-rules-and-quirks', 'New Mexico Rules and Quirks Quiz', 80, 1
);
INSERT OR REPLACE INTO quiz_question (id, quizId, prompt, choices, correctIndex, explanation, ordinal) VALUES (
  'q_nm_new-mexico-specific-rules-and-quirks_0', 'quiz_nm_new-mexico-specific-rules-and-quirks', 'Under New Mexico’s Move Over Law, what must you do when approaching a stopped emergency vehicle with flashing lights on a multi-lane road?', '["Maintain your speed and lane","Move into the lane farther from the stopped vehicle, or slow significantly if you cannot","Stop completely in your lane until released","Honk your horn to warn other drivers"]', 1, 'The Move Over Law requires changing lanes away from the stopped vehicle, or slowing well below the speed limit if a lane change is not safe.', 0
);
INSERT OR REPLACE INTO quiz_question (id, quizId, prompt, choices, correctIndex, explanation, ordinal) VALUES (
  'q_nm_new-mexico-specific-rules-and-quirks_1', 'quiz_nm_new-mexico-specific-rules-and-quirks', 'You see a diamond-shaped “Open Range” sign on a rural New Mexico highway. What does it mean?', '["The road is unmaintained","You may legally encounter livestock on the roadway","There is no speed limit","Off-road vehicles are permitted"]', 1, 'Open Range means livestock may roam onto the highway, and in many counties drivers are liable for damage from collisions with them.', 1
);
INSERT OR REPLACE INTO quiz_question (id, quizId, prompt, choices, correctIndex, explanation, ordinal) VALUES (
  'q_nm_new-mexico-specific-rules-and-quirks_2', 'quiz_nm_new-mexico-specific-rules-and-quirks', 'What is the official New Mexico DOT guidance during a severe dust storm?', '["Slow down and turn on your hazard lights","Pull aside, turn off all lights, take your foot off the brake, and wait","Keep driving with high beams on","Pull onto the shoulder with brake lights on"]', 1, '“Pull Aside — Stay Alive”: pull completely off the road, turn off all lights (so others don’t follow your lights into the storm), take your foot off the brake, and wait.', 2
);
INSERT OR REPLACE INTO quiz_question (id, quizId, prompt, choices, correctIndex, explanation, ordinal) VALUES (
  'q_nm_new-mexico-specific-rules-and-quirks_3', 'quiz_nm_new-mexico-specific-rules-and-quirks', 'When are New Mexico drivers required to turn on their headlights?', '["Only between sunset and sunrise","Only when visibility is under 500 feet","Anytime windshield wipers are in continuous use","Only on interstate highways"]', 2, 'New Mexico law requires headlights whenever wipers are in continuous use due to weather, in addition to nighttime use.', 3
);
INSERT OR REPLACE INTO quiz_question (id, quizId, prompt, choices, correctIndex, explanation, ordinal) VALUES (
  'q_nm_new-mexico-specific-rules-and-quirks_4', 'quiz_nm_new-mexico-specific-rules-and-quirks', 'You drive onto a New Mexico Pueblo or Navajo Nation road. Whose traffic laws apply?', '["Only New Mexico state laws","Only federal laws","Tribal traffic laws and tribal police jurisdiction","No laws apply on sovereign land"]', 2, 'Tribal nations are sovereign; their traffic laws and tribal police jurisdiction apply on tribal lands, and speed limits or DUI thresholds may differ from state law.', 4
);

-- Nevada (NV)
INSERT OR REPLACE INTO rule_pack (id, jurisdiction, slug, name, maturity, createdAt) VALUES (
  'rp_nv_teen', 'US-NV', 'nv-teen', 'Nevada Teen Driver Education', 'level1', unixepoch('now')*1000
);
INSERT OR REPLACE INTO rule_pack_version (id, rulePackId, version, definition, publishedAt, notes, createdAt) VALUES (
  'rpv_nv_teen_1_0_0', 'rp_nv_teen', '1.0.0', '{"credentials":[{"key":"permit_eligibility","label":"Instruction Permit","deliveryMode":"manual"}],"requirements":[{"key":"classroom_hours","label":"Classroom hours","target":30,"unit":"hour"},{"key":"btw_hours","label":"Behind-the-wheel hours","target":6,"unit":"hour"},{"key":"supervised_practice_hours","label":"Supervised practice (parent log)","target":50,"unit":"hour"}],"rules":[{"key":"unlock_permit_eligibility","trigger":"enrollment.state_changed","conditions":{"jurisdiction":"US-NV","minPermitAge":15.5,"classroomHoursCompleted":{"gte":30}},"actions":[{"type":"unlock_credential","credential":"permit_eligibility"},{"type":"set_journey_state","value":"permit_eligible"}]}],"facts":{"agencyName":"Nevada Department of Motor Vehicles","minPermitAge":15.5,"minLicenseAge":16,"minPermitDurationMonths":6,"nighttimeRestriction":"For the first six months after licensure, drivers under 18 may not drive between 10:00 p.m. and 5:00 a.m. unless traveling to or from a scheduled event (work, school activity, organized event).","passengerRestriction":"For the first six months after licensure, drivers under 18 may not transport any passenger under the age of 18 who is not an immediate family member.","cellPhoneRule":"Nevada prohibits handheld cell phone use and texting for all drivers. Drivers under 18 are strongly discouraged from any cell phone use, including hands-free, while driving.","notes":"Nevada requires teens (under 18) to complete an approved 30-hour driver education course (classroom or DMV-approved online) PLUS 50 hours of supervised practice driving (10 of which must be at night) before being eligible for a license. The instruction permit must be held for a minimum of 6 months. If a state-approved driver education course is not reasonably available within 30 miles of the teen''s residence, an additional 50 hours of supervised practice (totaling 100) may be substituted. Six hours of professional behind-the-wheel training is required from a licensed Nevada driving school for the standard pathway. All practice log hours must be certified by a parent or legal guardian on the DMV Beginning Driver Experience Log (DLD-002).","needsReview":["Whether 6 hours BTW is strictly required statewide or only when using certain accredited programs","Exact current name/number of the Beginning Driver Experience Log form","Whether the 30-mile no-course-available substitution still applies under current NRS","Specific exemptions allowed for the nighttime curfew (work vs. school event wording)"]}}', unixepoch('now')*1000, 'Generated; school must review and tweak.', unixepoch('now')*1000
);
INSERT OR REPLACE INTO content_pack (id, slug, name, scope, jurisdiction, description, createdAt) VALUES (
  'cp_nv_teen_overlay', 'nv-teen-overlay', 'Nevada Teen Overlay', 'state', 'US-NV', 'A Nevada-specific supplement covering the DMV instruction permit process, the state''s Graduated Driver Licensing (GDL) restrictions, and the desert-state quirks every new Nevada driver should know before they get behind the wheel.', unixepoch('now')*1000
);
INSERT OR REPLACE INTO content_pack_version (id, contentPackId, version, notes, publishedAt, createdAt) VALUES (
  'cpv_nv_teen_overlay_1_0_0', 'cp_nv_teen_overlay', '1.0.0', 'Generated by per-state agent; human review required before publishing.', unixepoch('now')*1000, unixepoch('now')*1000
);
INSERT OR REPLACE INTO course (id, contentPackVersionId, slug, title, description, ordinal) VALUES (
  'course_nv_overlay', 'cpv_nv_teen_overlay_1_0_0', 'nv-overlay', 'Nevada Teen Driver Overlay', 'A Nevada-specific supplement covering the DMV instruction permit process, the state''s Graduated Driver Licensing (GDL) restrictions, and the desert-state quirks every new Nevada driver should know before they get behind the wheel.', 0
);
INSERT OR REPLACE INTO module (id, courseId, slug, title, description, ordinal) VALUES (
  'module_nv_overlay', 'course_nv_overlay', 'nv-teen-overlay', 'Nevada Teen Driver Overlay', 'A Nevada-specific supplement covering the DMV instruction permit process, the state''s Graduated Driver Licensing (GDL) restrictions, and the desert-state quirks every new Nevada driver should know before they get behind the wheel.', 0
);
INSERT OR REPLACE INTO lesson (id, moduleId, slug, title, body, estimatedSeatMinutes, ordinal) VALUES (
  'lesson_nv_how-to-get-a-nevada-instruction-permit', 'module_nv_overlay', 'how-to-get-a-nevada-instruction-permit', 'How to Get a Nevada Instruction Permit', '# How to Get a Nevada Instruction Permit

In Nevada, the instruction permit is the first official credential on the road to a driver''s license. It is issued by the Nevada Department of Motor Vehicles (DMV) and is the legal document that lets a teen practice driving on public roads with a qualified supervising driver. Understanding exactly what the DMV expects up front will save you weeks of back-and-forth at the counter.

## Minimum age and prerequisites

You must be at least **15 years and 6 months old** to apply for an instruction permit in Nevada. You do *not* have to have completed driver education before getting the permit, but you cannot get the full driver''s license at 16 without completing driver ed, so most students enroll in a course at the same time they apply for the permit.

Before you go to the DMV, gather the following:

- **Proof of identity** — a certified U.S. birth certificate, valid U.S. passport, or other DMV-accepted primary document.
- **Proof of Social Security number** — your Social Security card, a W-2, or a pay stub showing the full SSN.
- **Two documents proving Nevada residency** — utility bill, bank statement, lease, school enrollment letter, etc., showing your Nevada address. Parents'' documents can be used if accompanied by an affidavit of residency.
- **Parent or guardian signature** — anyone under 18 must have the *Financial Responsibility/Minor Affidavit* signed in person by a parent or legal guardian. The adult must appear with the teen unless the signature is notarized.
- **Vision screening** — administered free at the DMV counter.
- **Permit fee** — typically around $26 (subject to change; check NVDMV.gov).

## The knowledge test

The written test is 50 multiple-choice questions drawn from the **Nevada Driver''s Handbook**. You must score at least 80% to pass. Topics include traffic signs and signals, right-of-way rules, the state''s DUI and implied-consent laws, sharing the road, and the GDL restrictions you''ll be living under for the next two years. The test can be taken in English or Spanish, and the DMV offers it on a computer at the office. If you fail, you may retest the same day or the next business day, but additional attempts may require a waiting period.

## Make an appointment

Nevada DMV offices in Las Vegas, Henderson, Reno, and Carson City are extremely busy. **Make an online appointment** through the MyDMV portal — walk-ins can wait three to five hours, while appointment holders are usually seen within 15 minutes. Bring printed copies of your appointment confirmation and every required document.

## After you pass

Once you pass the knowledge test and vision screening, you''ll receive a paper interim permit on the spot; the plastic card arrives by mail in 10–14 days. From this moment, the **six-month clock** starts: you must hold the permit for at least six months *without any moving violations or at-fault crashes* before you can apply for a driver''s license. Any violation resets the six-month clock.

While holding the permit you must:

- Always have a **licensed driver at least 21 years old** seated next to you whenever the vehicle is in motion.
- Begin logging the **50 hours of supervised practice** (10 at night) on the DMV''s Beginning Driver Experience Log. A parent or guardian must certify each entry.
- Avoid any cell phone use — handheld use is illegal in Nevada for *every* driver, and a citation on your permit will reset your clock.

Keep the original log; the DMV will collect it when you return to take the road skills test. Lose it and you start over.', 35, 0
);
INSERT OR REPLACE INTO quiz (id, lessonId, title, passingScore, shuffleQuestions) VALUES (
  'quiz_nv_how-to-get-a-nevada-instruction-permit', 'lesson_nv_how-to-get-a-nevada-instruction-permit', 'Nevada Instruction Permit Quiz', 80, 1
);
INSERT OR REPLACE INTO quiz_question (id, quizId, prompt, choices, correctIndex, explanation, ordinal) VALUES (
  'q_nv_how-to-get-a-nevada-instruction-permit_0', 'quiz_nv_how-to-get-a-nevada-instruction-permit', 'What is the minimum age to apply for a Nevada instruction permit?', '["14 years old","15 years old","15 years and 6 months old","16 years old"]', 2, 'Nevada requires applicants to be at least 15 years and 6 months old to receive an instruction permit.', 0
);
INSERT OR REPLACE INTO quiz_question (id, quizId, prompt, choices, correctIndex, explanation, ordinal) VALUES (
  'q_nv_how-to-get-a-nevada-instruction-permit_1', 'quiz_nv_how-to-get-a-nevada-instruction-permit', 'How long must a Nevada teen hold an instruction permit before becoming eligible for a driver''s license?', '["30 days","3 months","6 months","12 months"]', 2, 'The permit must be held for a minimum of 6 months with no moving violations or at-fault crashes.', 1
);
INSERT OR REPLACE INTO quiz_question (id, quizId, prompt, choices, correctIndex, explanation, ordinal) VALUES (
  'q_nv_how-to-get-a-nevada-instruction-permit_2', 'quiz_nv_how-to-get-a-nevada-instruction-permit', 'How many supervised practice hours, and how many at night, must a Nevada teen log before getting a license?', '["30 hours total, 5 at night","40 hours total, 8 at night","50 hours total, 10 at night","100 hours total, 20 at night"]', 2, 'Nevada requires 50 hours of supervised practice driving, 10 of which must be at night, certified by a parent or guardian.', 2
);
INSERT OR REPLACE INTO quiz_question (id, quizId, prompt, choices, correctIndex, explanation, ordinal) VALUES (
  'q_nv_how-to-get-a-nevada-instruction-permit_3', 'quiz_nv_how-to-get-a-nevada-instruction-permit', 'Who must be in the front passenger seat any time a permit holder is driving in Nevada?', '["Any licensed driver","A licensed driver at least 18 years old","A licensed driver at least 21 years old","A parent or legal guardian"]', 2, 'A licensed driver at least 21 years old must be in the front passenger seat at all times.', 3
);
INSERT OR REPLACE INTO quiz_question (id, quizId, prompt, choices, correctIndex, explanation, ordinal) VALUES (
  'q_nv_how-to-get-a-nevada-instruction-permit_4', 'quiz_nv_how-to-get-a-nevada-instruction-permit', 'What is the minimum passing score on the Nevada DMV knowledge test?', '["70%","75%","80%","85%"]', 2, 'A score of at least 80% (40 of 50 questions correct) is required to pass the Nevada knowledge test.', 4
);
INSERT OR REPLACE INTO lesson (id, moduleId, slug, title, body, estimatedSeatMinutes, ordinal) VALUES (
  'lesson_nv_nevada-gdl-restrictions-in-daily-life', 'module_nv_overlay', 'nevada-gdl-restrictions-in-daily-life', 'Nevada GDL Restrictions in Daily Life', '# Nevada GDL Restrictions in Daily Life

Getting your license at 16 in Nevada doesn''t mean unrestricted freedom. The state''s **Graduated Driver Licensing (GDL)** program puts real limits on what under-18 drivers can do for the first six months after licensure. These aren''t suggestions — violating them is a moving violation that can suspend your license, raise your family''s insurance, and reset your clean-record clock.

## The nighttime curfew

For the first **six months** after you receive your driver''s license, you may **not drive between 10:00 p.m. and 5:00 a.m.** This applies seven days a week. The only exemptions are travel to or from:

- A scheduled work shift (carry a note from your employer)
- An organized school activity or sporting event
- A medical or family emergency

"Going out with friends," "picking up food," and "giving a friend a ride home" are *not* exemptions. If you''re pulled over at 10:45 p.m. without documentation, expect a citation.

**Real-world example:** Friday-night high school football games in Reno often end after 9:30 p.m. If you stop for tacos with friends and roll out of the parking lot at 10:15, you are in violation — even if you''re 10 minutes from home. Plan to leave on time, or arrange a ride.

## The passenger restriction

Also for the **first six months**, you may not transport **any passenger under the age of 18** unless that passenger is an *immediate family member* (sibling, stepsibling, or another minor living in your household). It doesn''t matter if their parent gave permission or if you''re "just going around the block."

This is the rule most teens accidentally break. Common traps:

- Carpooling to school with a friend — *not allowed*.
- Driving a younger teammate home from practice — *not allowed* unless they live in your home.
- Taking your boyfriend or girlfriend to a movie — *not allowed* until they (or you) turn 18, or until the six months are up.

A licensed adult 21 or older in the front seat *does* allow you to carry under-18 passengers, because at that point you''re effectively in permit-style supervised driving.

## Cell phones — zero tolerance

Nevada law (NRS 484B.165) prohibits **all** drivers from holding a cell phone to talk, text, or use apps while driving. For under-18 drivers, the safest rule is **don''t touch the phone at all** — even hands-free. Mount it, set your navigation before you start, and use Do Not Disturb While Driving. A first phone-related citation is a $50 fine plus court fees; the second within seven years is $100; the third or any in a work zone is $250 and 4 demerit points, more than enough to threaten a young driver''s license.

## Seat belts and child passengers

Nevada is a primary-enforcement seat-belt state — an officer can stop you for an unbelted occupant alone. Drivers are responsible for every passenger under 18 being properly restrained. Children under 6 and under 60 pounds must be in an appropriate child-safety seat. If you''re driving younger siblings, double-check the buckle before you put the car in gear.

## What happens if you violate a GDL rule

A GDL violation is treated as a moving violation. Consequences escalate:

1. **First offense:** fine, possible mandatory traffic safety course.
2. **Second offense:** license suspension up to 90 days.
3. **Third offense:** suspension up to one year and re-application required.

More importantly, a violation **resets your clean-record requirements**, delaying when restrictions lift and damaging the insurance discount your family relies on. Following the rules for six months is a small price for a clean driving record that follows you for life.', 30, 1
);
INSERT OR REPLACE INTO quiz (id, lessonId, title, passingScore, shuffleQuestions) VALUES (
  'quiz_nv_nevada-gdl-restrictions-in-daily-life', 'lesson_nv_nevada-gdl-restrictions-in-daily-life', 'Nevada GDL Restrictions Quiz', 80, 1
);
INSERT OR REPLACE INTO quiz_question (id, quizId, prompt, choices, correctIndex, explanation, ordinal) VALUES (
  'q_nv_nevada-gdl-restrictions-in-daily-life_0', 'quiz_nv_nevada-gdl-restrictions-in-daily-life', 'During what hours are newly licensed Nevada drivers under 18 prohibited from driving (during their first six months)?', '["9:00 p.m. to 5:00 a.m.","10:00 p.m. to 5:00 a.m.","11:00 p.m. to 6:00 a.m.","Midnight to 5:00 a.m."]', 1, 'Nevada''s GDL curfew runs from 10:00 p.m. to 5:00 a.m. for the first six months after licensure.', 0
);
INSERT OR REPLACE INTO quiz_question (id, quizId, prompt, choices, correctIndex, explanation, ordinal) VALUES (
  'q_nv_nevada-gdl-restrictions-in-daily-life_1', 'quiz_nv_nevada-gdl-restrictions-in-daily-life', 'Which passenger is a newly licensed 16-year-old Nevada driver allowed to transport during the first six months without a supervising adult?', '["A 17-year-old classmate from school","A 15-year-old sibling who lives at home","A 16-year-old neighbor","A 14-year-old teammate from soccer"]', 1, 'Only passengers under 18 who are immediate family members living in the household are allowed.', 1
);
INSERT OR REPLACE INTO quiz_question (id, quizId, prompt, choices, correctIndex, explanation, ordinal) VALUES (
  'q_nv_nevada-gdl-restrictions-in-daily-life_2', 'quiz_nv_nevada-gdl-restrictions-in-daily-life', 'Which of the following is a valid exemption to Nevada''s teen nighttime driving curfew?', '["Picking up dinner with friends","Driving home from a scheduled work shift","Giving a friend a ride home from a party","Going for a late-night drive to relax"]', 1, 'Travel to or from a scheduled work shift, school activity, or emergency is the only exemption — recreation is not.', 2
);
INSERT OR REPLACE INTO quiz_question (id, quizId, prompt, choices, correctIndex, explanation, ordinal) VALUES (
  'q_nv_nevada-gdl-restrictions-in-daily-life_3', 'quiz_nv_nevada-gdl-restrictions-in-daily-life', 'Nevada''s handheld cell phone ban applies to which drivers?', '["Only drivers under 18","Only drivers with an instruction permit","All drivers, regardless of age","Only drivers in school zones"]', 2, 'NRS 484B.165 prohibits handheld phone use by all drivers in Nevada.', 3
);
INSERT OR REPLACE INTO quiz_question (id, quizId, prompt, choices, correctIndex, explanation, ordinal) VALUES (
  'q_nv_nevada-gdl-restrictions-in-daily-life_4', 'quiz_nv_nevada-gdl-restrictions-in-daily-life', 'What is a likely consequence of a Nevada teen''s second GDL violation within the restriction period?', '["A written warning only","License suspension of up to 90 days","Mandatory ignition interlock","Loss of driving privileges until age 21"]', 1, 'A second GDL violation can result in a license suspension of up to 90 days under Nevada law.', 4
);
INSERT OR REPLACE INTO lesson (id, moduleId, slug, title, body, estimatedSeatMinutes, ordinal) VALUES (
  'lesson_nv_nevada-specific-rules-and-quirks', 'module_nv_overlay', 'nevada-specific-rules-and-quirks', 'Nevada-Specific Rules and Quirks', '# Nevada-Specific Rules and Quirks

Nevada is a unique driving environment: vast empty desert highways, the Las Vegas Strip''s pedestrian chaos, dust storms in Pahrump, and snow on I-80 over Donner Summit. The rules of the road have evolved to match. Here are the Nevada-specific quirks every new driver should know — they show up on the test and, more importantly, in real driving.

## Move Over Law

Nevada''s Move Over Law (NRS 484B.607) requires drivers approaching any stopped emergency, tow, utility, or Nevada Department of Transportation vehicle with flashing lights to:

- **Move over** one lane away from the stopped vehicle when safe to do so, *or*
- **Slow down** to a reasonable and safe speed below the posted limit if changing lanes is unsafe.

This is strictly enforced on I-15, US-95, and I-80 where roadside stops are routine. Violation is a moving violation and a misdemeanor if it results in injury.

## Pedestrian rules — the Las Vegas factor

Las Vegas Boulevard and downtown Reno have the highest pedestrian density in the state. Nevada law gives pedestrians the right of way in *any* marked or unmarked crosswalk at an intersection. Drivers must come to a **complete stop** — not slow-roll — when a pedestrian is in the same half of the roadway or approaching closely from the other half. Vehicles in adjacent lanes may not pass a vehicle stopped for a pedestrian; this is the cause of many pedestrian fatalities on the Strip and is aggressively cited.

On the Strip itself, **jaywalking is illegal** and pedestrians are funneled to elevated walkways at major intersections (Flamingo, Tropicana, Spring Mountain). If a pedestrian is on the roadway between these crossings, slow down — they are technically in violation but you are still responsible for avoiding them.

## Open container and DUI — Nevada is stricter than you think

Despite the party reputation, Nevada has **strict open-container laws**: no open alcoholic beverage in the passenger area of a vehicle on any public highway. (The famous "drink while walking the Strip" rule applies only to pedestrians within Clark County''s designated zones, *not* to vehicles.) DUI thresholds:

- **0.08% BAC** for drivers 21+
- **0.02% BAC** for drivers under 21 (zero-tolerance)
- **0.04% BAC** for commercial drivers

A first DUI under 21 results in automatic 90-day license suspension and may require an ignition interlock. Nevada has implied-consent: refusing a breath or blood test triggers an automatic one-year revocation, longer than the suspension you''d get for failing.

## Desert driving hazards

Nevada''s terrain creates risks you won''t see in driver-ed videos from other states:

- **Flash floods.** Dry washes can fill in minutes during summer monsoons. *Turn around, don''t drown.* Even 6 inches of moving water can sweep a car away.
- **Dust storms (haboobs).** Common on US-95 between Las Vegas and Tonopah and on I-80 east of Lovelock. If visibility drops, pull *completely off* the roadway, turn off your lights (so cars behind you don''t follow you off the road), set the parking brake, and wait it out.
- **Wildlife.** Wild horses and burros are federally protected and roam free near Reno, Carson City, and along US-50 ("The Loneliest Road in America"). They are unpredictable and large enough to total a vehicle. Slow down at dusk and dawn.
- **Mountain passes.** Snow chains or 4WD with snow tires are *required by law* on posted mountain routes (e.g., I-80 over Donner, SR-431 Mount Rose Highway) during chain-control periods. Penalties for ignoring chain controls run several hundred dollars.

## Speed limits and the "basic speed rule"

Much of rural Nevada is posted at 70–80 mph (I-80 stretches at 80 mph are among the highest in the U.S.). However, Nevada follows the **basic speed rule**: you must drive at a speed reasonable for conditions, regardless of the posted limit. Driving 75 in a 75-mph zone during a dust storm or rain squall is still a citation.

## License plates and registration

Nevada requires **both front and rear license plates**. Front-plate-only car bras or display brackets are not legal substitutes. New residents must transfer out-of-state registration within **30 days** of establishing residency, which includes a smog check (in Clark and Washoe counties for most vehicles model-year 1968 or newer).', 30, 2
);
INSERT OR REPLACE INTO quiz (id, lessonId, title, passingScore, shuffleQuestions) VALUES (
  'quiz_nv_nevada-specific-rules-and-quirks', 'lesson_nv_nevada-specific-rules-and-quirks', 'Nevada-Specific Rules Quiz', 80, 1
);
INSERT OR REPLACE INTO quiz_question (id, quizId, prompt, choices, correctIndex, explanation, ordinal) VALUES (
  'q_nv_nevada-specific-rules-and-quirks_0', 'quiz_nv_nevada-specific-rules-and-quirks', 'Under Nevada''s Move Over Law, what must a driver do when approaching a stopped emergency vehicle with flashing lights?', '["Maintain speed and stay in the same lane","Honk to warn other drivers","Move over a lane if safe, or slow down below the speed limit","Stop completely until the emergency vehicle moves"]', 2, 'Drivers must move over one lane away when safe, or slow to a safe speed below the posted limit if a lane change is unsafe.', 0
);
INSERT OR REPLACE INTO quiz_question (id, quizId, prompt, choices, correctIndex, explanation, ordinal) VALUES (
  'q_nv_nevada-specific-rules-and-quirks_1', 'quiz_nv_nevada-specific-rules-and-quirks', 'What is the BAC limit for a driver under 21 in Nevada?', '["0.00%","0.02%","0.05%","0.08%"]', 1, 'Nevada''s zero-tolerance law sets a 0.02% BAC limit for drivers under 21.', 1
);
INSERT OR REPLACE INTO quiz_question (id, quizId, prompt, choices, correctIndex, explanation, ordinal) VALUES (
  'q_nv_nevada-specific-rules-and-quirks_2', 'quiz_nv_nevada-specific-rules-and-quirks', 'You are driving on US-95 and a dust storm dramatically reduces visibility. What is the correct response?', '["Speed up to get through the storm faster","Turn on high beams and continue at posted speed","Pull completely off the road, turn off your lights, and wait","Stop in the travel lane with hazard lights flashing"]', 2, 'Pull fully off the roadway and turn off all lights so other drivers don''t follow your taillights off the road.', 2
);
INSERT OR REPLACE INTO quiz_question (id, quizId, prompt, choices, correctIndex, explanation, ordinal) VALUES (
  'q_nv_nevada-specific-rules-and-quirks_3', 'quiz_nv_nevada-specific-rules-and-quirks', 'How many license plates must be displayed on a passenger vehicle registered in Nevada?', '["Only a rear plate","Only a front plate","Both front and rear plates","Driver''s choice of one"]', 2, 'Nevada requires both a front and a rear license plate to be displayed.', 3
);
INSERT OR REPLACE INTO quiz_question (id, quizId, prompt, choices, correctIndex, explanation, ordinal) VALUES (
  'q_nv_nevada-specific-rules-and-quirks_4', 'quiz_nv_nevada-specific-rules-and-quirks', 'A pedestrian steps into a marked crosswalk at a Las Vegas intersection. The vehicle in the lane next to you has stopped for them. What must you do?', '["Pass the stopped vehicle if your lane appears clear","Slow down but continue through the crosswalk","Stop and do not pass the vehicle that is stopped for the pedestrian","Honk to warn the pedestrian and proceed"]', 2, 'Nevada law forbids passing a vehicle that is stopped at a crosswalk for a pedestrian; you must also stop.', 4
);

-- New York (NY)
INSERT OR REPLACE INTO rule_pack (id, jurisdiction, slug, name, maturity, createdAt) VALUES (
  'rp_ny_teen', 'US-NY', 'ny-teen', 'New York Teen Driver Education', 'level1', unixepoch('now')*1000
);
INSERT OR REPLACE INTO rule_pack_version (id, rulePackId, version, definition, publishedAt, notes, createdAt) VALUES (
  'rpv_ny_teen_1_0_0', 'rp_ny_teen', '1.0.0', '{"credentials":[{"key":"permit_eligibility","label":"Learner Permit","deliveryMode":"manual"}],"requirements":[{"key":"classroom_hours","label":"Classroom hours","target":24,"unit":"hour"},{"key":"btw_hours","label":"Behind-the-wheel hours","target":0,"unit":"hour"},{"key":"supervised_practice_hours","label":"Supervised practice (parent log)","target":50,"unit":"hour"}],"rules":[{"key":"unlock_permit_eligibility","trigger":"enrollment.state_changed","conditions":{"jurisdiction":"US-NY","minPermitAge":16,"classroomHoursCompleted":{"gte":24}},"actions":[{"type":"unlock_credential","credential":"permit_eligibility"},{"type":"set_journey_state","value":"permit_eligible"}]}],"facts":{"agencyName":"New York State Department of Motor Vehicles (NYSDMV)","minPermitAge":16,"minLicenseAge":16.5,"minPermitDurationMonths":6,"nighttimeRestriction":"Junior permit/license holders generally cannot drive between 9:00 PM and 5:00 AM unless with a parent/guardian, supervising driver, or for limited approved purposes. In New York City, junior permits/licenses are not valid at all.","passengerRestriction":"Junior license holders under 18 may carry no more than one passenger under age 21 unless the additional passengers are immediate family members.","cellPhoneRule":"All drivers are prohibited from using a handheld mobile phone or texting while driving. Junior permit/license holders face heightened penalties including mandatory suspension for a first cell phone or texting conviction.","notes":"New York operates a Graduated Driver License (GDL) system with distinct Junior (Class DJ/MJ) and Senior (Class D/M) credentials. The minimum age for a learner permit is 16. Driver education is not mandatory but completing a NY State-approved high school or commercial driver education course (typically 24+ classroom and 24 in-car/observation hours, often offered through Driving School License (DSL) programs) earns a Certificate of Completion (MV-285) that allows applicants to take the road test at 16.5 (versus 17 without it) and lifts certain junior restrictions once a senior license is issued. A 5-hour Pre-Licensing Course (MV-278) or equivalent driver ed is required before the road test. New York City has unique rules: junior permits and junior licenses (DJ/MJ) are NOT valid for driving in any of the five boroughs of NYC (Manhattan, Bronx, Brooklyn, Queens, Staten Island), and on Long Island, junior license holders face additional restrictions. A 50-hour supervised practice log (form MV-262), including at least 15 hours after sunset, is required before the road test.","needsReview":["Whether the minLicenseAge of 16.5 with driver ed certificate is correctly captured (without driver ed it is 17; junior license without restrictions/upgrade to senior license is at 18)","Exact classroom hours requirement — 24 reflects typical commercial driver ed; the mandatory state Pre-Licensing Course is only 5 hours","Whether requiredBtwHours of 0 is correct — NY does not mandate BTW hours for licensure but driver ed programs typically include in-car instruction","Whether NYC restriction applies to all junior permit holders practicing or only to unsupervised driving","Specific penalty durations for cell phone violations by junior drivers"]}}', unixepoch('now')*1000, 'Generated; school must review and tweak.', unixepoch('now')*1000
);
INSERT OR REPLACE INTO content_pack (id, slug, name, scope, jurisdiction, description, createdAt) VALUES (
  'cp_ny_teen_overlay', 'ny-teen-overlay', 'New York Teen Overlay', 'state', 'US-NY', 'New York-specific licensing content covering how to earn a Junior Learner Permit through the NYSDMV, the Graduated Driver License (GDL) restrictions that shape daily teen driving across the state, and the quirks unique to New York — including the NYC ban on junior license holders, the MV-262 practice log, and the Pre-Licensing Course requirement.', unixepoch('now')*1000
);
INSERT OR REPLACE INTO content_pack_version (id, contentPackId, version, notes, publishedAt, createdAt) VALUES (
  'cpv_ny_teen_overlay_1_0_0', 'cp_ny_teen_overlay', '1.0.0', 'Generated by per-state agent; human review required before publishing.', unixepoch('now')*1000, unixepoch('now')*1000
);
INSERT OR REPLACE INTO course (id, contentPackVersionId, slug, title, description, ordinal) VALUES (
  'course_ny_overlay', 'cpv_ny_teen_overlay_1_0_0', 'ny-overlay', 'New York Teen Driver Overlay', 'New York-specific licensing content covering how to earn a Junior Learner Permit through the NYSDMV, the Graduated Driver License (GDL) restrictions that shape daily teen driving across the state, and the quirks unique to New York — including the NYC ban on junior license holders, the MV-262 practice log, and the Pre-Licensing Course requirement.', 0
);
INSERT OR REPLACE INTO module (id, courseId, slug, title, description, ordinal) VALUES (
  'module_ny_overlay', 'course_ny_overlay', 'ny-teen-overlay', 'New York Teen Driver Overlay', 'New York-specific licensing content covering how to earn a Junior Learner Permit through the NYSDMV, the Graduated Driver License (GDL) restrictions that shape daily teen driving across the state, and the quirks unique to New York — including the NYC ban on junior license holders, the MV-262 practice log, and the Pre-Licensing Course requirement.', 0
);
INSERT OR REPLACE INTO lesson (id, moduleId, slug, title, body, estimatedSeatMinutes, ordinal) VALUES (
  'lesson_ny_getting-your-ny-learner-permit', 'module_ny_overlay', 'getting-your-ny-learner-permit', 'How to Get Your New York Learner Permit', '# How to Get Your New York Learner Permit

In New York, your driving journey starts at age 16 with a **Class DJ Junior Learner Permit** issued by the New York State Department of Motor Vehicles (NYSDMV). This lesson walks you through every step — including the special rules if you live in or want to drive in New York City.

## Step 1: Confirm You Meet the Age Requirement

You must be **at least 16 years old** to apply for a learner permit. If you are under 18, you will receive a *junior* permit (Class DJ for cars, MJ for motorcycles). Once you turn 18, you can upgrade to a Class D *senior* permit or license.

## Step 2: Gather Your Documents

The NYSDMV uses a **6-point ID verification system**. Common combinations for teens include:

- A valid U.S. passport (4 points)
- A certified U.S. birth certificate (2 points)
- Your Social Security card (2 points)
- A high school photo ID or report card (1 point)

You also need **proof of New York State residency** (a parent''s utility bill or bank statement showing your address) and your **Social Security Number**.

If you are under 18, a parent or guardian must sign the **MV-44 application** (Consent of Parent or Guardian).

## Step 3: Take and Pass the Written Knowledge Test

At the DMV office, you will take a **20-question multiple-choice written test** based on the *New York State Driver''s Manual (MV-21)*. You must answer at least **14 of 20** correctly, including at least 2 of the 4 road-sign questions. The test is offered in many languages and is available on tablets at most offices.

New York also allows the written test online for residents 18+, but **teens must take it in person at a DMV office**.

## Step 4: Pass a Vision Screening

You must meet **20/40 vision in at least one eye**, with or without corrective lenses. You can take the screening at the DMV or submit a recent eye exam from a licensed provider using form MV-619.

## Step 5: Pay the Fee

The combined permit and license fee runs roughly **$80 to $108** depending on your county and age. The fee covers your permit plus the eventual photo license document.

## Step 6: Get Your Permit Photo

If approved, you''ll have your photo taken on-site and walk out with a **temporary paper permit** the same day. Your plastic permit card arrives by mail within about two weeks.

## NYC-Specific Rules — Read This Carefully

If you live in New York City (Manhattan, the Bronx, Brooklyn, Queens, or Staten Island), you can still **apply for a junior permit**, but the permit is **NOT valid for driving anywhere within the five boroughs of NYC**. You can only practice driving outside the city — for example, in Westchester, Nassau, or upstate. This rule reflects how dense NYC traffic is considered too challenging for newly permitted teens.

Once you upgrade to a **senior (Class D) license at age 18**, the NYC restriction disappears.

## What Happens Next

After you receive your permit, you must:

1. Hold the permit for **at least 6 months** before taking the road test.
2. Log **50 hours of supervised driving practice** on form MV-262, including **15 hours after sunset** and **10 hours in moderate to heavy traffic**.
3. Complete a **5-hour Pre-Licensing Course (MV-278)** OR a high school/commercial driver education course.
4. Schedule and pass your road test.

With driver education completion, you can take the road test at **16½**. Without it, you must wait until **17**.', 35, 0
);
INSERT OR REPLACE INTO quiz (id, lessonId, title, passingScore, shuffleQuestions) VALUES (
  'quiz_ny_getting-your-ny-learner-permit', 'lesson_ny_getting-your-ny-learner-permit', 'NY Learner Permit Quiz', 80, 1
);
INSERT OR REPLACE INTO quiz_question (id, quizId, prompt, choices, correctIndex, explanation, ordinal) VALUES (
  'q_ny_getting-your-ny-learner-permit_0', 'quiz_ny_getting-your-ny-learner-permit', 'What is the minimum age to apply for a Junior Learner Permit (Class DJ) in New York?', '["15","15 ½","16","17"]', 2, 'New York issues junior learner permits beginning at age 16.', 0
);
INSERT OR REPLACE INTO quiz_question (id, quizId, prompt, choices, correctIndex, explanation, ordinal) VALUES (
  'q_ny_getting-your-ny-learner-permit_1', 'quiz_ny_getting-your-ny-learner-permit', 'If you receive a junior learner permit while living in Brooklyn, where can you practice driving?', '["Anywhere in NYC with a parent","Only in Manhattan during daylight","Anywhere in New York State except the five boroughs of NYC","Only on private property"]', 2, 'Junior permits and licenses are not valid for driving within any of the five boroughs of New York City, regardless of supervision. You must practice outside NYC.', 1
);
INSERT OR REPLACE INTO quiz_question (id, quizId, prompt, choices, correctIndex, explanation, ordinal) VALUES (
  'q_ny_getting-your-ny-learner-permit_2', 'quiz_ny_getting-your-ny-learner-permit', 'How many questions on the NY written knowledge test must you answer correctly to pass?', '["10 of 20","12 of 20","14 of 20","16 of 20"]', 2, 'You must answer at least 14 of 20 questions correctly, including at least 2 of the 4 road-sign questions.', 2
);
INSERT OR REPLACE INTO quiz_question (id, quizId, prompt, choices, correctIndex, explanation, ordinal) VALUES (
  'q_ny_getting-your-ny-learner-permit_3', 'quiz_ny_getting-your-ny-learner-permit', 'What system does the NYSDMV use to verify your identity?', '["3-point check","6-point ID verification","REAL ID match only","Biometric scan"]', 1, 'New York uses a 6-point ID verification system that combines documents of varying point values to confirm identity.', 3
);
INSERT OR REPLACE INTO quiz_question (id, quizId, prompt, choices, correctIndex, explanation, ordinal) VALUES (
  'q_ny_getting-your-ny-learner-permit_4', 'quiz_ny_getting-your-ny-learner-permit', 'What additional requirement must applicants under 18 complete on the MV-44 application?', '["Submit a letter from school","Get a parent or guardian''s consent signature","Provide two character references","Pass a vision test in both eyes"]', 1, 'Applicants under 18 need a parent or guardian to sign the MV-44 application granting consent.', 4
);
INSERT OR REPLACE INTO lesson (id, moduleId, slug, title, body, estimatedSeatMinutes, ordinal) VALUES (
  'lesson_ny_ny-gdl-restrictions-daily-life', 'module_ny_overlay', 'ny-gdl-restrictions-daily-life', 'New York GDL Restrictions in Daily Life', '# New York GDL Restrictions in Daily Life

New York''s **Graduated Driver License (GDL)** system phases in driving privileges. Whether you hold a Junior Learner Permit or a Junior License (DJ), the restrictions below apply every day until you turn 18 or upgrade to a senior license. Knowing these rules cold protects your license — and your insurance rate.

## Permit Phase: Supervision Always

With a junior learner permit you may only drive when:

- A licensed driver **age 21 or older** is in the front passenger seat (or a 18+ driving instructor during a paid lesson).
- You are **outside New York City** entirely (the five-borough ban applies to permit holders).
- It is between **5:00 AM and 9:00 PM** unless your supervising driver is a parent or guardian.
- You are **not on any divided highway in a NYC park** (a long-standing NYC quirk).
- All occupants are wearing **seat belts** — the driver is responsible for passengers under 16.

You may not drive at all on the **Cross County, Hutchinson River, Saw Mill, Bronx River, or other NYC parkways** as a learner.

## Junior License Phase (Class DJ, Outside NYC)

After you pass the road test under age 18, you receive a **Junior Driver License (DJ)**. It allows more independence but keeps several limits:

### Nighttime Curfew
You generally cannot drive between **9:00 PM and 5:00 AM** unless:

- A parent or guardian is in the vehicle, OR
- You are driving **to/from work** with documentation, OR
- You are driving **to/from a school activity** with documentation, OR
- You are driving **to/from a medically necessary appointment**.

Note that Long Island (Nassau and Suffolk Counties) and Westchester County add their own curfew variations — generally requiring supervision after 9 PM in those areas, even though you are outside NYC.

### Passenger Limit
You may carry **no more than one passenger under age 21** in the vehicle, unless the additional passengers are **immediate family members** (siblings, step-siblings) or your spouse. This rule has zero flexibility — "just one friend home from practice" is a violation if another non-family teen is in the car.

### NYC Ban Continues
A junior license is still **not valid in the five boroughs of NYC**. If you want to drive into Manhattan to visit family, you cannot do so legally with a Class DJ.

### Seat Belt Rule
The driver is responsible for ensuring **all passengers under 16** are properly buckled, and **all front-seat occupants** regardless of age. As of 2020, New York extended the seat belt requirement to **all back-seat passengers**, including adults.

## Cell Phones and Distracted Driving

New York is a **hands-free state**. **All drivers** — not just teens — are prohibited from:

- Holding a phone to talk
- Texting, emailing, or browsing
- Taking photos or video while driving

For **junior license holders**, a first conviction for handheld phone use OR texting results in a **mandatory 120-day suspension**. A second conviction within six months brings a **1-year revocation**. There is no warning phase — the law is strictly enforced.

## Penalty for Any GDL Violation

Any conviction for a moving violation while holding a junior permit or license triggers:

- **60-day suspension** for the first conviction
- **6-month revocation** for a second conviction within 6 months of restoration

After restoration, you may be required to repeat the Pre-Licensing Course and retake the road test.

## Upgrading to a Senior License

When you turn **18**, your Class DJ automatically upgrades to a **Class D senior license** with no GDL restrictions — assuming you have not been suspended. If you completed driver education, the upgrade can happen at **17**.', 30, 1
);
INSERT OR REPLACE INTO quiz (id, lessonId, title, passingScore, shuffleQuestions) VALUES (
  'quiz_ny_ny-gdl-restrictions-daily-life', 'lesson_ny_ny-gdl-restrictions-daily-life', 'NY GDL Quiz', 80, 1
);
INSERT OR REPLACE INTO quiz_question (id, quizId, prompt, choices, correctIndex, explanation, ordinal) VALUES (
  'q_ny_ny-gdl-restrictions-daily-life_0', 'quiz_ny_ny-gdl-restrictions-daily-life', 'Under the standard junior license rules, how many passengers under age 21 may you carry?', '["Zero","No more than one (unless immediate family)","No more than three","Unlimited if all wear seat belts"]', 1, 'A junior license holder may carry no more than one passenger under age 21 unless additional passengers are immediate family members.', 0
);
INSERT OR REPLACE INTO quiz_question (id, quizId, prompt, choices, correctIndex, explanation, ordinal) VALUES (
  'q_ny_ny-gdl-restrictions-daily-life_1', 'quiz_ny_ny-gdl-restrictions-daily-life', 'What is the standard nighttime curfew for a Class DJ junior license holder outside NYC?', '["10 PM to 4 AM","9 PM to 5 AM","11 PM to 6 AM","Midnight to 5 AM"]', 1, 'Junior license holders generally cannot drive between 9:00 PM and 5:00 AM unless with a parent/guardian or for documented work, school, or medical purposes.', 1
);
INSERT OR REPLACE INTO quiz_question (id, quizId, prompt, choices, correctIndex, explanation, ordinal) VALUES (
  'q_ny_ny-gdl-restrictions-daily-life_2', 'quiz_ny_ny-gdl-restrictions-daily-life', 'A junior license holder is convicted of using a handheld cell phone for the first time. What is the penalty?', '["Warning only","$50 fine, no suspension","Mandatory 120-day license suspension","Permanent license revocation"]', 2, 'A first handheld phone or texting conviction for a junior driver triggers a mandatory 120-day suspension under New York law.', 2
);
INSERT OR REPLACE INTO quiz_question (id, quizId, prompt, choices, correctIndex, explanation, ordinal) VALUES (
  'q_ny_ny-gdl-restrictions-daily-life_3', 'quiz_ny_ny-gdl-restrictions-daily-life', 'Which of the following is NOT a valid exception to the junior nighttime curfew?', '["Driving to your job with documentation","Driving to a school activity","Driving a friend home from a movie","Driving to a medically necessary appointment"]', 2, 'Driving a friend home from a recreational outing is not a curfew exception. Only documented work, school, medical, or parent-accompanied driving qualifies.', 3
);
INSERT OR REPLACE INTO quiz_question (id, quizId, prompt, choices, correctIndex, explanation, ordinal) VALUES (
  'q_ny_ny-gdl-restrictions-daily-life_4', 'quiz_ny_ny-gdl-restrictions-daily-life', 'Under New York''s seat belt law as updated in 2020, who must wear a seat belt?', '["Only the driver","Only the driver and front-seat passengers","Only passengers under 16","All occupants of the vehicle, including back-seat adults"]', 3, 'New York extended the seat belt requirement to all back-seat passengers, including adults, in 2020.', 4
);
INSERT OR REPLACE INTO lesson (id, moduleId, slug, title, body, estimatedSeatMinutes, ordinal) VALUES (
  'lesson_ny_ny-rules-and-quirks', 'module_ny_overlay', 'ny-rules-and-quirks', 'New York-Specific Rules and Quirks', '# New York-Specific Rules and Quirks

New York''s driving environment is uniquely shaped by **dense urban traffic in NYC**, sprawling suburban parkways on Long Island, and rural roads upstate. These rules are easy to miss in a generic driver''s course — and easy to get ticketed for.

## The MV-262 Pre-Licensing Certification

Before you can take the road test, you must complete **one** of the following:

1. A **5-hour Pre-Licensing Course (MV-278)** — offered by commercial driving schools and some county DMVs. It is a single classroom session covering perception, attitude, and the consequences of driving decisions.
2. A **high school driver education course** approved by the NY Department of Education.
3. A **commercial driver education program** that issues a Certificate of Completion (MV-285).

You must present the completion certificate at the road test site. **Without it, the examiner will not test you.**

## The MV-262 Practice Log

New York requires that you complete **50 hours of supervised driving practice** before the road test, documented on the **MV-262 Certification of Supervised Driving form**. The 50 hours must include:

- **At least 15 hours after sunset**
- **At least 10 hours in moderate to heavy traffic**

A parent or guardian signs the form under penalty of perjury. The examiner will check that the form is signed and dated.

## Parkways Are Not Always Open to All

Many NYC and Long Island **parkways** (Henry Hudson, Saw Mill River, Bronx River, Hutchinson River, Northern State, Southern State, Meadowbrook, Wantagh) are **closed to commercial vehicles** — including pickup trucks with commercial plates and box trucks. The low stone bridges over these parkways were designed for cars only. Even non-commercial pickup trucks have caused famous bridge strikes on the Southern State.

If you are driving a vehicle with a **commercial registration**, you cannot use these roads, even on a personal errand.

## Right Turn on Red — NOT in NYC

Upstate and on Long Island, **right turn on red is allowed after a complete stop** unless a sign prohibits it. In **New York City, right turn on red is PROHIBITED everywhere unless a sign specifically allows it**. This is the opposite of the rest of the state. Many out-of-town teens get tickets for habitually rolling right at a red light in Manhattan or Queens.

## Move Over Law

When approaching any **stopped emergency vehicle, tow truck, or maintenance vehicle** with flashing lights on a road with two or more lanes in your direction, you must **move over one lane**. If you can''t, slow down significantly. Violations carry points and fines.

## DWI and Zero Tolerance for Teens

New York''s Zero Tolerance Law makes it illegal for any driver **under 21** to operate a vehicle with a Blood Alcohol Content of **0.02% or higher**. A first violation:

- **6-month license suspension**
- **$125 civil penalty + $100 suspension termination fee**
- Required to attend a DMV hearing

For drivers 21+, the standard DWI threshold is 0.08%.

## School Bus Stops

You must stop for a stopped school bus with flashing red lights **in all directions**, even on a divided highway. This is stricter than many other states. Violation carries **5 points** on your license and a fine starting at **$250** — and increases sharply for repeat offenses. New York equips many buses with **stop-arm cameras** that automatically generate tickets.

## Snow and Ice Removal

Before driving in winter, you must **clear all snow and ice from your vehicle''s roof, hood, trunk, and lights**. "Christine''s Law" (effective 2024) makes it a violation to drive with accumulated snow/ice that can fly off and hit other vehicles. Fines range from **$150 to $1,200** depending on whether the falling debris causes injury.

## Speed Cameras and Red-Light Cameras

NYC operates **24/7 speed cameras** in school zones (which is now city-wide) and **red-light cameras** at hundreds of intersections. Tickets are mailed to the registered owner, do not carry points, but cost $50 each. As a teen who borrows a parent''s car, remember: the **parent gets the ticket**, but the family may bill you back.', 30, 2
);
INSERT OR REPLACE INTO quiz (id, lessonId, title, passingScore, shuffleQuestions) VALUES (
  'quiz_ny_ny-rules-and-quirks', 'lesson_ny_ny-rules-and-quirks', 'NY Quirks Quiz', 80, 1
);
INSERT OR REPLACE INTO quiz_question (id, quizId, prompt, choices, correctIndex, explanation, ordinal) VALUES (
  'q_ny_ny-rules-and-quirks_0', 'quiz_ny_ny-rules-and-quirks', 'How many supervised practice hours must a New York permit holder log on form MV-262 before the road test?', '["20 hours","30 hours","50 hours","75 hours"]', 2, 'New York requires 50 hours of supervised practice, including at least 15 hours after sunset and 10 in moderate to heavy traffic.', 0
);
INSERT OR REPLACE INTO quiz_question (id, quizId, prompt, choices, correctIndex, explanation, ordinal) VALUES (
  'q_ny_ny-rules-and-quirks_1', 'quiz_ny_ny-rules-and-quirks', 'In New York City, the rule for right turn on red is:', '["Always permitted after a stop","Permitted only on one-way streets","Prohibited unless a sign specifically allows it","Permitted between 6 AM and 9 PM only"]', 2, 'Unlike the rest of the state, NYC prohibits right turn on red everywhere unless a sign specifically permits it.', 1
);
INSERT OR REPLACE INTO quiz_question (id, quizId, prompt, choices, correctIndex, explanation, ordinal) VALUES (
  'q_ny_ny-rules-and-quirks_2', 'quiz_ny_ny-rules-and-quirks', 'Under New York''s Zero Tolerance Law, what is the maximum BAC for a driver under 21?', '["0.00%","0.02%","0.05%","0.08%"]', 1, 'Drivers under 21 face a 6-month suspension for a BAC of 0.02% or higher under the Zero Tolerance Law.', 2
);
INSERT OR REPLACE INTO quiz_question (id, quizId, prompt, choices, correctIndex, explanation, ordinal) VALUES (
  'q_ny_ny-rules-and-quirks_3', 'quiz_ny_ny-rules-and-quirks', 'You are on a four-lane road and a school bus stops on the opposite side with red lights flashing. What must you do in New York?', '["Continue at normal speed — opposite direction does not apply","Slow to 20 mph and proceed","Stop completely until the red lights stop flashing","Honk to alert the bus driver"]', 2, 'New York requires drivers in all directions, even on divided highways, to stop for a school bus displaying flashing red lights.', 3
);
INSERT OR REPLACE INTO quiz_question (id, quizId, prompt, choices, correctIndex, explanation, ordinal) VALUES (
  'q_ny_ny-rules-and-quirks_4', 'quiz_ny_ny-rules-and-quirks', 'Which type of vehicle is generally PROHIBITED from using NYC and Long Island parkways like the Saw Mill or Southern State?', '["Hybrid sedans","Motorcycles","Commercial vehicles, including commercially plated pickup trucks","Cars with out-of-state plates"]', 2, 'Parkways in the NYC metro area prohibit commercial vehicles due to low stone bridges that were designed for passenger cars only.', 4
);

-- Ohio (OH)
INSERT OR REPLACE INTO rule_pack (id, jurisdiction, slug, name, maturity, createdAt) VALUES (
  'rp_oh_teen', 'US-OH', 'oh-teen', 'Ohio Teen Driver Education', 'level1', unixepoch('now')*1000
);
INSERT OR REPLACE INTO rule_pack_version (id, rulePackId, version, definition, publishedAt, notes, createdAt) VALUES (
  'rpv_oh_teen_1_0_0', 'rp_oh_teen', '1.0.0', '{"credentials":[{"key":"permit_eligibility","label":"Temporary Instruction Permit Identification Card (TIPIC)","deliveryMode":"manual"}],"requirements":[{"key":"classroom_hours","label":"Classroom hours","target":24,"unit":"hour"},{"key":"btw_hours","label":"Behind-the-wheel hours","target":8,"unit":"hour"},{"key":"supervised_practice_hours","label":"Supervised practice (parent log)","target":50,"unit":"hour"}],"rules":[{"key":"unlock_permit_eligibility","trigger":"enrollment.state_changed","conditions":{"jurisdiction":"US-OH","minPermitAge":15.5,"classroomHoursCompleted":{"gte":24}},"actions":[{"type":"unlock_credential","credential":"permit_eligibility"},{"type":"set_journey_state","value":"permit_eligible"}]}],"facts":{"agencyName":"Ohio Bureau of Motor Vehicles (Ohio BMV)","minPermitAge":15.5,"minLicenseAge":16,"minPermitDurationMonths":6,"nighttimeRestriction":"First 12 months (or until age 17): no driving midnight to 6 a.m. unless accompanied by a parent/guardian or for documented work, school, religious, or emergency reasons. Months 12 to 18 (or until age 18): no driving 1 a.m. to 5 a.m. with the same exceptions.","passengerRestriction":"For the first 12 months after licensure (or until age 17), drivers under 17 may not transport more than one non-family passenger unless a parent or guardian is in the vehicle.","cellPhoneRule":"Ohio''s 2023 hands-free law bans drivers of all ages from holding or using a phone or other electronic device while driving. Drivers under 18 are also barred from any use of cell phones or other wireless communication devices while operating a vehicle, even hands-free.","notes":"Ohio''s Graduated Driver Licensing (GDL) program is administered by the Ohio BMV with driver training delivered through Ohio Department of Public Safety (ODPS) approved providers. Teens under 18 must complete a 24-hour classroom (or online) course plus 8 hours of behind-the-wheel instruction with a licensed instructor, then log 50 hours of supervised practice driving (10 of which must be at night) certified by a parent or guardian. Applicants must hold the TIPIC for at least 6 months before testing for a probationary license. Knowledge and vision tests are taken at a BMV Driver Exam Station; the road skills test is administered by a state-contracted third-party examiner.","needsReview":["Exact current fee for the TIPIC and probationary license","Whether the 50-hour log form has been renamed or restructured recently","Current list of ODPS-approved online classroom providers","Any 2025-2026 updates to the hands-free enforcement (primary vs. secondary)","Specific wording of work/school exemption documentation required"]}}', unixepoch('now')*1000, 'Generated; school must review and tweak.', unixepoch('now')*1000
);
INSERT OR REPLACE INTO content_pack (id, slug, name, scope, jurisdiction, description, createdAt) VALUES (
  'cp_oh_teen_overlay', 'oh-teen-overlay', 'Ohio Teen Overlay', 'state', 'US-OH', 'Ohio-specific guidance covering how teens earn a Temporary Instruction Permit Identification Card (TIPIC), live within Graduated Driver Licensing restrictions, and navigate Ohio''s hands-free law, move-over rule, and other state quirks.', unixepoch('now')*1000
);
INSERT OR REPLACE INTO content_pack_version (id, contentPackId, version, notes, publishedAt, createdAt) VALUES (
  'cpv_oh_teen_overlay_1_0_0', 'cp_oh_teen_overlay', '1.0.0', 'Generated by per-state agent; human review required before publishing.', unixepoch('now')*1000, unixepoch('now')*1000
);
INSERT OR REPLACE INTO course (id, contentPackVersionId, slug, title, description, ordinal) VALUES (
  'course_oh_overlay', 'cpv_oh_teen_overlay_1_0_0', 'oh-overlay', 'Ohio Teen Driver Overlay', 'Ohio-specific guidance covering how teens earn a Temporary Instruction Permit Identification Card (TIPIC), live within Graduated Driver Licensing restrictions, and navigate Ohio''s hands-free law, move-over rule, and other state quirks.', 0
);
INSERT OR REPLACE INTO module (id, courseId, slug, title, description, ordinal) VALUES (
  'module_oh_overlay', 'course_oh_overlay', 'oh-teen-overlay', 'Ohio Teen Driver Overlay', 'Ohio-specific guidance covering how teens earn a Temporary Instruction Permit Identification Card (TIPIC), live within Graduated Driver Licensing restrictions, and navigate Ohio''s hands-free law, move-over rule, and other state quirks.', 0
);
INSERT OR REPLACE INTO lesson (id, moduleId, slug, title, body, estimatedSeatMinutes, ordinal) VALUES (
  'lesson_oh_how-to-get-an-ohio-tipic', 'module_oh_overlay', 'how-to-get-an-ohio-tipic', 'How to Get Your Ohio Temporary Instruction Permit (TIPIC)', '## The Ohio teen path starts with a TIPIC

In Ohio, the learner permit you carry in your wallet is officially called the **Temporary Instruction Permit Identification Card**, almost always shortened to **TIPIC**. You can apply as early as **age 15 years, 6 months**, and you must hold it for **at least 6 months** before you are eligible to test for a probationary driver license. The TIPIC is issued by the **Ohio Bureau of Motor Vehicles (BMV)** and the knowledge test is given at a **Driver Exam Station**, which is a separate location from the deputy registrar where you eventually get your plastic license card.

## Step 1 — Enroll in driver education first (if you''re under 18)

Anyone under 18 must complete a state-approved driver education program **before** getting a probationary license. The program consists of:

- **24 hours of classroom instruction** (in-person or through an Ohio Department of Public Safety approved online course), and
- **8 hours of behind-the-wheel (BTW) instruction** with a licensed driving instructor.

You are allowed to start the classroom portion before you turn 15 1/2, but you cannot start BTW lessons until you have your TIPIC in hand.

## Step 2 — Gather your documents

Bring originals (no photocopies) to the Driver Exam Station:

1. **Proof of full legal name and date of birth** — certified U.S. birth certificate or valid passport.
2. **Proof of Social Security number** — Social Security card, W-2, or pay stub showing the full SSN.
3. **Proof of Ohio residency** — two documents such as a utility bill, school record, or bank statement addressed to your parent/guardian.
4. **Proof of legal presence** — generally satisfied by the birth certificate or passport above.
5. A **parent or legal guardian** must accompany you and sign the application, because you are a minor.

If you want a **compliant** card (the one with a gold star, usable for boarding domestic flights), bring the documents listed for REAL ID; otherwise you''ll receive a standard card marked "Not For Federal Identification."

## Step 3 — Pass the tests

At the Driver Exam Station you''ll take:

- A **vision screening**.
- A **knowledge test** covering road signs and Ohio traffic law (40 questions; you must score 75% on each section). The questions come straight from the **Ohio Digest of Motor Vehicle Laws**, which is free to download from the BMV website.

Pay the TIPIC fee at the exam station. You''ll leave with a paper temporary permit; the plastic TIPIC card arrives by mail within about 10 business days.

## Step 4 — Drive with the right supervision

While holding the TIPIC, you may only drive when accompanied by:

- A **licensed parent, guardian, or driving instructor** seated in the front passenger seat, **or**
- Any **licensed driver 21 or older** if your parent/guardian has authorized it.

You cannot drive between **midnight and 6 a.m.** on a TIPIC unless accompanied by a parent or guardian. The whole car must be belted, and Ohio''s hands-free law applies to you the moment the engine starts.

## Step 5 — Log your 50 hours

Before the road test, your parent or guardian must certify that you completed **50 hours of supervised driving**, including **at least 10 hours at night**. Use the log form provided by your driving school or the BMV. Keep it accurate — examiners can and do ask to see it.

## What''s next

Once you''ve held the TIPIC for six months, completed driver ed, and logged your hours, you can schedule the **maneuverability and road skills test** with a state-contracted third-party examiner. Pass that, return to a deputy registrar with your test results, and you''ll be issued an Ohio probationary license valid until your 21st birthday.', 45, 0
);
INSERT OR REPLACE INTO quiz (id, lessonId, title, passingScore, shuffleQuestions) VALUES (
  'quiz_oh_how-to-get-an-ohio-tipic', 'lesson_oh_how-to-get-an-ohio-tipic', 'Ohio TIPIC Basics Quiz', 80, 1
);
INSERT OR REPLACE INTO quiz_question (id, quizId, prompt, choices, correctIndex, explanation, ordinal) VALUES (
  'q_oh_how-to-get-an-ohio-tipic_0', 'quiz_oh_how-to-get-an-ohio-tipic', 'What is the earliest age an Ohio teen can apply for a Temporary Instruction Permit Identification Card (TIPIC)?', '["15 years old","15 years, 6 months","16 years old","16 years, 6 months"]', 1, 'Ohio allows TIPIC application starting at exactly 15 years and 6 months of age.', 0
);
INSERT OR REPLACE INTO quiz_question (id, quizId, prompt, choices, correctIndex, explanation, ordinal) VALUES (
  'q_oh_how-to-get-an-ohio-tipic_1', 'quiz_oh_how-to-get-an-ohio-tipic', 'How long must an Ohio teen under 18 hold the TIPIC before taking the road test?', '["3 months","6 months","9 months","12 months"]', 1, 'Ohio requires a minimum 6-month TIPIC holding period before the probationary license skills test.', 1
);
INSERT OR REPLACE INTO quiz_question (id, quizId, prompt, choices, correctIndex, explanation, ordinal) VALUES (
  'q_oh_how-to-get-an-ohio-tipic_2', 'quiz_oh_how-to-get-an-ohio-tipic', 'Which combination correctly describes Ohio''s driver education requirement for teens under 18?', '["30 hours classroom + 6 hours behind-the-wheel","24 hours classroom + 8 hours behind-the-wheel","20 hours classroom + 10 hours behind-the-wheel","40 hours classroom + 4 hours behind-the-wheel"]', 1, 'Ohio requires 24 classroom hours plus 8 hours of behind-the-wheel instruction with a licensed instructor.', 2
);
INSERT OR REPLACE INTO quiz_question (id, quizId, prompt, choices, correctIndex, explanation, ordinal) VALUES (
  'q_oh_how-to-get-an-ohio-tipic_3', 'quiz_oh_how-to-get-an-ohio-tipic', 'How many hours of supervised practice driving must a parent or guardian certify before the road test, and how many of those must be at night?', '["30 hours total, 5 at night","40 hours total, 8 at night","50 hours total, 10 at night","60 hours total, 15 at night"]', 2, 'Ohio requires 50 supervised hours, with at least 10 of those hours completed at night.', 3
);
INSERT OR REPLACE INTO quiz_question (id, quizId, prompt, choices, correctIndex, explanation, ordinal) VALUES (
  'q_oh_how-to-get-an-ohio-tipic_4', 'quiz_oh_how-to-get-an-ohio-tipic', 'While driving on a TIPIC, who must be in the front passenger seat?', '["Any licensed driver 18 or older","Only a certified driving instructor","A licensed parent or guardian, a driving instructor, or (with parental approval) a licensed driver age 21+","Anyone with a valid driver license"]', 2, 'A TIPIC holder must be supervised by a parent/guardian or instructor, or a licensed driver 21+ if the parent/guardian has authorized it.', 4
);
INSERT OR REPLACE INTO lesson (id, moduleId, slug, title, body, estimatedSeatMinutes, ordinal) VALUES (
  'lesson_oh_ohio-gdl-restrictions-daily-life', 'module_oh_overlay', 'ohio-gdl-restrictions-daily-life', 'Living With Ohio''s GDL Restrictions', '## You got the probationary license — now what?

When an Ohio teen passes the road test before their 18th birthday, the BMV issues a **probationary driver license**. It looks similar to an adult license but carries **Graduated Driver Licensing (GDL)** restrictions that change as you age and gain experience. Understanding them prevents a quick trip to driving court.

## Curfew, in two phases

Ohio splits the teen curfew into two tiers:

- **First 12 months of licensure, or until you turn 17 (whichever comes first):** no driving between **midnight and 6 a.m.** without a parent or guardian in the car.
- **From age 17 to 18 (or after the first 12 months):** the window narrows to **1 a.m. to 5 a.m.**

Exceptions exist for **work, school-sponsored activities, religious events, and emergencies**, but you must carry documentation — for instance, a signed note from your employer with the address and your shift hours. "My friend''s house" is not an exception, and "I lost track of time" is not an emergency.

## Passenger limits

Until the **first anniversary** of your probationary license **or until you turn 17**, you may carry **only one non-family passenger** unless a parent or guardian is along for the ride. "Family" means people related to you by blood, marriage, or adoption who live in your household. This is one of the most-cited GDL violations in Ohio — that car full of teammates after practice is not allowed in year one.

## Seat belts apply to everyone in your car

Under the GDL rules, **all occupants** of a vehicle driven by a probationary license holder must wear seat belts, regardless of where they sit. For adult drivers, Ohio''s adult belt law is technically secondary enforcement only for back-seat occupants 15 and older, but for teens it is **primary** — an officer can pull you over solely because a passenger is unbelted.

## Hands-free, period

Ohio enacted a hands-free law in 2023 that bans **all drivers** from holding or manipulating a phone, tablet, or other electronic device. For drivers under 18, the rule is stricter: **no use of any wireless communication device while driving, even hands-free.** That means no Bluetooth calls, no voice-to-text, no scrolling at a red light. Practically, set your destination, queue your music, and silence notifications before you put the car in drive.

## What happens if you get a ticket

The GDL has a "two strikes" structure. If you are convicted of two **moving violations** while holding the probationary license, the BMV requires you to be accompanied by a parent or guardian whenever you drive **for the next six months**, or until you turn 17 — whichever is longer. A third conviction triggers a **license suspension**. A single conviction for a serious offense (OVI, drag racing, fleeing) can trigger immediate suspension and re-testing.

## When do the restrictions go away?

Most GDL restrictions lift automatically at **age 18**. The hands-free law, of course, stays with you for life. The seat belt habit should too.

## Real-world planning tips

- If your shift ends at 11:45 p.m. and your drive home is 20 minutes, you''re already in a curfew gray zone. Keep your work schedule in the car.
- Saturday morning at 5:45 a.m. for fishing with one friend? Legal at 17, illegal at 16-and-fresh-licensed.
- Carpooling siblings counts as family. Carpooling cousins who don''t live with you does not.', 35, 1
);
INSERT OR REPLACE INTO quiz (id, lessonId, title, passingScore, shuffleQuestions) VALUES (
  'quiz_oh_ohio-gdl-restrictions-daily-life', 'lesson_oh_ohio-gdl-restrictions-daily-life', 'Ohio GDL Daily Life Quiz', 80, 1
);
INSERT OR REPLACE INTO quiz_question (id, quizId, prompt, choices, correctIndex, explanation, ordinal) VALUES (
  'q_oh_ohio-gdl-restrictions-daily-life_0', 'quiz_oh_ohio-gdl-restrictions-daily-life', 'During the first 12 months of an Ohio probationary license (or until age 17), what nighttime driving rule applies?', '["No driving between 10 p.m. and 5 a.m.","No driving between midnight and 6 a.m. without a parent or guardian","No driving between 1 a.m. and 5 a.m. without any adult","No nighttime restriction once you have any license"]', 1, 'Ohio''s first-tier curfew bans driving from midnight to 6 a.m. without a parent or guardian, with limited work/school/religious/emergency exceptions.', 0
);
INSERT OR REPLACE INTO quiz_question (id, quizId, prompt, choices, correctIndex, explanation, ordinal) VALUES (
  'q_oh_ohio-gdl-restrictions-daily-life_1', 'quiz_oh_ohio-gdl-restrictions-daily-life', 'How does Ohio''s curfew change after the first 12 months (or after age 17)?', '["All restrictions disappear","It tightens to 10 p.m. to 6 a.m.","It narrows to 1 a.m. to 5 a.m.","It applies only to school nights"]', 2, 'The second-tier Ohio teen curfew applies from 1 a.m. to 5 a.m. until the driver turns 18.', 1
);
INSERT OR REPLACE INTO quiz_question (id, quizId, prompt, choices, correctIndex, explanation, ordinal) VALUES (
  'q_oh_ohio-gdl-restrictions-daily-life_2', 'quiz_oh_ohio-gdl-restrictions-daily-life', 'In year one of an Ohio probationary license, who can ride with the teen driver?', '["Up to three non-family teens","Only one non-family passenger, unless a parent or guardian is also in the car","Any number of family members or friends","No passengers at all"]', 1, 'Ohio limits new teen drivers to one non-family passenger during the first year unless a parent or guardian is present.', 2
);
INSERT OR REPLACE INTO quiz_question (id, quizId, prompt, choices, correctIndex, explanation, ordinal) VALUES (
  'q_oh_ohio-gdl-restrictions-daily-life_3', 'quiz_oh_ohio-gdl-restrictions-daily-life', 'Under Ohio law, how can a driver under 18 legally use a cell phone while driving?', '["Hands-free only","For navigation only","Not at all — any use of a wireless communication device is prohibited","Only when the car is stopped at a light"]', 2, 'Ohio prohibits any use of a wireless communication device by drivers under 18, including hands-free use and use at stoplights.', 3
);
INSERT OR REPLACE INTO quiz_question (id, quizId, prompt, choices, correctIndex, explanation, ordinal) VALUES (
  'q_oh_ohio-gdl-restrictions-daily-life_4', 'quiz_oh_ohio-gdl-restrictions-daily-life', 'What happens after two moving-violation convictions during the Ohio probationary period?', '["Nothing — you get a warning","The license is suspended permanently","The teen must be accompanied by a parent or guardian for the next 6 months or until age 17, whichever is longer","The teen must retake the classroom course"]', 2, 'Two moving violations trigger a parent/guardian accompaniment requirement; a third conviction triggers suspension.', 4
);
INSERT OR REPLACE INTO lesson (id, moduleId, slug, title, body, estimatedSeatMinutes, ordinal) VALUES (
  'lesson_oh_ohio-specific-rules-and-quirks', 'module_oh_overlay', 'ohio-specific-rules-and-quirks', 'Ohio Rules and Quirks Every New Driver Should Know', '## Ohio has a few rules you won''t find spelled out the same way elsewhere

Most states share a common base of traffic law, but Ohio has its own personality. These are the rules and conventions that trip up new — and even experienced — drivers most often.

## The "Move Over" law applies to a lot more than police cars

Ohio''s Move Over law (R.C. 4511.213) requires you, when approaching **any stationary vehicle with flashing lights** on a road with two or more lanes in your direction, to either **change lanes away from the vehicle** if it is safe to do so, or **slow down significantly** if changing lanes is not safe. The list of covered vehicles is broad: law enforcement, fire, EMS, tow trucks, road maintenance, utility vehicles, waste collection, and even **regular motorists who are stopped on the shoulder with hazard lights on**. Violations are primary-enforcement and carry escalating fines, especially if the failure results in injury.

## Right turn on red — yes, but read the sign

Like most states, Ohio allows a right turn on red after a complete stop unless a sign prohibits it. Less well known: **left turn on red is also legal in Ohio from a one-way street onto another one-way street** after a complete stop, again unless signed otherwise. Many intersections in Cincinnati, Columbus, and Cleveland use this rule daily.

## Funeral processions have special standing

Ohio gives **funeral processions** the right-of-way at intersections once the lead vehicle has lawfully entered, even against a red light, provided each car in the procession has its headlights on and a flag or marker. Cutting into a procession is a specific traffic offense. New drivers should slow, hold their position, and let the entire line pass.

## "Failure to control" is the classic Ohio catch-all

If you slide off a snowy road, rear-end someone in traffic, or hit a curb hard, the officer''s most common citation in Ohio is **failure to control** (R.C. 4511.202). It''s a two-point offense and is often the first ticket new drivers see. Drive for the conditions, not the speed limit — black ice on a 65-mph rural highway is famous in Ohio.

## School buses, two ways

When a school bus stops with **flashing red lights and the stop arm extended**:

- On a **two-lane road**, all traffic in both directions must stop and remain stopped until the bus moves or extinguishes its lights.
- On a road with **four or more lanes**, only traffic moving in the **same direction** as the bus must stop; oncoming traffic may proceed with caution.

Under Ohio law you must remain stopped at least **10 feet** from the bus. Violations are primary offenses and can include a license suspension.

## Snow emergencies and the county-by-county color code

Ohio counties issue **snow emergency levels** declared by the county sheriff:

- **Level 1:** roads are hazardous; drive cautiously.
- **Level 2:** only those who feel it is necessary to drive should be on the roads; contact your employer.
- **Level 3:** all roadways are closed to non-emergency personnel. Driving is a misdemeanor and you may be cited.

Check your county sheriff''s site or local news before driving during winter storms.

## Headlights, wipers, and the "if one, then the other" rule

Ohio requires headlights from **sunset to sunrise**, in any **adverse weather** that limits visibility to less than 1,000 feet, and **whenever your windshield wipers are in continuous use** due to weather. Driving in rain with wipers on and headlights off is a frequent citation.

## License plates — front and rear

As of July 1, 2020, Ohio **eliminated the front plate requirement**. Only a **rear plate** is required. You''ll still see many older Ohio cars with front plates and many Ohioans who simply prefer them, but it''s optional.

## Bicycles get a full lane

Ohio law treats bicycles as vehicles. When passing a cyclist, you must give **at least 3 feet of clearance**, and you may legally cross a double-yellow line to do so when oncoming traffic is clear. Squeezing past a cyclist in the same lane is illegal.

## Pump-your-own gas (and the no-cash quirk)

Ohio is a self-serve gas state — there is no "full service required" oddity like New Jersey or Oregon. However, many Ohio stations require **prepay after dark**, and some smaller-town stations still mark pumps **cash only** with a higher credit price. Look before you lift the nozzle.', 40, 2
);
INSERT OR REPLACE INTO quiz (id, lessonId, title, passingScore, shuffleQuestions) VALUES (
  'quiz_oh_ohio-specific-rules-and-quirks', 'lesson_oh_ohio-specific-rules-and-quirks', 'Ohio Rules and Quirks Quiz', 80, 1
);
INSERT OR REPLACE INTO quiz_question (id, quizId, prompt, choices, correctIndex, explanation, ordinal) VALUES (
  'q_oh_ohio-specific-rules-and-quirks_0', 'quiz_oh_ohio-specific-rules-and-quirks', 'Under Ohio''s Move Over law, which of the following triggers the requirement to change lanes or slow down?', '["Only marked police cruisers with lights flashing","Police, fire, EMS, tow trucks, utility vehicles, and ordinary motorists stopped with hazard lights on","Only emergency vehicles actively responding to a call","Only vehicles parked in a marked construction zone"]', 1, 'Ohio''s Move Over law covers any stationary vehicle with flashing lights, including private motorists with hazards on.', 0
);
INSERT OR REPLACE INTO quiz_question (id, quizId, prompt, choices, correctIndex, explanation, ordinal) VALUES (
  'q_oh_ohio-specific-rules-and-quirks_1', 'quiz_oh_ohio-specific-rules-and-quirks', 'In Ohio, when is a left turn on red legal?', '["Never — left turn on red is always illegal","From any street onto any street after a full stop","From a one-way street onto another one-way street, after a complete stop, unless prohibited by a sign","Only during overnight hours"]', 2, 'Ohio allows a left-on-red from a one-way onto a one-way after a complete stop, unless a sign prohibits it.', 1
);
INSERT OR REPLACE INTO quiz_question (id, quizId, prompt, choices, correctIndex, explanation, ordinal) VALUES (
  'q_oh_ohio-specific-rules-and-quirks_2', 'quiz_oh_ohio-specific-rules-and-quirks', 'On a two-lane road, what must you do when a school bus stops with red lights flashing and the stop arm out?', '["Slow to 20 mph and pass with caution","Stop only if you are behind the bus","Stop in both directions at least 10 feet from the bus and remain stopped until the bus moves or lights are off","Pass on the left at any speed"]', 2, 'On a two-lane road, traffic in both directions must stop at least 10 feet from the bus until the lights stop flashing.', 2
);
INSERT OR REPLACE INTO quiz_question (id, quizId, prompt, choices, correctIndex, explanation, ordinal) VALUES (
  'q_oh_ohio-specific-rules-and-quirks_3', 'quiz_oh_ohio-specific-rules-and-quirks', 'What does an Ohio county Snow Emergency Level 3 mean?', '["Schools are closed but driving is fine","Only commercial trucks must stay off the road","All roadways are closed to non-emergency personnel and driving may be cited as a misdemeanor","Headlights are required even during the day"]', 2, 'Level 3 closes county roads to non-emergency drivers; driving in violation can result in a misdemeanor citation.', 3
);
INSERT OR REPLACE INTO quiz_question (id, quizId, prompt, choices, correctIndex, explanation, ordinal) VALUES (
  'q_oh_ohio-specific-rules-and-quirks_4', 'quiz_oh_ohio-specific-rules-and-quirks', 'What is Ohio''s current rule on front license plates for passenger cars?', '["Both front and rear plates are required","Only the front plate is required","Only the rear plate is required as of July 2020","Plates are optional in Ohio"]', 2, 'Ohio eliminated the front-plate requirement effective July 1, 2020; only a rear plate is required.', 4
);

-- Oklahoma (OK)
INSERT OR REPLACE INTO rule_pack (id, jurisdiction, slug, name, maturity, createdAt) VALUES (
  'rp_ok_teen', 'US-OK', 'ok-teen', 'Oklahoma Teen Driver Education', 'level1', unixepoch('now')*1000
);
INSERT OR REPLACE INTO rule_pack_version (id, rulePackId, version, definition, publishedAt, notes, createdAt) VALUES (
  'rpv_ok_teen_1_0_0', 'rp_ok_teen', '1.0.0', '{"credentials":[{"key":"permit_eligibility","label":"Learner Permit","deliveryMode":"manual"}],"requirements":[{"key":"classroom_hours","label":"Classroom hours","target":30,"unit":"hour"},{"key":"btw_hours","label":"Behind-the-wheel hours","target":6,"unit":"hour"},{"key":"supervised_practice_hours","label":"Supervised practice (parent log)","target":50,"unit":"hour"}],"rules":[{"key":"unlock_permit_eligibility","trigger":"enrollment.state_changed","conditions":{"jurisdiction":"US-OK","minPermitAge":15.5,"classroomHoursCompleted":{"gte":30}},"actions":[{"type":"unlock_credential","credential":"permit_eligibility"},{"type":"set_journey_state","value":"permit_eligible"}]}],"facts":{"agencyName":"Oklahoma Department of Public Safety (DPS) - Driver License Services / Service Oklahoma","minPermitAge":15.5,"minLicenseAge":16,"minPermitDurationMonths":6,"nighttimeRestriction":"Intermediate license holders may not drive between 10:00 PM and 5:00 AM unless accompanied by a licensed driver 21 or older, or for work, school, or emergency.","passengerRestriction":"Intermediate license holders may not have more than one passenger in the front seat, and total passengers may not exceed the number of seat belts. Limited to one non-family passenger unless supervised by a licensed driver 21+.","cellPhoneRule":"Drivers under 18 with a learner permit or intermediate license are prohibited from using any handheld electronic communication device while driving. Texting while driving is banned for all drivers statewide.","notes":"Oklahoma''s Graduated Driver License (GDL) program is administered through Service Oklahoma (formerly DPS Driver License Services). Teens who complete an approved driver education course (30 hours classroom + 6 hours behind-the-wheel) may obtain a learner permit at 15 years and 6 months; without driver ed, the minimum permit age is 16. The permit must be held for at least 6 months before advancing to an intermediate license. The intermediate license carries night driving and passenger restrictions until age 16.5 or 6 months of restriction-free driving, whichever is later. A full unrestricted license is available at 16.5 with a clean driving record, or at 17 otherwise. Parent/guardian signature is required for any applicant under 18. Oklahoma uses paper testing at some tag agencies and online scheduling through Service Oklahoma for most road tests.","needsReview":["Exact passenger restriction wording for Oklahoma intermediate license (one non-family passenger rule sourced from training data, may need verification against current Service Oklahoma rules)","Whether the 50-hour supervised practice requirement is statutorily required or only strongly recommended in Oklahoma","Current status of Service Oklahoma transition from DPS Driver License Services - agency naming may have shifted further","Exact age at which intermediate license restrictions lift (16.5 vs 17) under current statute","Whether driver ed waiver/substitution rules still allow 15.5 permit issuance or if minimum has changed"]}}', unixepoch('now')*1000, 'Generated; school must review and tweak.', unixepoch('now')*1000
);
INSERT OR REPLACE INTO content_pack (id, slug, name, scope, jurisdiction, description, createdAt) VALUES (
  'cp_ok_teen_overlay', 'ok-teen-overlay', 'Oklahoma Teen Overlay', 'state', 'US-OK', 'Oklahoma-specific supplemental lessons covering Service Oklahoma permit procedures, the state''s Graduated Driver License restrictions in real-world situations, and rules unique to driving on Oklahoma roads.', unixepoch('now')*1000
);
INSERT OR REPLACE INTO content_pack_version (id, contentPackId, version, notes, publishedAt, createdAt) VALUES (
  'cpv_ok_teen_overlay_1_0_0', 'cp_ok_teen_overlay', '1.0.0', 'Generated by per-state agent; human review required before publishing.', unixepoch('now')*1000, unixepoch('now')*1000
);
INSERT OR REPLACE INTO course (id, contentPackVersionId, slug, title, description, ordinal) VALUES (
  'course_ok_overlay', 'cpv_ok_teen_overlay_1_0_0', 'ok-overlay', 'Oklahoma Teen Driver Overlay', 'Oklahoma-specific supplemental lessons covering Service Oklahoma permit procedures, the state''s Graduated Driver License restrictions in real-world situations, and rules unique to driving on Oklahoma roads.', 0
);
INSERT OR REPLACE INTO module (id, courseId, slug, title, description, ordinal) VALUES (
  'module_ok_overlay', 'course_ok_overlay', 'ok-teen-overlay', 'Oklahoma Teen Driver Overlay', 'Oklahoma-specific supplemental lessons covering Service Oklahoma permit procedures, the state''s Graduated Driver License restrictions in real-world situations, and rules unique to driving on Oklahoma roads.', 0
);
INSERT OR REPLACE INTO lesson (id, moduleId, slug, title, body, estimatedSeatMinutes, ordinal) VALUES (
  'lesson_ok_how-to-get-an-oklahoma-learner-permit', 'module_ok_overlay', 'how-to-get-an-oklahoma-learner-permit', 'How to Get a Learner Permit in Oklahoma', '# How to Get a Learner Permit in Oklahoma

Getting your first driving credential in Oklahoma is handled by **Service Oklahoma** (the agency that took over most driver licensing functions from the Department of Public Safety). This lesson walks you through the exact steps, paperwork, and fees so you arrive at your appointment prepared.

## Step 1: Know Your Minimum Age

Oklahoma is one of a shrinking number of states that lets you start earlier *if* you complete driver education:

- **15 years and 6 months** — if you complete an approved driver education course (30 hours of classroom plus 6 hours of behind-the-wheel instruction).
- **16 years old** — if you do not complete driver ed.

Because this course you are taking counts toward the driver-ed requirement, plan to finish all classroom and behind-the-wheel hours before your 15.5 birthday if you want to test on the earliest possible day.

## Step 2: Gather Your Documents

Service Oklahoma uses the federal REAL ID document standard, so you will need originals (no photocopies) of:

1. **Proof of identity** — certified U.S. birth certificate, valid U.S. passport, or permanent resident card.
2. **Proof of Social Security number** — Social Security card, W-2, or pay stub with full SSN.
3. **Two proofs of Oklahoma residency** — utility bill, bank statement, school records, or a parent''s documents combined with a notarized affidavit if you live with them.
4. **Parent or guardian signature** — anyone under 18 must have a parent or legal guardian present to sign the application in front of the examiner. If only one parent has custody, bring the court order.
5. **School enrollment/attendance verification** — Oklahoma''s "Stay in School" law requires applicants under 18 to show they are enrolled, have graduated, or have a GED. Your school counselor can issue the form.
6. **Driver education completion certificate** — issued by your driving school once classroom and BTW hours are finished.

## Step 3: Schedule Your Knowledge Test

The written knowledge test covers Oklahoma road signs, traffic laws, and safe-driving practices from the Oklahoma Driver''s Manual. You can:

- **Schedule online** through the Service Oklahoma website, or
- **Walk in** to a participating licensed operator (tag agency) that offers testing.

The test is 50 multiple-choice questions; you must answer at least 40 correctly (80%) to pass. If you fail, you must wait at least one day before retesting and pay the test fee again.

## Step 4: Pass the Vision Screening

A quick vision check is performed at the testing location. If you wear glasses or contacts, bring them — a "corrective lenses" restriction will be added to your permit and you must always drive with them.

## Step 5: Pay the Fees

Fees change periodically, but budget roughly:

- Learner permit fee (around $38)
- Knowledge test fee (around $4)
- REAL ID surcharge if you choose the federally compliant version

Bring a debit card, credit card, or cash — most tag agencies do not take personal checks.

## Step 6: Receive Your Permit and Start the Clock

Once you pass, you will receive a temporary paper permit and your printed card will arrive by mail within 10 business days. The day you receive the permit starts a **mandatory 6-month holding period** before you can advance to an intermediate license.

## What the Permit Lets You Do

With a learner permit you may drive **only when accompanied by a licensed driver 21 or older** seated beside you in the front passenger seat. You may not drive solo, and you may not use any handheld electronic device while driving — period.

## Common Mistakes That Delay Teens

- Forgetting the school enrollment form.
- Bringing photocopies of birth certificates instead of certified originals.
- Arriving without both parents'' signatures when custody is shared.
- Failing the knowledge test because you studied a generic national prep app instead of the Oklahoma manual.

With the right paperwork and a little preparation, most teens leave Service Oklahoma the same day with their permit in hand.', 25, 0
);
INSERT OR REPLACE INTO quiz (id, lessonId, title, passingScore, shuffleQuestions) VALUES (
  'quiz_ok_how-to-get-an-oklahoma-learner-permit', 'lesson_ok_how-to-get-an-oklahoma-learner-permit', 'Oklahoma Learner Permit Quiz', 80, 1
);
INSERT OR REPLACE INTO quiz_question (id, quizId, prompt, choices, correctIndex, explanation, ordinal) VALUES (
  'q_ok_how-to-get-an-oklahoma-learner-permit_0', 'quiz_ok_how-to-get-an-oklahoma-learner-permit', 'What is the minimum age to apply for an Oklahoma learner permit if you have completed an approved driver education course?', '["14 years old","15 years and 6 months","16 years old","17 years old"]', 1, 'Oklahoma allows applicants who complete approved driver education to apply for a learner permit at 15 years and 6 months. Without driver ed, the minimum age is 16.', 0
);
INSERT OR REPLACE INTO quiz_question (id, quizId, prompt, choices, correctIndex, explanation, ordinal) VALUES (
  'q_ok_how-to-get-an-oklahoma-learner-permit_1', 'quiz_ok_how-to-get-an-oklahoma-learner-permit', 'Which Oklahoma agency now handles most driver license issuance and testing?', '["Oklahoma Tax Commission","Service Oklahoma","Oklahoma Highway Patrol","Oklahoma Secretary of State"]', 1, 'Service Oklahoma took over most driver licensing functions previously performed by the Department of Public Safety''s Driver License Services division.', 1
);
INSERT OR REPLACE INTO quiz_question (id, quizId, prompt, choices, correctIndex, explanation, ordinal) VALUES (
  'q_ok_how-to-get-an-oklahoma-learner-permit_2', 'quiz_ok_how-to-get-an-oklahoma-learner-permit', 'While driving with a learner permit in Oklahoma, who must be in the vehicle with you?', '["Any licensed driver 18 or older","A parent or legal guardian only","A licensed driver age 21 or older in the front passenger seat","A driving instructor only"]', 2, 'Oklahoma requires a licensed driver age 21 or older to be seated in the front passenger seat any time a permit holder is driving.', 2
);
INSERT OR REPLACE INTO quiz_question (id, quizId, prompt, choices, correctIndex, explanation, ordinal) VALUES (
  'q_ok_how-to-get-an-oklahoma-learner-permit_3', 'quiz_ok_how-to-get-an-oklahoma-learner-permit', 'How long must you hold an Oklahoma learner permit before you can advance to an intermediate license?', '["30 days","3 months","6 months","12 months"]', 2, 'Oklahoma requires a minimum 6-month holding period on the learner permit before a teen may apply for the intermediate (Class D restricted) license.', 3
);
INSERT OR REPLACE INTO quiz_question (id, quizId, prompt, choices, correctIndex, explanation, ordinal) VALUES (
  'q_ok_how-to-get-an-oklahoma-learner-permit_4', 'quiz_ok_how-to-get-an-oklahoma-learner-permit', 'What additional document does Oklahoma''s "Stay in School" law require for applicants under 18?', '["A letter from a coach","Proof of school enrollment, graduation, or GED","A pediatrician''s physical form","A criminal background check"]', 1, 'Applicants under 18 must show they are enrolled in school, have graduated, or have earned a GED, typically via a form issued by the school counselor.', 4
);
INSERT OR REPLACE INTO lesson (id, moduleId, slug, title, body, estimatedSeatMinutes, ordinal) VALUES (
  'lesson_ok_oklahoma-gdl-restrictions-daily-life', 'module_ok_overlay', 'oklahoma-gdl-restrictions-daily-life', 'Oklahoma GDL Restrictions in Daily Life', '# Oklahoma GDL Restrictions in Daily Life

Once you graduate from a learner permit to an Oklahoma **intermediate license**, you can finally drive solo — but with a list of restrictions designed to keep new drivers out of the highest-risk situations. Understanding how these rules play out in everyday teenage life will keep your license clean and your insurance affordable.

## The Three Big Restrictions

### 1. Night Driving Curfew (10 PM to 5 AM)

Intermediate license holders may **not drive between 10:00 PM and 5:00 AM** unless one of these exceptions applies:

- A licensed driver 21 or older is in the front passenger seat.
- You are driving directly to or from **work** (carry a pay stub or schedule).
- You are driving directly to or from a **school-sanctioned event** (carry the event schedule).
- You are responding to an **emergency**.
- You are driving for **religious activities**.

Here is how this plays out in real life:

- **Friday night movie ends at 10:30 PM** — you must leave before 10:00 PM, or have a 21+ adult ride home with you, or get a ride from someone else.
- **Closing shift at a fast-food job ends at 11:15 PM** — legal, because you are driving directly home from work. Keep your schedule in the glove box in case you are stopped.
- **Friend''s birthday party runs late** — not a legal exception. Plan ahead.

### 2. Passenger Limit

While on the intermediate license, you may have **only one passenger who is not an immediate family member**, unless a licensed driver 21 or older is riding with you. Family members (siblings, parents, etc.) do not count toward the one-passenger limit.

In practice:

- Driving your little brother and one friend to a football game: legal.
- Driving four teammates to practice: not legal — pick one.
- Driving three siblings home from school: legal (all family).

Total passengers may also never exceed the number of working seat belts in the vehicle. Pickup trucks are still common in Oklahoma — riders in the bed of a truck are illegal on public roads for anyone under 18.

### 3. Zero Tolerance for Phones

Drivers under 18 with a learner permit or intermediate license may **not use any handheld electronic communication device** while driving. That includes:

- Texting (banned for all Oklahoma drivers regardless of age)
- Holding the phone to talk
- Scrolling music or social media
- Even tapping a hands-free button while holding the phone

Using your phone hands-free through a mounted dock or Bluetooth is *technically* allowed for navigation or music, but a single glance at a notification can still get you cited under Oklahoma''s distracted driving statute. The safest rule: **put the phone in Do Not Disturb and out of reach.**

## How Long Do These Restrictions Last?

The night, passenger, and phone restrictions remain in effect until you turn **16 years and 6 months old**, *and* you have held the intermediate license for at least 6 months without a moving violation. If you get a ticket during that window, the clock effectively restarts — many teens end up restricted until age 17.

## Seat Belts and Child Passengers

Everyone in your vehicle must wear a seat belt. Children under 8 (or under 4''9" tall) must be in an appropriate child safety seat or booster. As the driver, **you are legally responsible for any passenger under 18** who is not properly restrained.

## Consequences of Violations

Violating a GDL restriction is a traffic offense in Oklahoma. Consequences can include:

- A fine and court costs.
- Points added to your driving record.
- Extension of your restriction period.
- Suspension of your intermediate license for repeated offenses.
- A spike in your family''s car insurance premiums.

## Plan Around the Rules, Not Through Them

The night-driving curfew is the single biggest source of GDL tickets in Oklahoma. Get into the habit of mapping your evening before you leave the house: *Where am I going, when does it end, and how am I getting home before 10?* If the math does not work, arrange a ride. Your future unrestricted license is worth the inconvenience.', 25, 1
);
INSERT OR REPLACE INTO quiz (id, lessonId, title, passingScore, shuffleQuestions) VALUES (
  'quiz_ok_oklahoma-gdl-restrictions-daily-life', 'lesson_ok_oklahoma-gdl-restrictions-daily-life', 'Oklahoma GDL Restrictions Quiz', 80, 1
);
INSERT OR REPLACE INTO quiz_question (id, quizId, prompt, choices, correctIndex, explanation, ordinal) VALUES (
  'q_ok_oklahoma-gdl-restrictions-daily-life_0', 'quiz_ok_oklahoma-gdl-restrictions-daily-life', 'During what hours are Oklahoma intermediate license holders generally prohibited from driving unsupervised?', '["9 PM to 6 AM","10 PM to 5 AM","11 PM to 5 AM","Midnight to 6 AM"]', 1, 'Oklahoma''s nighttime restriction for intermediate license holders runs from 10:00 PM to 5:00 AM, with exceptions for work, school events, emergencies, and religious activities.', 0
);
INSERT OR REPLACE INTO quiz_question (id, quizId, prompt, choices, correctIndex, explanation, ordinal) VALUES (
  'q_ok_oklahoma-gdl-restrictions-daily-life_1', 'quiz_ok_oklahoma-gdl-restrictions-daily-life', 'Which of the following is a valid exception to Oklahoma''s GDL nighttime curfew?', '["Driving home from a friend''s house after a party","Driving directly home from a paid work shift","Driving to pick up fast food after midnight","Driving to a late-night movie"]', 1, 'Driving directly to or from work is a recognized exception. Carry a pay stub or work schedule in case you are stopped.', 1
);
INSERT OR REPLACE INTO quiz_question (id, quizId, prompt, choices, correctIndex, explanation, ordinal) VALUES (
  'q_ok_oklahoma-gdl-restrictions-daily-life_2', 'quiz_ok_oklahoma-gdl-restrictions-daily-life', 'Under Oklahoma''s intermediate license passenger rule, which scenario is legal?', '["Driving three non-family friends to practice","Driving your sister and one friend to a game","Driving four classmates home from school","Driving two friends home at 11 PM"]', 1, 'Family members do not count toward the one non-family passenger limit, so a sibling plus one friend is allowed.', 2
);
INSERT OR REPLACE INTO quiz_question (id, quizId, prompt, choices, correctIndex, explanation, ordinal) VALUES (
  'q_ok_oklahoma-gdl-restrictions-daily-life_3', 'quiz_ok_oklahoma-gdl-restrictions-daily-life', 'What is Oklahoma''s rule on cell phone use for drivers under 18 with a permit or intermediate license?', '["Hands-free calls only are allowed","Texting only is banned, calls are fine","All handheld electronic device use is prohibited","Phones may be used at stoplights"]', 2, 'Drivers under 18 with a learner permit or intermediate license may not use any handheld electronic device while driving. Texting is also banned statewide for all drivers.', 3
);
INSERT OR REPLACE INTO quiz_question (id, quizId, prompt, choices, correctIndex, explanation, ordinal) VALUES (
  'q_ok_oklahoma-gdl-restrictions-daily-life_4', 'quiz_ok_oklahoma-gdl-restrictions-daily-life', 'What typically happens if you receive a moving violation during your intermediate license restriction period?', '["Nothing changes if you pay the fine","Restrictions are lifted early as a warning","The restriction period is effectively extended","Your permit converts to a full license automatically"]', 2, 'A moving violation restarts the clean-driving clock, often pushing the end of GDL restrictions out to age 17 or later.', 4
);
INSERT OR REPLACE INTO lesson (id, moduleId, slug, title, body, estimatedSeatMinutes, ordinal) VALUES (
  'lesson_ok_oklahoma-specific-rules-and-quirks', 'module_ok_overlay', 'oklahoma-specific-rules-and-quirks', 'Oklahoma-Specific Rules and Quirks of the Road', '# Oklahoma-Specific Rules and Quirks of the Road

Every state has its own legal twists, road conditions, and cultural driving habits. Oklahoma — with its mix of rural two-lanes, turnpikes, oil-field traffic, and tornado-prone weather — has more than its share. Learning these now will save you fines, fender-benders, and at least a few panicked moments.

## Turnpikes and PIKEPASS

Oklahoma operates one of the largest toll-road systems in the country. The **Turner, Will Rogers, H.E. Bailey, Indian Nation, Muskogee, Cherokee, Cimarron, Creek, and Kilpatrick turnpikes** are all operated by the Oklahoma Turnpike Authority. Key points:

- Most toll plazas have transitioned to **cashless tolling** under the "PlatePay" / PIKEPASS system. If you do not have a PIKEPASS transponder, cameras photograph your plate and mail an invoice to the registered owner — usually your parents.
- Always check that your vehicle has a working PIKEPASS or that your parents are aware you will be using a turnpike, or you may rack up unexpected bills.
- The minimum speed on most turnpikes is 40 mph; the maximum is typically **75 mph**, though some rural stretches are posted at 80 mph.

## Tornado and Severe Weather Driving

Oklahoma sits in the heart of Tornado Alley. Spring storms (March-June) can produce hail the size of baseballs, microbursts, and tornadoes with little warning.

- **Never park under an overpass during a tornado.** Contrary to old folklore, overpasses funnel wind and create deadly debris zones. Get off the road, find a low ditch away from your vehicle, and lie flat with your hands over your head.
- During heavy rain or hail, pull off onto a wide shoulder, turn on hazard lights, and wait it out. Hail can shatter windshields in seconds.
- Be aware of **flash flooding** on rural roads. "Turn Around, Don''t Drown" is the law — Oklahoma''s swift-water rescue statute can bill drivers who ignore barricades.

## Move Over Law

Oklahoma''s "Move Over" law requires drivers approaching any **stopped emergency vehicle, tow truck, utility vehicle, or roadside maintenance vehicle** with flashing lights to:

1. Move over one lane away from the stopped vehicle if it is safe to do so, **or**
2. Slow to at least 10 mph below the posted speed limit if moving over is not safe.

Violations carry steep fines and points.

## Open Range and Wildlife

Large swaths of western and southern Oklahoma are **open range**, meaning livestock may legally be on or near the roadway. If you hit a cow on an open-range road, *you* may be liable for the animal. Always reduce speed at dusk and dawn, when deer are most active across the entire state.

## Implied Consent and Zero-Tolerance Alcohol

By accepting an Oklahoma driver license, you give **implied consent** to chemical testing if law enforcement has reason to suspect impaired driving. For drivers under 21, Oklahoma has a **zero-tolerance** law: any detectable alcohol (BAC of 0.02% or higher) results in license revocation. Refusing the test triggers an automatic 6-month revocation for a first offense, regardless of guilt.

## School Bus Stop Laws

When a school bus stops with its red lights flashing and stop arm extended:

- On a **two-lane road**, all traffic in both directions must stop.
- On a **divided highway with a physical median or barrier**, only traffic in the same direction as the bus must stop.
- A painted center turn lane is **not** a divider — both directions must still stop.

Fines for illegally passing a school bus in Oklahoma can exceed $500, plus court costs and points.

## Funeral Processions Have the Right of Way

Oklahoma is one of the states that explicitly grants funeral processions the right of way at intersections, even against red lights, as long as the lead vehicle entered legally. Yield, do not cut in, and do not pass on a two-lane road.

## Quirks Worth Remembering

- **Headlights when wipers are on** is recommended but not strictly required statewide; do it anyway.
- **No texting, period** — Oklahoma''s texting-while-driving ban applies to every driver, every age.
- **Helmet law** for motorcyclists applies only to riders under 18, but eye protection is required for all.
- Some small Oklahoma towns are notorious **speed traps**; watch for speed-limit drops at city limits, especially on US highways.

Driving in Oklahoma rewards drivers who pay attention to the sky, the shoulder, and the speed-limit sign. Build those habits during your restricted period, and you will be ready for everything from a turnpike road trip to a sudden hailstorm by the time you earn an unrestricted license.', 25, 2
);
INSERT OR REPLACE INTO quiz (id, lessonId, title, passingScore, shuffleQuestions) VALUES (
  'quiz_ok_oklahoma-specific-rules-and-quirks', 'lesson_ok_oklahoma-specific-rules-and-quirks', 'Oklahoma Road Rules and Quirks Quiz', 80, 1
);
INSERT OR REPLACE INTO quiz_question (id, quizId, prompt, choices, correctIndex, explanation, ordinal) VALUES (
  'q_ok_oklahoma-specific-rules-and-quirks_0', 'quiz_ok_oklahoma-specific-rules-and-quirks', 'What should you do if a tornado is approaching while you are driving on an Oklahoma highway?', '["Park under the nearest overpass for shelter","Drive faster to outrun the storm","Get off the road, exit the vehicle, and lie flat in a low ditch","Stay in your car with the engine running"]', 2, 'Overpasses are dangerous wind tunnels. The safest action is to leave the vehicle and lie flat in the lowest ground available, covering your head.', 0
);
INSERT OR REPLACE INTO quiz_question (id, quizId, prompt, choices, correctIndex, explanation, ordinal) VALUES (
  'q_ok_oklahoma-specific-rules-and-quirks_1', 'quiz_ok_oklahoma-specific-rules-and-quirks', 'Under Oklahoma''s Move Over law, what must you do when approaching a stopped emergency or tow vehicle with flashing lights?', '["Honk to alert the workers","Move over one lane if safe, otherwise slow to at least 10 mph below the posted limit","Maintain speed and pass quickly","Come to a complete stop in your lane"]', 1, 'Oklahoma requires drivers to move over one lane if it is safe, or to slow down at least 10 mph below the posted speed limit if changing lanes is not possible.', 1
);
INSERT OR REPLACE INTO quiz_question (id, quizId, prompt, choices, correctIndex, explanation, ordinal) VALUES (
  'q_ok_oklahoma-specific-rules-and-quirks_2', 'quiz_ok_oklahoma-specific-rules-and-quirks', 'On a two-lane road, what must drivers do when a school bus stops with its red lights flashing and stop arm extended?', '["Only traffic behind the bus must stop","All traffic in both directions must stop","Traffic may proceed slowly past the bus","Only traffic in the opposing lane must stop"]', 1, 'On undivided two-lane roads, all traffic in both directions must stop. A painted center turn lane does not count as a divider.', 2
);
INSERT OR REPLACE INTO quiz_question (id, quizId, prompt, choices, correctIndex, explanation, ordinal) VALUES (
  'q_ok_oklahoma-specific-rules-and-quirks_3', 'quiz_ok_oklahoma-specific-rules-and-quirks', 'What is Oklahoma''s zero-tolerance BAC limit for drivers under 21?', '["0.00%","0.02%","0.05%","0.08%"]', 1, 'Drivers under 21 with a BAC of 0.02% or higher face license revocation under Oklahoma''s zero-tolerance law.', 3
);
INSERT OR REPLACE INTO quiz_question (id, quizId, prompt, choices, correctIndex, explanation, ordinal) VALUES (
  'q_ok_oklahoma-specific-rules-and-quirks_4', 'quiz_ok_oklahoma-specific-rules-and-quirks', 'What happens if you drive an Oklahoma turnpike without a PIKEPASS transponder?', '["Your license is suspended automatically","You are blocked from entering the highway","Cameras photograph your plate and an invoice is mailed to the registered owner","Nothing — tolls are free for teens"]', 2, 'Oklahoma turnpikes use cashless PlatePay tolling. License plates are photographed and a bill is mailed to the vehicle''s registered owner, often a parent.', 4
);

-- Oregon (OR)
INSERT OR REPLACE INTO rule_pack (id, jurisdiction, slug, name, maturity, createdAt) VALUES (
  'rp_or_teen', 'US-OR', 'or-teen', 'Oregon Teen Driver Education', 'level1', unixepoch('now')*1000
);
INSERT OR REPLACE INTO rule_pack_version (id, rulePackId, version, definition, publishedAt, notes, createdAt) VALUES (
  'rpv_or_teen_1_0_0', 'rp_or_teen', '1.0.0', '{"credentials":[{"key":"permit_eligibility","label":"Instruction Permit","deliveryMode":"manual"}],"requirements":[{"key":"classroom_hours","label":"Classroom hours","target":30,"unit":"hour"},{"key":"btw_hours","label":"Behind-the-wheel hours","target":6,"unit":"hour"},{"key":"supervised_practice_hours","label":"Supervised practice (parent log)","target":50,"unit":"hour"}],"rules":[{"key":"unlock_permit_eligibility","trigger":"enrollment.state_changed","conditions":{"jurisdiction":"US-OR","minPermitAge":15,"classroomHoursCompleted":{"gte":30}},"actions":[{"type":"unlock_credential","credential":"permit_eligibility"},{"type":"set_journey_state","value":"permit_eligible"}]}],"facts":{"agencyName":"Oregon Driver and Motor Vehicle Services (Oregon DMV), a division of ODOT","minPermitAge":15,"minLicenseAge":16,"minPermitDurationMonths":6,"nighttimeRestriction":"First 6 months of provisional license: no driving between midnight and 5:00 a.m. except for employment, school activities, or with a licensed driver age 25 or older.","passengerRestriction":"First 6 months: no passengers under age 20 who are not immediate family. Second 6 months: no more than three passengers under age 20 who are not immediate family.","cellPhoneRule":"Drivers under age 18 may not use a mobile communication device while driving for any purpose, including hands-free use. Adult drivers are also banned from holding or using a handheld device.","notes":"Oregon teens who complete an ODOT-approved driver education course (30 hours classroom + 6 hours behind-the-wheel) only need to log 50 hours of supervised practice. Teens who skip an approved course must log 100 hours of supervised practice. Provisional license is issued at 16 after holding the permit for 6 months. The state also offers a discount on permit/license fees for teens completing approved driver ed.","needsReview":["Exact current fee amounts for instruction permit and provisional license","Whether the 100-hour practice requirement without driver ed is still current under latest ODOT rules","Confirm cell phone rule citation (ORS 811.507) wording for under-18 drivers","Confirm provisional license passenger restriction excludes ''immediate family'' vs. ''members of the driver''s immediate family''"]}}', unixepoch('now')*1000, 'Generated; school must review and tweak.', unixepoch('now')*1000
);
INSERT OR REPLACE INTO content_pack (id, slug, name, scope, jurisdiction, description, createdAt) VALUES (
  'cp_or_teen_overlay', 'or-teen-overlay', 'Oregon Teen Overlay', 'state', 'US-OR', 'Oregon-specific supplement covering how to obtain an Oregon Instruction Permit, the provisional license GDL restrictions enforced by ODOT, and Oregon-specific rules and quirks every new Oregon driver should know.', unixepoch('now')*1000
);
INSERT OR REPLACE INTO content_pack_version (id, contentPackId, version, notes, publishedAt, createdAt) VALUES (
  'cpv_or_teen_overlay_1_0_0', 'cp_or_teen_overlay', '1.0.0', 'Generated by per-state agent; human review required before publishing.', unixepoch('now')*1000, unixepoch('now')*1000
);
INSERT OR REPLACE INTO course (id, contentPackVersionId, slug, title, description, ordinal) VALUES (
  'course_or_overlay', 'cpv_or_teen_overlay_1_0_0', 'or-overlay', 'Oregon Teen Driver Overlay', 'Oregon-specific supplement covering how to obtain an Oregon Instruction Permit, the provisional license GDL restrictions enforced by ODOT, and Oregon-specific rules and quirks every new Oregon driver should know.', 0
);
INSERT OR REPLACE INTO module (id, courseId, slug, title, description, ordinal) VALUES (
  'module_or_overlay', 'course_or_overlay', 'or-teen-overlay', 'Oregon Teen Driver Overlay', 'Oregon-specific supplement covering how to obtain an Oregon Instruction Permit, the provisional license GDL restrictions enforced by ODOT, and Oregon-specific rules and quirks every new Oregon driver should know.', 0
);
INSERT OR REPLACE INTO lesson (id, moduleId, slug, title, body, estimatedSeatMinutes, ordinal) VALUES (
  'lesson_or_how-to-get-an-oregon-instruction-permit', 'module_or_overlay', 'how-to-get-an-oregon-instruction-permit', 'How to Get an Oregon Instruction Permit', '# How to Get an Oregon Instruction Permit

In Oregon, the **Instruction Permit** is your first official step toward becoming a licensed driver. It is issued by the **Oregon Driver and Motor Vehicle Services (DMV)**, which is part of the Oregon Department of Transportation (ODOT). This lesson walks through who can apply, what to bring, what tests to pass, and what to expect on the day of your visit.

## Who can apply

You must be **at least 15 years old** to apply for an Oregon Instruction Permit. There is no upper age limit, but the **Graduated Driver Licensing (GDL)** rules and the driver education incentives in this lesson only apply to teens under 18.

If you are **under 18**, a parent or legal guardian must sign your application in person at the DMV office. The signing adult is accepting financial responsibility for any damages you might cause while driving — Oregon law (ORS 807.065) requires this signature.

## What to bring to the DMV

Oregon DMV requires proof of **identity, date of birth, lawful presence in the U.S., Social Security number, and Oregon residence address**. You generally need to bring:

- A certified U.S. birth certificate or valid U.S. passport (originals, not copies)
- Your Social Security card or an official document showing your full SSN
- Two proofs of Oregon residence address (e.g., a utility bill, school records, a parent’s lease that lists you)
- A parent or guardian (if you are under 18) with their own ID
- The application fee (check the current DMV fee schedule before you go)

If you want a **Real ID-compliant** permit, bring the same documents — Real ID has been the default identity standard for several years now.

## The tests

To earn your Instruction Permit you must pass:

1. **A vision screening** at the counter (20/40 in at least one eye, with correction allowed).
2. **The knowledge (written) test**, covering Oregon traffic laws, road signs, safe driving practices, and the GDL rules. The test is multiple choice and is based on the current **Oregon Driver Manual**, available free as a PDF on the ODOT/DMV website.

You do **not** take a road (behind-the-wheel) test for the permit itself — that comes later when you upgrade to your provisional license.

## What the permit lets you do

With an Oregon Instruction Permit you may drive **only when supervised** by a licensed driver who is **at least 21 years old** seated next to you in the front passenger seat. Driving alone on a permit is illegal in Oregon and can reset the clock on your eligibility for a provisional license.

## Driver education: the fast track

Oregon strongly incentivizes ODOT-approved driver education. If you complete an approved course (typically **30 hours of classroom instruction and 6 hours of behind-the-wheel training**), you only need to log **50 hours of supervised practice** — at least 10 of those hours at night — before you can apply for your provisional license at age 16.

If you skip an approved course, you must log **100 hours of supervised practice** (50 of which must be after you turn 16, with at least 10 at night) before you can apply for your provisional license. Most Oregon teens take the course because it cuts the practice requirement in half and may qualify you for an insurance discount.

## How long the permit lasts

The Oregon Instruction Permit is valid for **two years**. You must hold it for at least **6 months** before applying for your provisional license, and you must be **at least 16 years old** at the time of that application.

Keep a written or app-based **practice driving log** the entire time you hold the permit — Oregon DMV may ask you (and your parent) to certify it when you apply for your provisional license.', 45, 0
);
INSERT OR REPLACE INTO quiz (id, lessonId, title, passingScore, shuffleQuestions) VALUES (
  'quiz_or_how-to-get-an-oregon-instruction-permit', 'lesson_or_how-to-get-an-oregon-instruction-permit', 'Oregon Instruction Permit Quiz', 80, 1
);
INSERT OR REPLACE INTO quiz_question (id, quizId, prompt, choices, correctIndex, explanation, ordinal) VALUES (
  'q_or_how-to-get-an-oregon-instruction-permit_0', 'quiz_or_how-to-get-an-oregon-instruction-permit', 'What is the minimum age to apply for an Oregon Instruction Permit?', '["14","15","15 years 6 months","16"]', 1, 'Oregon allows applicants to obtain an Instruction Permit at age 15.', 0
);
INSERT OR REPLACE INTO quiz_question (id, quizId, prompt, choices, correctIndex, explanation, ordinal) VALUES (
  'q_or_how-to-get-an-oregon-instruction-permit_1', 'quiz_or_how-to-get-an-oregon-instruction-permit', 'How many hours of supervised practice must an Oregon teen log if they complete an ODOT-approved driver education course?', '["30 hours","50 hours","75 hours","100 hours"]', 1, 'Completing an approved driver ed course cuts the practice requirement in half — from 100 hours to 50 hours.', 1
);
INSERT OR REPLACE INTO quiz_question (id, quizId, prompt, choices, correctIndex, explanation, ordinal) VALUES (
  'q_or_how-to-get-an-oregon-instruction-permit_2', 'quiz_or_how-to-get-an-oregon-instruction-permit', 'While driving on an Oregon Instruction Permit, the supervising driver in the front seat must be at least how old?', '["18","20","21","25"]', 2, 'Oregon requires the supervising driver for a permit holder to be a licensed driver age 21 or older.', 2
);
INSERT OR REPLACE INTO quiz_question (id, quizId, prompt, choices, correctIndex, explanation, ordinal) VALUES (
  'q_or_how-to-get-an-oregon-instruction-permit_3', 'quiz_or_how-to-get-an-oregon-instruction-permit', 'How long must an Oregon teen hold an Instruction Permit before applying for a provisional license?', '["3 months","6 months","9 months","12 months"]', 1, 'Oregon requires teens to hold the Instruction Permit for at least 6 months and be at least 16 before applying for the provisional license.', 3
);
INSERT OR REPLACE INTO quiz_question (id, quizId, prompt, choices, correctIndex, explanation, ordinal) VALUES (
  'q_or_how-to-get-an-oregon-instruction-permit_4', 'quiz_or_how-to-get-an-oregon-instruction-permit', 'Which document is NOT typically required when an Oregon teen applies for their Instruction Permit?', '["Proof of identity such as a birth certificate or passport","Proof of Oregon residence address","A signed parent/guardian application (if under 18)","Proof of completion of behind-the-wheel driver training"]', 3, 'Behind-the-wheel training is required before the provisional license, not before the Instruction Permit. ID, residency, and parental signature are required up front.', 4
);
INSERT OR REPLACE INTO lesson (id, moduleId, slug, title, body, estimatedSeatMinutes, ordinal) VALUES (
  'lesson_or_oregon-gdl-restrictions-in-daily-life', 'module_or_overlay', 'oregon-gdl-restrictions-in-daily-life', 'Oregon GDL Restrictions in Daily Life', '# Oregon GDL Restrictions in Daily Life

Getting your **provisional license** in Oregon at age 16 is not the end of the road — it is the start of a structured **Graduated Driver Licensing (GDL)** period that lasts until you turn 18. These rules exist because crash data consistently shows that newly licensed teens are highest risk when they drive late at night, with peers in the car, or while distracted. This lesson translates Oregon’s GDL rules into the situations you will actually face.

## The nighttime curfew

**For the first 6 months** after you get your Oregon provisional license, you may not drive between **midnight and 5:00 a.m.** unless one of these applies:

- You are driving **to or from work** (and you can show proof if asked).
- You are driving **for a school activity** (sports, performance, club event).
- A **licensed driver age 25 or older** is in the front passenger seat.
- You are driving **as part of your job** (e.g., a delivery shift).
- There is a **medical or other emergency**.

Real-life translation: a midnight movie that lets out at 1:00 a.m.? You need a 25+ licensed driver next to you, or someone else has to drive home. A 1:00 a.m. fast-food run? Not allowed.

## The passenger limits

**First 6 months:** You may not transport **any passenger under age 20** unless they are a **member of your immediate family** (a parent, sibling, stepsibling, etc.).

**Second 6 months (months 7–12):** You may transport **up to three passengers under age 20** who are not immediate family. After that — once you have held the provisional license for a full year, or you turn 18 — the passenger limit goes away.

Real-life translation: in the first 6 months you cannot drive your friends to a football game, even if they all fit safely in the car. Adult passengers (20+) are always fine.

## The cell phone rule (this one is strict)

Oregon law forbids **any driver under 18** from using a **mobile communication device** while driving — for **any purpose**, **even hands-free**. That means no calls (even on Bluetooth), no texting, no GPS app interaction, no music app skipping. Set everything before you put the car in drive, or pull over.

Adult drivers are also banned from **holding** a phone, but they may use hands-free voice features. Teens get the stricter rule.

A first offense can be a **Class B traffic violation** with a base fine in the hundreds of dollars, and it can extend your GDL restriction period.

## Seat belts — everyone, every seat

Oregon is a **primary enforcement** state: an officer can pull you over solely for a seat belt violation. Every person in the vehicle must be properly restrained. Children under age 2 must be in a rear-facing seat; children under 40 lbs must be in a harness car seat; children under 4''9" tall or under age 8 must be in a booster.

As the driver, **you** are responsible for making sure every passenger under 16 is buckled.

## Consequences for breaking GDL rules

If you are cited for any traffic offense (GDL violation, speeding, etc.) during your provisional period:

- **First conviction:** You may be required to take a DMV-approved traffic safety course, and your GDL restriction clock can be **extended**.
- **Second conviction within the GDL period:** Your driving privileges can be **suspended for 90 days** or until you turn 17, whichever is longer.
- **Third conviction:** Suspension until age 18.

These rules “reset” your timeline — meaning the 6-month passenger and curfew clocks restart, pushing back the day you become a fully unrestricted driver.

## Practical tips

- Put your phone in **Do Not Disturb While Driving** mode automatically.
- Tell friends in advance you can’t drive them for the first 6 months — set expectations early.
- If you have an evening job or extracurriculars, **carry proof** (a paystub, schedule printout, or coach’s note) in the glovebox in case you are stopped after midnight.', 40, 1
);
INSERT OR REPLACE INTO quiz (id, lessonId, title, passingScore, shuffleQuestions) VALUES (
  'quiz_or_oregon-gdl-restrictions-in-daily-life', 'lesson_or_oregon-gdl-restrictions-in-daily-life', 'Oregon GDL Restrictions Quiz', 80, 1
);
INSERT OR REPLACE INTO quiz_question (id, quizId, prompt, choices, correctIndex, explanation, ordinal) VALUES (
  'q_or_oregon-gdl-restrictions-in-daily-life_0', 'quiz_or_oregon-gdl-restrictions-in-daily-life', 'During the first 6 months of an Oregon provisional license, the nighttime driving restriction applies between which hours?', '["10 p.m. and 5 a.m.","11 p.m. and 6 a.m.","Midnight and 5 a.m.","Midnight and 6 a.m."]', 2, 'Oregon’s GDL nighttime restriction for the first 6 months runs from midnight to 5:00 a.m.', 0
);
INSERT OR REPLACE INTO quiz_question (id, quizId, prompt, choices, correctIndex, explanation, ordinal) VALUES (
  'q_or_oregon-gdl-restrictions-in-daily-life_1', 'quiz_or_oregon-gdl-restrictions-in-daily-life', 'During the first 6 months of an Oregon provisional license, which passenger is allowed?', '["A 16-year-old best friend","A 19-year-old classmate","A 14-year-old younger sister","Two 17-year-old teammates"]', 2, 'Immediate family members are exempt from the first-6-months passenger ban. Non-family passengers under 20 are not allowed.', 1
);
INSERT OR REPLACE INTO quiz_question (id, quizId, prompt, choices, correctIndex, explanation, ordinal) VALUES (
  'q_or_oregon-gdl-restrictions-in-daily-life_2', 'quiz_or_oregon-gdl-restrictions-in-daily-life', 'Which cell phone use is allowed for an Oregon driver under age 18?', '["Hands-free Bluetooth calls","Voice-activated navigation","Skipping a song with one tap","None of the above while driving"]', 3, 'Oregon bans drivers under 18 from any mobile device use while driving, including hands-free and voice-activated features.', 2
);
INSERT OR REPLACE INTO quiz_question (id, quizId, prompt, choices, correctIndex, explanation, ordinal) VALUES (
  'q_or_oregon-gdl-restrictions-in-daily-life_3', 'quiz_or_oregon-gdl-restrictions-in-daily-life', 'After holding a provisional license for 7 months, how many non-family passengers under age 20 may an Oregon teen carry?', '["Zero","Up to one","Up to three","No limit"]', 2, 'From months 7 through 12, up to three passengers under 20 (non-family) are allowed. The limit disappears after one year.', 3
);
INSERT OR REPLACE INTO quiz_question (id, quizId, prompt, choices, correctIndex, explanation, ordinal) VALUES (
  'q_or_oregon-gdl-restrictions-in-daily-life_4', 'quiz_or_oregon-gdl-restrictions-in-daily-life', 'Which exception lets a provisional-license teen drive at 1:00 a.m. during the first 6 months?', '["Driving to or from work","Driving with friends home from a party","Driving alone to a 24-hour gym","Driving with a 19-year-old sibling"]', 0, 'Driving to or from work (with proof) is one of the allowed exceptions. A 25+ licensed adult, school activity, or emergency also qualify.', 4
);
INSERT OR REPLACE INTO lesson (id, moduleId, slug, title, body, estimatedSeatMinutes, ordinal) VALUES (
  'lesson_or_oregon-specific-rules-and-quirks', 'module_or_overlay', 'oregon-specific-rules-and-quirks', 'Oregon-Specific Rules and Quirks', '# Oregon-Specific Rules and Quirks

Every state has driving rules that surprise visitors and newly licensed teens. This lesson covers Oregon’s most distinctive laws — the ones that affect daily driving and that out-of-state drivers most often get wrong.

## Self-service gas (mostly) — finally

For decades, Oregon was one of only two U.S. states (with New Jersey) that **banned self-service gasoline at retail stations**. As of August 2023, Oregon law changed: **drivers may now pump their own gas statewide**. Stations are required to still offer attendant service for those who want it (at least half of the pumps if they have an attendant on duty), but you are free to pump your own fuel.

If you grew up in Oregon, this is a habit shift. If you visit New Jersey, remember: there, self-serve is still banned.

## Studded tires have a season

Oregon allows **studded snow tires** only between **November 1 and March 31**. Driving with studded tires outside that window is a traffic violation. The state has long debated banning studs entirely because of the pavement damage they cause; for now, the seasonal limit stands.

Non-studded winter (M+S or 3PMSF-rated) tires and chains have no seasonal restriction.

## Bicycles, e-scooters, and the bike box

Oregon — especially Portland — has heavy bicycle traffic. Two rules to internalize:

- **Three feet to pass.** When passing a bicyclist on a road with a posted speed of 35 mph or less, you must give at least the distance the cyclist would fall if they tipped over (commonly summarized as **3 feet or more**, more on faster roads).
- **Bike boxes.** In Portland and other cities, you will see green-painted **bike boxes** at intersections. Cars must **stop behind** the bike box at a red light (not in it), and right turns on red are prohibited where bike boxes are marked.

## Pedestrians: every intersection is a crosswalk

Under Oregon law (ORS 801.220), **every intersection is a legal crosswalk**, whether or not it is marked with paint. You must **stop and remain stopped** for a pedestrian who is in your lane, the lane next to yours, or stepping off the curb in either of those lanes. Failure to stop is a serious violation and a common cause of teen-driver tickets.

## DUII — Oregon’s name for impaired driving

Oregon calls it **DUII** (Driving Under the Influence of Intoxicants), not DUI. The state has **zero tolerance for drivers under 21**: any measurable amount of alcohol (BAC above 0.00) is grounds for license suspension. For drivers 21+, the limit is 0.08% BAC. Oregon also has an **implied consent law** — refusing a breath test triggers an automatic license suspension and a fine, separate from any criminal charge.

Marijuana is legal for adults 21+ in Oregon, but **driving while impaired by cannabis is still a DUII**. There is no “safe amount” for a driver.

## Roundabouts and “move over”

Oregon has been building **roundabouts** at a steady clip to replace dangerous rural intersections. Always yield to traffic already in the circle, signal your exit, and never stop inside the circle.

Oregon’s **Move Over Law** requires you to change lanes away from any stopped vehicle on the shoulder with flashing lights — police, fire, tow trucks, roadside assistance, **and any vehicle with hazard lights on**. If you cannot safely change lanes, slow down significantly.

## Headlights and weather

When wipers are on for weather, your **headlights must be on** too. Daytime running lights are not enough — full headlights illuminate your tail lights so other drivers can see you in rain or fog, which Oregon has plenty of.

## License plate quirks

Oregon requires a **front and rear license plate** on most passenger vehicles. Out-of-state transplants from single-plate states are often surprised — you must mount both plates, and missing the front plate is a fixable but real traffic violation.', 40, 2
);
INSERT OR REPLACE INTO quiz (id, lessonId, title, passingScore, shuffleQuestions) VALUES (
  'quiz_or_oregon-specific-rules-and-quirks', 'lesson_or_oregon-specific-rules-and-quirks', 'Oregon Rules and Quirks Quiz', 80, 1
);
INSERT OR REPLACE INTO quiz_question (id, quizId, prompt, choices, correctIndex, explanation, ordinal) VALUES (
  'q_or_oregon-specific-rules-and-quirks_0', 'quiz_or_oregon-specific-rules-and-quirks', 'As of 2023, which statement about pumping gasoline in Oregon is correct?', '["Self-service is banned statewide.","Self-service is allowed only in rural counties.","Drivers may pump their own gas statewide.","Only drivers over 18 may pump their own gas."]', 2, 'Oregon legalized self-service gasoline statewide in August 2023, though stations must still offer attendant service where applicable.', 0
);
INSERT OR REPLACE INTO quiz_question (id, quizId, prompt, choices, correctIndex, explanation, ordinal) VALUES (
  'q_or_oregon-specific-rules-and-quirks_1', 'quiz_or_oregon-specific-rules-and-quirks', 'During which months are studded tires legal in Oregon?', '["October 1 – April 30","November 1 – March 31","December 1 – February 28","Studded tires are legal year-round"]', 1, 'Oregon allows studded tires only from November 1 through March 31; using them outside that window is a traffic violation.', 1
);
INSERT OR REPLACE INTO quiz_question (id, quizId, prompt, choices, correctIndex, explanation, ordinal) VALUES (
  'q_or_oregon-specific-rules-and-quirks_2', 'quiz_or_oregon-specific-rules-and-quirks', 'Under Oregon law, where is a legal pedestrian crosswalk?', '["Only where painted crosswalks exist","Only at signalized intersections","At every intersection, marked or unmarked","Only at school zones and downtown areas"]', 2, 'Oregon law (ORS 801.220) treats every intersection as a legal crosswalk, marked or not. Drivers must stop for pedestrians accordingly.', 2
);
INSERT OR REPLACE INTO quiz_question (id, quizId, prompt, choices, correctIndex, explanation, ordinal) VALUES (
  'q_or_oregon-specific-rules-and-quirks_3', 'quiz_or_oregon-specific-rules-and-quirks', 'What BAC limit applies to Oregon drivers under 21?', '["0.08%","0.05%","0.02%","Any measurable amount (above 0.00%)"]', 3, 'Oregon has zero tolerance: any measurable alcohol in a driver under 21 triggers a DUII-related suspension.', 3
);
INSERT OR REPLACE INTO quiz_question (id, quizId, prompt, choices, correctIndex, explanation, ordinal) VALUES (
  'q_or_oregon-specific-rules-and-quirks_4', 'quiz_or_oregon-specific-rules-and-quirks', 'Oregon’s Move Over Law requires you to change lanes (or slow down significantly) for which of the following?', '["Only police vehicles with flashing lights","Only emergency vehicles (police, fire, ambulance)","Any stopped vehicle on the shoulder displaying flashing or hazard lights","Only tow trucks and roadside assistance vehicles"]', 2, 'Oregon’s Move Over Law covers any stopped vehicle on the shoulder with flashing lights, including ordinary cars with hazard lights on.', 4
);

-- Pennsylvania (PA)
INSERT OR REPLACE INTO rule_pack (id, jurisdiction, slug, name, maturity, createdAt) VALUES (
  'rp_pa_teen', 'US-PA', 'pa-teen', 'Pennsylvania Teen Driver Education', 'level1', unixepoch('now')*1000
);
INSERT OR REPLACE INTO rule_pack_version (id, rulePackId, version, definition, publishedAt, notes, createdAt) VALUES (
  'rpv_pa_teen_1_0_0', 'rp_pa_teen', '1.0.0', '{"credentials":[{"key":"permit_eligibility","label":"Learner''s Permit","deliveryMode":"manual"}],"requirements":[{"key":"classroom_hours","label":"Classroom hours","target":30,"unit":"hour"},{"key":"btw_hours","label":"Behind-the-wheel hours","target":6,"unit":"hour"},{"key":"supervised_practice_hours","label":"Supervised practice (parent log)","target":65,"unit":"hour"}],"rules":[{"key":"unlock_permit_eligibility","trigger":"enrollment.state_changed","conditions":{"jurisdiction":"US-PA","minPermitAge":16,"classroomHoursCompleted":{"gte":30}},"actions":[{"type":"unlock_credential","credential":"permit_eligibility"},{"type":"set_journey_state","value":"permit_eligible"}]}],"facts":{"agencyName":"Pennsylvania Department of Transportation (PennDOT)","minPermitAge":16,"minLicenseAge":16.5,"minPermitDurationMonths":6,"nighttimeRestriction":"Junior license holders may not drive between 11:00 p.m. and 5:00 a.m. unless traveling to/from work, a volunteer/charitable service, or a school-sponsored activity (with documentation).","passengerRestriction":"For the first 6 months of a junior license: no more than 1 passenger under age 18 who is not an immediate family member. After 6 months (if no violations): up to 3 passengers under age 18. All passengers must wear seat belts; permit holders must be supervised by a licensed driver 21+ in the front seat.","cellPhoneRule":"Pennsylvania bans texting while driving for all drivers. As of 2025, PA also enforces a hands-free law (Paul Miller''s Law) prohibiting handheld mobile device use while driving. Junior drivers should avoid all phone use behind the wheel.","notes":"Pennsylvania requires applicants under 18 to hold the learner''s permit for at least 6 months, complete 65 hours of supervised practice (including 10 hours at night and 5 in inclement weather), and pass a road test. Driver education (classroom + behind-the-wheel) is not state-mandated for licensure but completing an approved 30-hour classroom and 6-hour BTW course qualifies drivers under 18 for an insurance discount and may waive certain skills test requirements at the discretion of insurers. A parent/guardian signature is required for applicants under 18.","needsReview":["Exact insurance discount amount and which carriers honor the 30/6 driver-ed completion","Whether Paul Miller''s hands-free law''s effective date and penalty schedule are current as of 2026","Confirm current PennDOT skills-test waiver policy for completion of state-approved driver education","Verify whether the 5 hours of inclement-weather practice is still officially required vs. recommended"]}}', unixepoch('now')*1000, 'Generated; school must review and tweak.', unixepoch('now')*1000
);
INSERT OR REPLACE INTO content_pack (id, slug, name, scope, jurisdiction, description, createdAt) VALUES (
  'cp_pa_teen_overlay', 'pa-teen-overlay', 'Pennsylvania Teen Overlay', 'state', 'US-PA', 'Pennsylvania-specific supplement covering PennDOT''s Graduated Driver Licensing (GDL) program: how to earn a learner''s permit, the day-to-day restrictions on junior license holders, and Pennsylvania-specific rules every new driver needs to know before they take the wheel on PA roads.', unixepoch('now')*1000
);
INSERT OR REPLACE INTO content_pack_version (id, contentPackId, version, notes, publishedAt, createdAt) VALUES (
  'cpv_pa_teen_overlay_1_0_0', 'cp_pa_teen_overlay', '1.0.0', 'Generated by per-state agent; human review required before publishing.', unixepoch('now')*1000, unixepoch('now')*1000
);
INSERT OR REPLACE INTO course (id, contentPackVersionId, slug, title, description, ordinal) VALUES (
  'course_pa_overlay', 'cpv_pa_teen_overlay_1_0_0', 'pa-overlay', 'Pennsylvania Teen Driver Overlay', 'Pennsylvania-specific supplement covering PennDOT''s Graduated Driver Licensing (GDL) program: how to earn a learner''s permit, the day-to-day restrictions on junior license holders, and Pennsylvania-specific rules every new driver needs to know before they take the wheel on PA roads.', 0
);
INSERT OR REPLACE INTO module (id, courseId, slug, title, description, ordinal) VALUES (
  'module_pa_overlay', 'course_pa_overlay', 'pa-teen-overlay', 'Pennsylvania Teen Driver Overlay', 'Pennsylvania-specific supplement covering PennDOT''s Graduated Driver Licensing (GDL) program: how to earn a learner''s permit, the day-to-day restrictions on junior license holders, and Pennsylvania-specific rules every new driver needs to know before they take the wheel on PA roads.', 0
);
INSERT OR REPLACE INTO lesson (id, moduleId, slug, title, body, estimatedSeatMinutes, ordinal) VALUES (
  'lesson_pa_how-to-get-a-pa-learners-permit', 'module_pa_overlay', 'how-to-get-a-pa-learners-permit', 'How to Get a Pennsylvania Learner''s Permit', '## Earning Your Pennsylvania Learner''s Permit

In Pennsylvania, the first step toward a driver''s license is the **learner''s permit**, issued by the **Pennsylvania Department of Transportation (PennDOT)**. You can apply on or after your 16th birthday. Pennsylvania uses a three-stage Graduated Driver Licensing (GDL) program: learner''s permit, junior license, and unrestricted license.

### Step 1: Gather Your Paperwork

Before your trip to a PennDOT Driver License Center, assemble the following:

- **Form DL-180** (Non-Commercial Learner''s Permit Application). Applicants under 18 must complete **Form DL-180TT** as well, which requires a parent or legal guardian''s signature in front of a notary or a PennDOT representative.
- **Form DL-180** also includes a **physical examination** section that must be completed and signed by a licensed physician, certified registered nurse practitioner, or physician assistant within the past 6 months.
- **Proof of identity** (certified U.S. birth certificate, valid U.S. passport, or other PennDOT-accepted document).
- **Proof of Social Security number** (Social Security card, W-2, or pay stub showing full SSN).
- **Two proofs of Pennsylvania residency** (utility bill, lease, W-2, etc.). If you''re under 18, your parent''s documents may be used along with the parent consent form.
- **Application fee** (currently $39.50 for a non-commercial learner''s permit; verify the current fee on the PennDOT website before your visit).

### Step 2: Pass the Knowledge Test

At the Driver License Center you''ll take a **multiple-choice knowledge test** covering road signs, traffic laws, and safe-driving practices drawn from the **PA Driver''s Manual (Publication 95)**. The test is 18 questions; you can miss no more than 4. If you fail, you may retest the same day if time permits, or return another day.

You will also pass a **basic vision screening** (20/40 in at least one eye, with or without corrective lenses).

### Step 3: Receive Your Permit

Once you pass, you receive a **camera card** that serves as your interim permit, and your photo permit arrives by mail within 15 days. Your permit is valid for **1 year** (or longer if you''re under 18 — until the day before your 18th birthday plus one year).

### Step 4: Practice — A Lot

With your permit, you may drive only when supervised by a **licensed driver age 21 or older** seated in the front seat. (A spouse who is 18 or older with a valid Pennsylvania license also counts.)

If you are **under 18**, you must complete **65 hours of supervised practice driving**, including:
- **10 hours at night**
- **5 hours in inclement weather** (rain, snow, fog)

Your parent or guardian certifies these hours on **Form DL-180C** when you apply for your junior license. Keep a written log — many parents and instructors use a printed practice log or the official PennDOT form throughout the 6 months.

### Step 5: Hold the Permit for at Least 6 Months

Under-18 applicants must hold the permit **at least 6 months** before taking the road test. You must also be free of any crash or traffic violation for the **6 months immediately preceding** the road test.

When ready, schedule your road test online through PennDOT. Pass it, and you graduate to a **junior driver''s license** — but with restrictions that the next lesson covers in detail.', 35, 0
);
INSERT OR REPLACE INTO quiz (id, lessonId, title, passingScore, shuffleQuestions) VALUES (
  'quiz_pa_how-to-get-a-pa-learners-permit', 'lesson_pa_how-to-get-a-pa-learners-permit', 'Pennsylvania Learner''s Permit Quiz', 80, 1
);
INSERT OR REPLACE INTO quiz_question (id, quizId, prompt, choices, correctIndex, explanation, ordinal) VALUES (
  'q_pa_how-to-get-a-pa-learners-permit_0', 'quiz_pa_how-to-get-a-pa-learners-permit', 'What is the minimum age to apply for a learner''s permit in Pennsylvania?', '["15","15 years 6 months","16","17"]', 2, 'Pennsylvania allows applicants to obtain a learner''s permit on or after their 16th birthday.', 0
);
INSERT OR REPLACE INTO quiz_question (id, quizId, prompt, choices, correctIndex, explanation, ordinal) VALUES (
  'q_pa_how-to-get-a-pa-learners-permit_1', 'quiz_pa_how-to-get-a-pa-learners-permit', 'How many hours of supervised practice driving must a Pennsylvania applicant under 18 complete before the road test?', '["40 hours","50 hours","65 hours","80 hours"]', 2, 'PA requires 65 supervised hours, including 10 at night and 5 in inclement weather, certified on Form DL-180C.', 1
);
INSERT OR REPLACE INTO quiz_question (id, quizId, prompt, choices, correctIndex, explanation, ordinal) VALUES (
  'q_pa_how-to-get-a-pa-learners-permit_2', 'quiz_pa_how-to-get-a-pa-learners-permit', 'Who is qualified to supervise a Pennsylvania learner''s permit holder during practice driving?', '["Any licensed driver age 18 or older","A licensed driver age 21 or older (or a spouse 18+) seated in the front seat","Any adult who has had a license for at least one year","Only a certified driving instructor"]', 1, 'The supervising driver must be 21+ (or a spouse 18+) with a valid license, and must be seated in the front passenger seat.', 2
);
INSERT OR REPLACE INTO quiz_question (id, quizId, prompt, choices, correctIndex, explanation, ordinal) VALUES (
  'q_pa_how-to-get-a-pa-learners-permit_3', 'quiz_pa_how-to-get-a-pa-learners-permit', 'What form must a parent or guardian sign for a Pennsylvania applicant under 18?', '["DL-31","DL-180TT (parental consent)","MV-44","DL-143"]', 1, 'Form DL-180TT is the parent/guardian consent form required for applicants under 18 applying for a learner''s permit.', 3
);
INSERT OR REPLACE INTO quiz_question (id, quizId, prompt, choices, correctIndex, explanation, ordinal) VALUES (
  'q_pa_how-to-get-a-pa-learners-permit_4', 'quiz_pa_how-to-get-a-pa-learners-permit', 'How long must an under-18 applicant hold a Pennsylvania learner''s permit before taking the road test?', '["At least 3 months","At least 6 months","At least 9 months","At least 12 months"]', 1, 'Pennsylvania requires applicants under 18 to hold the permit at least 6 months and be violation-free for the 6 months before the road test.', 4
);
INSERT OR REPLACE INTO lesson (id, moduleId, slug, title, body, estimatedSeatMinutes, ordinal) VALUES (
  'lesson_pa_pa-gdl-restrictions-daily-life', 'module_pa_overlay', 'pa-gdl-restrictions-daily-life', 'Pennsylvania GDL Restrictions in Daily Life', '## Living With a Pennsylvania Junior License

Passing the road test does **not** mean you get the same license your parents have. Drivers under 18 in Pennsylvania receive a **junior driver''s license**, which carries real, enforceable restrictions for at least the first year. Knowing these rules — and following them — keeps you legal, keeps your insurance affordable, and keeps everyone in your car safer.

### The Nighttime Curfew

Junior license holders **may not drive between 11:00 p.m. and 5:00 a.m.** There are three documented exceptions:

1. Driving to or from **employment**
2. Driving to or from a **volunteer or charitable service** activity
3. Driving to or from a **school-sponsored** activity

If an officer stops you between 11 p.m. and 5 a.m., be ready to show proof — a work schedule from your employer, a note from a coach or club advisor, or similar documentation. "My friend lives across town" is not an exception.

### The Passenger Limit

For the **first 6 months** of your junior license, you may carry **no more than one passenger under age 18** unless those additional passengers are immediate family members (parents, siblings, etc.).

After the first 6 months, if you have **no convictions for driving violations or partial responsibility for a reportable crash**, the limit increases to **up to 3 passengers under 18**. Any violation resets the more restrictive limit.

Note that **immediate family members do not count** toward the limit. Driving your younger sister and her two friends to soccer practice counts as two non-family passengers under 18 — only allowed after the first 6 months and only if you remain violation-free.

### Seat Belts: Stricter Than Adult Law

When the driver is **under 18**, Pennsylvania law requires **every occupant** of the vehicle to be wearing a seat belt — regardless of where they''re sitting. This is a **primary offense**, meaning an officer can stop you specifically for an unbelted passenger. Adult drivers face a secondary belt law for back-seat passengers; for junior drivers, it''s primary for everyone.

### Cell Phones and Distraction

Pennsylvania bans **texting while driving** for every driver. As of 2025, Pennsylvania also enforces **Paul Miller''s Law**, a **hands-free** statute that prohibits holding a mobile device for any reason while driving — calls, GPS, music selection, anything. The safest rule for junior drivers: phone goes in Do Not Disturb mode and stays out of your hands until the engine is off.

### Crashes and Violations Have Extra Consequences

A junior driver who accumulates **6 or more points** or is convicted of driving **26+ mph over the limit** faces an automatic **90-day license suspension**. A second occurrence is 6 months. There is no "first-time" leniency.

A **reportable crash** in which you are even partially at fault, or **any** conviction for a violation, can also reset your passenger restriction and delay full licensure.

### Graduating to an Unrestricted License

The junior license automatically converts to an **unrestricted Class C license** on your **18th birthday**, provided you have **no convictions or partial-responsibility crashes for the 12 months prior**. If you do have a recent violation, the restrictions remain until you''ve had a clean 12-month window.

In short: drive like the restrictions matter, because they do — and the cleanest path to an adult license is to never give an officer a reason to stop you.', 30, 1
);
INSERT OR REPLACE INTO quiz (id, lessonId, title, passingScore, shuffleQuestions) VALUES (
  'quiz_pa_pa-gdl-restrictions-daily-life', 'lesson_pa_pa-gdl-restrictions-daily-life', 'Pennsylvania GDL Restrictions Quiz', 80, 1
);
INSERT OR REPLACE INTO quiz_question (id, quizId, prompt, choices, correctIndex, explanation, ordinal) VALUES (
  'q_pa_pa-gdl-restrictions-daily-life_0', 'quiz_pa_pa-gdl-restrictions-daily-life', 'What are the nighttime curfew hours for a Pennsylvania junior license holder?', '["10:00 p.m. to 5:00 a.m.","11:00 p.m. to 5:00 a.m.","Midnight to 6:00 a.m.","9:00 p.m. to 6:00 a.m."]', 1, 'Junior license holders may not drive between 11:00 p.m. and 5:00 a.m. except for documented work, volunteer, or school-sponsored activities.', 0
);
INSERT OR REPLACE INTO quiz_question (id, quizId, prompt, choices, correctIndex, explanation, ordinal) VALUES (
  'q_pa_pa-gdl-restrictions-daily-life_1', 'quiz_pa_pa-gdl-restrictions-daily-life', 'During the first 6 months of a Pennsylvania junior license, how many non-family passengers under age 18 are permitted?', '["Zero","No more than 1","No more than 2","No more than 3"]', 1, 'For the first 6 months, no more than 1 passenger under 18 (who is not an immediate family member) is allowed.', 1
);
INSERT OR REPLACE INTO quiz_question (id, quizId, prompt, choices, correctIndex, explanation, ordinal) VALUES (
  'q_pa_pa-gdl-restrictions-daily-life_2', 'quiz_pa_pa-gdl-restrictions-daily-life', 'Under Pennsylvania law, when the driver is under 18, who must wear a seat belt?', '["Only the driver and front-seat passenger","Only occupants under age 18","Every occupant in the vehicle, in every seat","Only occupants in the front seat"]', 2, 'When the driver is under 18, every occupant must be belted; this is a primary offense for junior drivers.', 2
);
INSERT OR REPLACE INTO quiz_question (id, quizId, prompt, choices, correctIndex, explanation, ordinal) VALUES (
  'q_pa_pa-gdl-restrictions-daily-life_3', 'quiz_pa_pa-gdl-restrictions-daily-life', 'Under Paul Miller''s Law (Pennsylvania''s hands-free statute), what is prohibited while driving?', '["Only typing or sending text messages","Only making voice calls without a headset","Holding a mobile device for any purpose while driving","Using GPS apps of any kind"]', 2, 'Paul Miller''s Law prohibits holding a mobile device for any reason while driving; hands-free use is required.', 3
);
INSERT OR REPLACE INTO quiz_question (id, quizId, prompt, choices, correctIndex, explanation, ordinal) VALUES (
  'q_pa_pa-gdl-restrictions-daily-life_4', 'quiz_pa_pa-gdl-restrictions-daily-life', 'A Pennsylvania junior license automatically becomes an unrestricted license when the holder turns 18, provided they:', '["Pay a $50 conversion fee","Pass an additional skills test","Have no convictions or partial-responsibility crashes in the 12 months prior","Re-take the written knowledge test"]', 2, 'Conversion to an unrestricted license at 18 requires a clean 12-month record (no convictions or partial-fault reportable crashes).', 4
);
INSERT OR REPLACE INTO lesson (id, moduleId, slug, title, body, estimatedSeatMinutes, ordinal) VALUES (
  'lesson_pa_pa-specific-rules-and-quirks', 'module_pa_overlay', 'pa-specific-rules-and-quirks', 'Pennsylvania-Specific Rules and Road Quirks', '## Driving Rules That Are Distinctly Pennsylvania

Much of traffic law is similar from state to state, but Pennsylvania has several rules and physical road features that surprise new drivers — and out-of-state visitors. Knowing them keeps you safe and out of trouble.

### The Steady Red Arrow Rule

In many states you may turn right on red after stopping, even from a dedicated right-turn lane controlled by a red **arrow**. **Pennsylvania law treats a steady red arrow as a hard stop:** you may **not** turn against a red arrow, even right on red, unless a sign explicitly permits it. A round red ball signal still allows right-on-red (and left-on-red onto a one-way from a one-way) after a complete stop where not prohibited.

### Move Over for Emergency and Disabled Vehicles

Pennsylvania''s **Steer Clear Law** (sometimes referred to with the broader Move Over Law) requires drivers approaching an emergency response area — police, fire, EMS, tow trucks, utility vehicles, or any disabled vehicle with flashing lights or road flares — to **move over one lane** if safe, or **slow to no more than 20 mph below the posted speed limit** (and to no more than 20 mph in work zones) if moving over is not possible. Violations carry significant fines and points.

### Headlights Required With Wipers

Whenever your **windshield wipers are in continuous or intermittent use** due to weather, Pennsylvania law requires your **headlights to be on**. Daytime running lights alone do not satisfy this rule because they typically do not turn on your tail lights. This is one of the easiest tickets to avoid: if wipers are on, lights are on.

### School Bus Stops: All Directions, Almost Always

When a school bus stops with **flashing red lights and the stop arm extended**, traffic in **all directions** must stop — including oncoming traffic — unless you are on the **opposite side of a divided highway separated by a physical barrier or unpaved median**. Painted lines or a center turn lane do **not** count as a divider; you still must stop. The penalty includes a **60-day license suspension**, 5 points, and a $250 fine.

### Roundabouts Are Multiplying

Pennsylvania has invested heavily in **modern roundabouts**, especially on rural and suburban arterials. The rules: yield to traffic already in the circle, enter only when there is a safe gap, do **not** stop inside the roundabout, and **yield to pedestrians** in the crosswalks at the entrance and exit. Trucks may use the apron — give them room.

### Pennsylvania Turnpike: Cashless Tolling

The **Pennsylvania Turnpike** is fully **cashless**. You pay either with an **E-ZPass** transponder or via **Toll By Plate**, which photographs your license plate and bills the registered owner (at a higher rate). There are no toll booths to stop at; just drive through at the posted speed.

### Snow and Ice Removal

Under Pennsylvania law, drivers can be cited if **snow or ice falls from their vehicle** and causes injury or damage to another person or vehicle. Clear your roof, hood, and trunk before driving in winter — a tall SUV with a snow slab on top is a common offender.

### Deer, Potholes, and Two-Lane Mountain Roads

Practical PA quirks: the state leads the nation in deer-vehicle collisions, peaking in **October–December at dawn and dusk**. Slow down, scan the shoulders, and remember deer travel in groups — if one crosses, expect another. On rural two-lane roads, expect **slow-moving farm equipment** and **Amish horse-drawn buggies** (especially in Lancaster, Berks, and surrounding counties); pass only with full visibility of oncoming traffic and never crest a hill or curve while passing.

### Final Tip: Read the Signs, Not the Rumor Mill

A lot of "Pennsylvania driving lore" — about jughandles, U-turns, or right-on-red — is actually about New Jersey or other neighboring states. Trust posted signage and Publication 95 (the PA Driver''s Manual), not what your cousin from across the river told you.', 30, 2
);
INSERT OR REPLACE INTO quiz (id, lessonId, title, passingScore, shuffleQuestions) VALUES (
  'quiz_pa_pa-specific-rules-and-quirks', 'lesson_pa_pa-specific-rules-and-quirks', 'Pennsylvania-Specific Rules Quiz', 80, 1
);
INSERT OR REPLACE INTO quiz_question (id, quizId, prompt, choices, correctIndex, explanation, ordinal) VALUES (
  'q_pa_pa-specific-rules-and-quirks_0', 'quiz_pa_pa-specific-rules-and-quirks', 'At a Pennsylvania intersection with a steady red ARROW for right turns (no sign permitting otherwise), what should you do?', '["Stop, then turn right when traffic is clear","Treat it the same as a round red ball signal","Remain stopped until the arrow turns green — no turn on red arrow","Yield and proceed if there is a turn lane"]', 2, 'A steady red arrow prohibits the turn entirely; you must wait for a green signal. Red ball signals allow right-on-red after a stop where not prohibited.', 0
);
INSERT OR REPLACE INTO quiz_question (id, quizId, prompt, choices, correctIndex, explanation, ordinal) VALUES (
  'q_pa_pa-specific-rules-and-quirks_1', 'quiz_pa_pa-specific-rules-and-quirks', 'Under Pennsylvania''s Steer Clear / Move Over Law, what must you do when approaching an emergency response area on a multi-lane road?', '["Honk to warn the workers, then drive past at normal speed","Move over one lane if safe, or slow to at least 20 mph below the speed limit if you cannot","Come to a complete stop and wait until directed to proceed","Drive in the shoulder to pass quickly"]', 1, 'Drivers must move over one lane if it is safe, or slow to at least 20 mph below the posted speed limit if moving over is not possible.', 1
);
INSERT OR REPLACE INTO quiz_question (id, quizId, prompt, choices, correctIndex, explanation, ordinal) VALUES (
  'q_pa_pa-specific-rules-and-quirks_2', 'quiz_pa_pa-specific-rules-and-quirks', 'Pennsylvania law requires your headlights to be on whenever:', '["It is past sunset only","Visibility is less than 100 feet only","Your windshield wipers are in continuous or intermittent use","You are driving on the Pennsylvania Turnpike"]', 2, 'If your wipers are on due to weather, your headlights (not just daytime running lights) must be on as well.', 2
);
INSERT OR REPLACE INTO quiz_question (id, quizId, prompt, choices, correctIndex, explanation, ordinal) VALUES (
  'q_pa_pa-specific-rules-and-quirks_3', 'quiz_pa_pa-specific-rules-and-quirks', 'A school bus stops with red lights flashing and stop arm extended on a four-lane road with only a painted center turn lane separating directions. What must oncoming traffic do?', '["Continue at reduced speed because the road is divided","Stop, because a painted line is not a physical divider","Slow to 25 mph and pass with caution","Move to the right shoulder and continue"]', 1, 'Painted lines and center turn lanes do not qualify as a physical divider in Pennsylvania; all directions must stop. Violations bring a 60-day suspension, 5 points, and a $250 fine.', 3
);
INSERT OR REPLACE INTO quiz_question (id, quizId, prompt, choices, correctIndex, explanation, ordinal) VALUES (
  'q_pa_pa-specific-rules-and-quirks_4', 'quiz_pa_pa-specific-rules-and-quirks', 'How does the Pennsylvania Turnpike collect tolls today?', '["Cash booths at each exit only","E-ZPass only — no other payment accepted","Cashless: E-ZPass or Toll By Plate (license plate billing)","Prepaid paper tickets sold at rest stops"]', 2, 'The PA Turnpike is fully cashless: drivers pay via E-ZPass transponder or Toll By Plate, which photographs the license plate and mails an invoice.', 4
);

-- Rhode Island (RI)
INSERT OR REPLACE INTO rule_pack (id, jurisdiction, slug, name, maturity, createdAt) VALUES (
  'rp_ri_teen', 'US-RI', 'ri-teen', 'Rhode Island Teen Driver Education', 'level1', unixepoch('now')*1000
);
INSERT OR REPLACE INTO rule_pack_version (id, rulePackId, version, definition, publishedAt, notes, createdAt) VALUES (
  'rpv_ri_teen_1_0_0', 'rp_ri_teen', '1.0.0', '{"credentials":[{"key":"permit_eligibility","label":"Limited Instruction Permit","deliveryMode":"manual"}],"requirements":[{"key":"classroom_hours","label":"Classroom hours","target":33,"unit":"hour"},{"key":"btw_hours","label":"Behind-the-wheel hours","target":10,"unit":"hour"},{"key":"supervised_practice_hours","label":"Supervised practice (parent log)","target":50,"unit":"hour"}],"rules":[{"key":"unlock_permit_eligibility","trigger":"enrollment.state_changed","conditions":{"jurisdiction":"US-RI","minPermitAge":16,"classroomHoursCompleted":{"gte":33}},"actions":[{"type":"unlock_credential","credential":"permit_eligibility"},{"type":"set_journey_state","value":"permit_eligible"}]}],"facts":{"agencyName":"Rhode Island Division of Motor Vehicles (RI DMV)","minPermitAge":16,"minLicenseAge":16.5,"minPermitDurationMonths":6,"nighttimeRestriction":"Provisional license holders under 18 may not drive between 1:00 AM and 5:00 AM unless accompanied by a licensed driver age 21+, or for documented work, school, religious, or emergency reasons.","passengerRestriction":"For the first 12 months of a provisional license, drivers under 18 may not transport more than one passenger under age 21 unless a licensed parent/guardian or driver 21+ is in the vehicle. Immediate family members are exempt.","cellPhoneRule":"Drivers under 18 are prohibited from using any handheld or hands-free electronic communication device while driving. All drivers (any age) are banned from texting, and handheld phone use while driving is prohibited statewide.","notes":"Rhode Island requires teens under 18 to complete a state-approved 33-hour driver education course before obtaining a limited instruction permit. The permit must be held for at least 6 months before a license can be issued. Applicants must also document 50 hours of supervised practice driving, including at least 10 hours at night. Driver education programs typically include a 10-hour behind-the-wheel component. The road test is administered by the RI DMV at the Cranston headquarters or other designated sites.","needsReview":["Whether the 10 BTW hours are part of the 33-hour course requirement or counted separately","Exact permit fee and license fee amounts (these change periodically)","Whether the supervised practice log is submitted on a specific RI DMV form or accepted in any format","Current road test scheduling backlog and whether third-party road testers are authorized in RI","Whether the passenger restriction sunsets at 12 months or extends until age 18"]}}', unixepoch('now')*1000, 'Generated; school must review and tweak.', unixepoch('now')*1000
);
INSERT OR REPLACE INTO content_pack (id, slug, name, scope, jurisdiction, description, createdAt) VALUES (
  'cp_ri_teen_overlay', 'ri-teen-overlay', 'Rhode Island Teen Overlay', 'state', 'US-RI', 'Rhode Island-specific supplement covering the RI DMV limited instruction permit process, the Ocean State''s Graduated Driver License (GDL) restrictions, and quirks of driving in the nation''s smallest state — from rotaries to coastal weather.', unixepoch('now')*1000
);
INSERT OR REPLACE INTO content_pack_version (id, contentPackId, version, notes, publishedAt, createdAt) VALUES (
  'cpv_ri_teen_overlay_1_0_0', 'cp_ri_teen_overlay', '1.0.0', 'Generated by per-state agent; human review required before publishing.', unixepoch('now')*1000, unixepoch('now')*1000
);
INSERT OR REPLACE INTO course (id, contentPackVersionId, slug, title, description, ordinal) VALUES (
  'course_ri_overlay', 'cpv_ri_teen_overlay_1_0_0', 'ri-overlay', 'Rhode Island Teen Driver Overlay', 'Rhode Island-specific supplement covering the RI DMV limited instruction permit process, the Ocean State''s Graduated Driver License (GDL) restrictions, and quirks of driving in the nation''s smallest state — from rotaries to coastal weather.', 0
);
INSERT OR REPLACE INTO module (id, courseId, slug, title, description, ordinal) VALUES (
  'module_ri_overlay', 'course_ri_overlay', 'ri-teen-overlay', 'Rhode Island Teen Driver Overlay', 'Rhode Island-specific supplement covering the RI DMV limited instruction permit process, the Ocean State''s Graduated Driver License (GDL) restrictions, and quirks of driving in the nation''s smallest state — from rotaries to coastal weather.', 0
);
INSERT OR REPLACE INTO lesson (id, moduleId, slug, title, body, estimatedSeatMinutes, ordinal) VALUES (
  'lesson_ri_how-to-get-a-permit-in-rhode-island', 'module_ri_overlay', 'how-to-get-a-permit-in-rhode-island', 'How to Get Your Limited Instruction Permit in Rhode Island', '# How to Get Your Limited Instruction Permit in Rhode Island

Rhode Island calls the teen learner credential a **Limited Instruction Permit**, and it is issued by the **Rhode Island Division of Motor Vehicles (RI DMV)** out of the Cranston headquarters and a handful of branch offices. This lesson walks through exactly what you need, in what order, so you do not waste a trip to Forand Plaza.

## Step 1: Hit the minimum age

You must be at least **16 years old** to apply. There is no provision for 15-year-olds to begin the permit process in Rhode Island, even with parental consent. If you are under 18, you must also be enrolled in or have completed a state-approved driver education program before the DMV will issue the permit.

## Step 2: Complete driver education (under 18)

Rhode Island requires applicants under 18 to complete a **33-hour classroom course** through a state-licensed driving school or a participating high school program. The course covers Rhode Island traffic law, the GDL system, impaired and distracted driving, sharing the road, and basic vehicle operation. Most programs also include or coordinate a **10-hour behind-the-wheel (BTW)** component with a certified instructor.

When you finish the classroom portion, the school issues you a **Driver Education Certificate of Completion**. Keep the original — the DMV will collect it at the permit appointment.

## Step 3: Gather your documents

Rhode Island uses federal REAL ID standards. Bring originals (not photocopies) of:

- **Proof of identity**: certified birth certificate, valid U.S. passport, or permanent resident card.
- **Proof of Social Security number**: SSN card, W-2, or 1099.
- **Two proofs of Rhode Island residency**: utility bill, bank statement, school records, or a parent''s residency affidavit if you live with them.
- **Parent or guardian consent**: a parent or legal guardian must appear in person to sign the consent form if you are under 18.
- **Driver education completion certificate** (if under 18).

## Step 4: Make an appointment

Rhode Island DMV permit testing is **by appointment only** through the RI DMV online portal. Walk-ins for permits are generally not accepted. Appointments at Cranston fill up quickly — book several weeks in advance.

## Step 5: Pass the knowledge and vision tests

At your appointment you will take:

- A **vision screening** (corrective lenses are fine; the restriction will be noted on your permit).
- A **written knowledge test** of 25 multiple-choice questions drawn from the Rhode Island Driver''s Manual. You need 80% to pass. The test covers signs, signals, right-of-way, GDL rules, and safe driving practices. Study the most current edition of the manual — it is updated periodically.

## Step 6: Pay the fee and get your permit

Pay the permit fee at the cashier, take your photo, and you''ll walk out with your Limited Instruction Permit. From this day forward, the **6-month minimum holding period** clock starts ticking. You cannot test for a license sooner than 6 months from the permit issue date, no matter how prepared you feel.

## What the permit lets you do

With a Limited Instruction Permit you may drive **only when accompanied by a licensed driver age 21 or older** who is seated next to you in the front passenger seat. The supervising driver must have held a valid license for at least 5 years. You may not drive solo — ever — on a permit.

Start logging your **50 hours of supervised practice driving** (including **at least 10 hours at night**) immediately. You will need to certify these hours when you apply for your license.', 45, 0
);
INSERT OR REPLACE INTO quiz (id, lessonId, title, passingScore, shuffleQuestions) VALUES (
  'quiz_ri_how-to-get-a-permit-in-rhode-island', 'lesson_ri_how-to-get-a-permit-in-rhode-island', 'Rhode Island Permit Application Quiz', 80, 1
);
INSERT OR REPLACE INTO quiz_question (id, quizId, prompt, choices, correctIndex, explanation, ordinal) VALUES (
  'q_ri_how-to-get-a-permit-in-rhode-island_0', 'quiz_ri_how-to-get-a-permit-in-rhode-island', 'What is the minimum age to apply for a Limited Instruction Permit in Rhode Island?', '["15","15 years 6 months","16","16 years 6 months"]', 2, 'Rhode Island sets the minimum permit age at 16. There is no early-start option for 15-year-olds.', 0
);
INSERT OR REPLACE INTO quiz_question (id, quizId, prompt, choices, correctIndex, explanation, ordinal) VALUES (
  'q_ri_how-to-get-a-permit-in-rhode-island_1', 'quiz_ri_how-to-get-a-permit-in-rhode-island', 'How many hours of classroom driver education must Rhode Island applicants under 18 complete?', '["20 hours","25 hours","30 hours","33 hours"]', 3, 'Rhode Island requires a 33-hour state-approved classroom course for applicants under 18.', 1
);
INSERT OR REPLACE INTO quiz_question (id, quizId, prompt, choices, correctIndex, explanation, ordinal) VALUES (
  'q_ri_how-to-get-a-permit-in-rhode-island_2', 'quiz_ri_how-to-get-a-permit-in-rhode-island', 'How long must you hold the Limited Instruction Permit before you can test for a license?', '["3 months","6 months","9 months","12 months"]', 1, 'The mandatory permit holding period in Rhode Island is 6 months.', 2
);
INSERT OR REPLACE INTO quiz_question (id, quizId, prompt, choices, correctIndex, explanation, ordinal) VALUES (
  'q_ri_how-to-get-a-permit-in-rhode-island_3', 'quiz_ri_how-to-get-a-permit-in-rhode-island', 'While driving on a Limited Instruction Permit, who must be in the front passenger seat?', '["Any licensed driver over 18","A licensed driver age 21+ with at least 5 years of driving experience","A parent or legal guardian only","A certified driving instructor only"]', 1, 'Permit holders must be supervised by a licensed driver age 21 or older who has held a valid license for at least 5 years.', 3
);
INSERT OR REPLACE INTO quiz_question (id, quizId, prompt, choices, correctIndex, explanation, ordinal) VALUES (
  'q_ri_how-to-get-a-permit-in-rhode-island_4', 'quiz_ri_how-to-get-a-permit-in-rhode-island', 'How many hours of supervised practice driving must a Rhode Island teen log before licensing, and how many of those must be at night?', '["30 total, 5 at night","40 total, 8 at night","50 total, 10 at night","60 total, 15 at night"]', 2, 'Rhode Island requires 50 hours of supervised practice, including at least 10 hours of nighttime driving.', 4
);
INSERT OR REPLACE INTO lesson (id, moduleId, slug, title, body, estimatedSeatMinutes, ordinal) VALUES (
  'lesson_ri_rhode-island-gdl-restrictions-daily-life', 'module_ri_overlay', 'rhode-island-gdl-restrictions-daily-life', 'Rhode Island GDL Restrictions in Daily Life', '# Rhode Island GDL Restrictions in Daily Life

Rhode Island''s **Graduated Driver License (GDL)** program does not stop at the moment you pass your road test. The **provisional license** you receive at 16.5 (or older) comes with real restrictions that last until you turn 18 — and police actively enforce them. Knowing the rules keeps your license, keeps your insurance affordable, and keeps your passengers safe.

## The provisional license window

When you pass your Rhode Island road test before turning 18, you receive a **provisional license**, not a full unrestricted license. The provisional designation lasts until your 18th birthday. During that window, two restrictions matter most: the **nighttime curfew** and the **passenger limit**.

## Nighttime curfew: 1 AM to 5 AM

Provisional license holders under 18 **may not drive between 1:00 AM and 5:00 AM**. This applies every day of the week, including weekends, holidays, and summer vacation.

There are narrow exceptions if you can document the reason:

- Driving to or from **work** (carry a paystub, work schedule, or letter from your employer).
- Driving to or from a **school-sanctioned event**.
- Driving to or from a **religious activity**.
- A **medical or family emergency**.
- Driving while accompanied by a licensed driver age 21 or older.

If you get pulled over at 2 AM and cannot produce proof of an exception, expect a citation and a likely license suspension. "I was just driving home from a friend''s house" does not count.

## Passenger limit: one young passenger

For the **first 12 months** after you get your provisional license, you may not transport **more than one passenger under age 21** unless one of the following is true:

- A **parent, legal guardian, or licensed driver age 21+** is in the vehicle, OR
- The additional young passengers are **immediate family members** (siblings, half-siblings, step-siblings living in your household).

This is the rule most often broken — and most often caught — because teens cram four friends into a car for a beach run to Narragansett or a mall trip to Providence Place. A traffic stop, a fender-bender, or a parking lot incident can all expose the violation.

## Cell phone and electronic device ban

Rhode Island has one of the stricter teen distracted-driving laws in the Northeast. If you are **under 18**, you may not use **any** electronic communication device while driving — **handheld or hands-free**. That means no Bluetooth, no speakerphone, no Apple CarPlay phone calls. The only legal use is to call 911 in an emergency.

All drivers, regardless of age, are banned from **texting while driving**, and Rhode Island also has a statewide **handheld phone ban** for drivers of any age. Hands-free is permitted for adults but still forbidden for under-18 provisional drivers.

## Seat belts — non-negotiable

Rhode Island has a **primary seat belt law**: police can pull you over solely for an unbuckled occupant. As the driver, you are responsible for ensuring every passenger under 18 is buckled. Fines and points apply.

## Penalties stack quickly

Violating GDL restrictions can result in:

- A **30-day license suspension** for a first offense.
- **90 days** for a second offense.
- **6 months** for a third.
- Mandatory **reinstatement fees** and possible re-completion of driver education.
- Sharp insurance premium increases — often doubling.

## Practical planning

Build your social and work calendar around the curfew: leave the late shift at Newport restaurants before midnight, or arrange a ride. Decide before you start the car who is riding with you and whether your passenger count is legal. Put your phone in **Do Not Disturb While Driving** mode before you shift into Drive — Rhode Island courts have accepted phone records as evidence in citations.', 40, 1
);
INSERT OR REPLACE INTO quiz (id, lessonId, title, passingScore, shuffleQuestions) VALUES (
  'quiz_ri_rhode-island-gdl-restrictions-daily-life', 'lesson_ri_rhode-island-gdl-restrictions-daily-life', 'Rhode Island GDL Restrictions Quiz', 80, 1
);
INSERT OR REPLACE INTO quiz_question (id, quizId, prompt, choices, correctIndex, explanation, ordinal) VALUES (
  'q_ri_rhode-island-gdl-restrictions-daily-life_0', 'quiz_ri_rhode-island-gdl-restrictions-daily-life', 'What are the nighttime driving restriction hours for Rhode Island provisional license holders under 18?', '["10:00 PM to 5:00 AM","11:00 PM to 6:00 AM","1:00 AM to 5:00 AM","12:00 AM to 6:00 AM"]', 2, 'Rhode Island''s teen nighttime curfew runs from 1:00 AM to 5:00 AM.', 0
);
INSERT OR REPLACE INTO quiz_question (id, quizId, prompt, choices, correctIndex, explanation, ordinal) VALUES (
  'q_ri_rhode-island-gdl-restrictions-daily-life_1', 'quiz_ri_rhode-island-gdl-restrictions-daily-life', 'During the first 12 months of a Rhode Island provisional license, how many passengers under 21 may a teen driver transport without an adult 21+ in the vehicle?', '["Zero passengers under 21","One passenger under 21","Two passengers under 21","Three passengers under 21"]', 1, 'Only one passenger under 21 is allowed during the first 12 months, unless the additional passengers are immediate family or a licensed driver 21+ is present.', 1
);
INSERT OR REPLACE INTO quiz_question (id, quizId, prompt, choices, correctIndex, explanation, ordinal) VALUES (
  'q_ri_rhode-island-gdl-restrictions-daily-life_2', 'quiz_ri_rhode-island-gdl-restrictions-daily-life', 'Which cell phone use is legal for a 17-year-old Rhode Island provisional license holder while driving?', '["Hands-free Bluetooth calls","Texting at red lights","Calling 911 in an emergency","Apple CarPlay phone calls"]', 2, 'Under-18 drivers in Rhode Island are banned from all electronic communication device use except calling 911 in an emergency.', 2
);
INSERT OR REPLACE INTO quiz_question (id, quizId, prompt, choices, correctIndex, explanation, ordinal) VALUES (
  'q_ri_rhode-island-gdl-restrictions-daily-life_3', 'quiz_ri_rhode-island-gdl-restrictions-daily-life', 'Which of the following is a documented exception to the Rhode Island teen nighttime driving curfew?', '["Driving home from a friend''s house","Driving to or from documented work","Driving to pick up food","Driving for fun under 5 miles from home"]', 1, 'Documented work, school, religious activities, medical emergencies, and being accompanied by a licensed 21+ driver are the recognized exceptions.', 3
);
INSERT OR REPLACE INTO quiz_question (id, quizId, prompt, choices, correctIndex, explanation, ordinal) VALUES (
  'q_ri_rhode-island-gdl-restrictions-daily-life_4', 'quiz_ri_rhode-island-gdl-restrictions-daily-life', 'What is the typical penalty for a first GDL violation in Rhode Island?', '["A written warning only","A $50 fine with no other consequence","A 30-day license suspension","Permanent license revocation"]', 2, 'A first GDL violation typically results in a 30-day license suspension, with longer suspensions for repeat offenses.', 4
);
INSERT OR REPLACE INTO lesson (id, moduleId, slug, title, body, estimatedSeatMinutes, ordinal) VALUES (
  'lesson_ri_rhode-island-specific-rules-and-quirks', 'module_ri_overlay', 'rhode-island-specific-rules-and-quirks', 'Rhode Island-Specific Rules and Quirks', '# Rhode Island-Specific Rules and Quirks

Driving in the Ocean State is unlike driving in any of its neighbors. Rhode Island is geographically small, densely populated, and packed with old colonial road layouts that predate the automobile by two centuries. This lesson covers the rules, road features, and seasonal quirks that surprise new RI drivers.

## Rotaries (traffic circles)

Rhode Island has a higher density of **rotaries** — what other states call roundabouts or traffic circles — than almost any other state. Common examples include the **Apponaug rotary in Warwick**, **rotaries on Aquidneck Island**, and several along Route 1 in South County.

The rules:

- **Yield to traffic already in the rotary.** Vehicles inside the circle have the right of way.
- **Enter to the right** and travel **counter-clockwise**.
- **Signal your exit** as you pass the exit before yours.
- **Do not stop inside the rotary** unless necessary to avoid a collision.
- **Large trucks may straddle lanes** — give them room.

Multiple recent reconstructions (notably Apponaug) replaced traffic signals with modern roundabouts. The geometry is engineered to slow traffic to about 20 mph at the entry. Slow down, scan left, and merge smoothly.

## Bridges, tolls, and E-ZPass

Rhode Island operates several major bridges, most famously the **Claiborne Pell Bridge** (the Newport Bridge) connecting Jamestown to Newport, which is **tolled**. The toll is collected electronically — there are no cash booths. Use an **E-ZPass transponder** for the lowest rate; otherwise the system photographs your plate and mails a bill to the registered owner at a higher rate.

The **Mount Hope Bridge** (Bristol to Portsmouth) and the **Jamestown Verrazzano Bridge** are toll-free for now, but tolling policies evolve.

RI also operates **truck-only tolls** on some highway gantries — these do not apply to passenger cars but you will see the gantries.

## Coastal and weather quirks

- **Nor''easters** in winter and early spring bring heavy wet snow, ice, and sustained high winds. Bridges, especially the Pell, may close or impose **wind restrictions** for high-profile vehicles.
- **Flooding** is common in low-lying areas like parts of Warwick, Cranston, and the South County coast during storm surge. **Never drive into standing water** — six inches can stall a car, twelve inches can float one.
- **Sand and salt** on coastal roads year-round affect traction and accelerate vehicle corrosion.
- **Deer** are common throughout western RI (Foster, Glocester, Burrillville) and along Aquidneck Island, particularly at dawn and dusk.

## Narrow colonial streets

Providence''s East Side, Newport, Wickford, and Bristol all have streets that were laid out in the 1600s and 1700s. Expect:

- **Two-way streets so narrow** that one car must yield to oncoming traffic.
- **On-street parking on both sides** further narrowing the travel lane.
- **One-way networks** in Federal Hill, College Hill, and downtown Newport — read signs carefully.
- **Cobblestone and brick surfaces** that are slippery when wet.

## Move Over Law

Rhode Island''s **Move Over Law** requires drivers to change lanes away from any stopped emergency vehicle, tow truck, or highway maintenance vehicle displaying flashing lights. If changing lanes is not safe, **slow down significantly** below the posted speed limit. Violations carry fines and points.

## School buses

When a school bus stops with its **red lights flashing and stop arm extended**, traffic in **both directions must stop**, except on a divided highway with a physical barrier or median. Rhode Island enforces this aggressively, and many buses now carry stop-arm cameras.

## Inspection and registration

Rhode Island requires **biennial safety and emissions inspections** for most passenger vehicles at licensed inspection stations. A windshield sticker shows the next due date. Driving with an expired inspection is a ticketable offense.

## DUI is zero tolerance for under 21

Rhode Island''s BAC limit is **0.08 for adults**, but for drivers **under 21 it is 0.02** — effectively any detectable alcohol. A first underage DUI brings license suspension, fines, mandatory alcohol education, and a permanent criminal record consideration.

## Headlights and wipers

If your **wipers are on, your headlights must also be on**, day or night. This is the law in Rhode Island and is regularly cited as a contributing factor in rainy-weather crashes.', 40, 2
);
INSERT OR REPLACE INTO quiz (id, lessonId, title, passingScore, shuffleQuestions) VALUES (
  'quiz_ri_rhode-island-specific-rules-and-quirks', 'lesson_ri_rhode-island-specific-rules-and-quirks', 'Rhode Island Rules and Quirks Quiz', 80, 1
);
INSERT OR REPLACE INTO quiz_question (id, quizId, prompt, choices, correctIndex, explanation, ordinal) VALUES (
  'q_ri_rhode-island-specific-rules-and-quirks_0', 'quiz_ri_rhode-island-specific-rules-and-quirks', 'When entering a Rhode Island rotary (roundabout), who has the right of way?', '["The vehicle entering the rotary","The larger vehicle","Vehicles already traveling within the rotary","Whoever signals first"]', 2, 'Drivers entering a rotary must yield to vehicles already circulating inside it.', 0
);
INSERT OR REPLACE INTO quiz_question (id, quizId, prompt, choices, correctIndex, explanation, ordinal) VALUES (
  'q_ri_rhode-island-specific-rules-and-quirks_1', 'quiz_ri_rhode-island-specific-rules-and-quirks', 'How is the toll on the Claiborne Pell (Newport) Bridge collected?', '["Cash at a tollbooth","Electronically via E-ZPass or plate-billing — no cash booths","On the honor system at a drop box","Only during summer months"]', 1, 'The Pell Bridge is fully electronic — E-ZPass offers the lowest rate, otherwise the system photographs your plate and bills the registered owner.', 1
);
INSERT OR REPLACE INTO quiz_question (id, quizId, prompt, choices, correctIndex, explanation, ordinal) VALUES (
  'q_ri_rhode-island-specific-rules-and-quirks_2', 'quiz_ri_rhode-island-specific-rules-and-quirks', 'What is Rhode Island''s BAC limit for drivers under 21?', '["0.08","0.05","0.02","0.00"]', 2, 'Rhode Island sets an effectively zero-tolerance limit of 0.02 BAC for drivers under 21.', 2
);
INSERT OR REPLACE INTO quiz_question (id, quizId, prompt, choices, correctIndex, explanation, ordinal) VALUES (
  'q_ri_rhode-island-specific-rules-and-quirks_3', 'quiz_ri_rhode-island-specific-rules-and-quirks', 'Under Rhode Island''s Move Over Law, what must you do when approaching a stopped emergency vehicle with flashing lights?', '["Maintain speed and stay in your lane","Honk to warn others","Move over to a non-adjacent lane, or slow significantly if you cannot safely change lanes","Stop completely on the shoulder"]', 2, 'Drivers must move over one lane away from the stopped vehicle, or slow significantly below the posted limit if a safe lane change is not possible.', 3
);
INSERT OR REPLACE INTO quiz_question (id, quizId, prompt, choices, correctIndex, explanation, ordinal) VALUES (
  'q_ri_rhode-island-specific-rules-and-quirks_4', 'quiz_ri_rhode-island-specific-rules-and-quirks', 'What is Rhode Island''s rule connecting windshield wipers and headlights?', '["Headlights must be on only between dusk and dawn","If your wipers are on, your headlights must also be on","Headlights are optional in daytime rain","Only fog lights are required when it rains"]', 1, 'Rhode Island law requires headlights to be on whenever windshield wipers are in use, regardless of the time of day.', 4
);

-- South Carolina (SC)
INSERT OR REPLACE INTO rule_pack (id, jurisdiction, slug, name, maturity, createdAt) VALUES (
  'rp_sc_teen', 'US-SC', 'sc-teen', 'South Carolina Teen Driver Education', 'level1', unixepoch('now')*1000
);
INSERT OR REPLACE INTO rule_pack_version (id, rulePackId, version, definition, publishedAt, notes, createdAt) VALUES (
  'rpv_sc_teen_1_0_0', 'rp_sc_teen', '1.0.0', '{"credentials":[{"key":"permit_eligibility","label":"Beginner''s Permit","deliveryMode":"manual"}],"requirements":[{"key":"classroom_hours","label":"Classroom hours","target":30,"unit":"hour"},{"key":"btw_hours","label":"Behind-the-wheel hours","target":6,"unit":"hour"},{"key":"supervised_practice_hours","label":"Supervised practice (parent log)","target":40,"unit":"hour"}],"rules":[{"key":"unlock_permit_eligibility","trigger":"enrollment.state_changed","conditions":{"jurisdiction":"US-SC","minPermitAge":15,"classroomHoursCompleted":{"gte":30}},"actions":[{"type":"unlock_credential","credential":"permit_eligibility"},{"type":"set_journey_state","value":"permit_eligible"}]}],"facts":{"agencyName":"South Carolina Department of Motor Vehicles (SCDMV)","minPermitAge":15,"minLicenseAge":16.5,"minPermitDurationMonths":6,"nighttimeRestriction":"Conditional license holders (under 17) may not drive between 6:00 p.m. (Nov-Mar) or 8:00 p.m. (Apr-Oct) and 6:00 a.m. without a licensed adult 21+, except for work, school, or church.","passengerRestriction":"Conditional license holders may not transport more than two passengers under 21 who are not immediate family, unless a licensed parent/guardian is in the front seat.","cellPhoneRule":"South Carolina prohibits texting while driving for all drivers; permit and conditional license holders are strongly discouraged from any handheld phone use. Local ordinances in some cities (e.g., Columbia, Mt. Pleasant) impose stricter handheld bans.","notes":"South Carolina uses a three-stage GDL: Beginner''s Permit (15+), Conditional/Route-Restricted License (15.5+ / 16+), and Special Restricted License lifted at 17. Driver education is required for applicants under 17 to be exempt from the road test waiting period and to obtain a conditional license at 15.5. The 40 hours of supervised practice must include at least 10 hours at night and be logged on the SCDMV-provided log form, signed by a parent or guardian.","needsReview":["Exact minLicenseAge (full unrestricted license vs. conditional license age) — SC has conditional at 16 and full at 17; using 16.5 as a placeholder for the conditional-to-standard transition.","Whether driver-ed BTW requirement is strictly 6 hours statewide or varies by provider/school district.","Current nighttime cutoff times — historically tied to daylight saving (6pm winter / 8pm summer); confirm SCDMV has not updated.","Whether SCDMV now accepts electronic completion certificates from driver-ed providers (would change deliveryMode to electronic_upload).","Exact passenger restriction wording for Beginner''s Permit vs. Conditional License."]}}', unixepoch('now')*1000, 'Generated; school must review and tweak.', unixepoch('now')*1000
);
INSERT OR REPLACE INTO content_pack (id, slug, name, scope, jurisdiction, description, createdAt) VALUES (
  'cp_sc_teen_overlay', 'sc-teen-overlay', 'South Carolina Teen Overlay', 'state', 'US-SC', 'South Carolina-specific supplement covering the SCDMV Beginner''s Permit process, the state''s three-stage Graduated Driver License (GDL) system, and the distinctive seasonal nighttime curfew that applies to conditional license holders.', unixepoch('now')*1000
);
INSERT OR REPLACE INTO content_pack_version (id, contentPackId, version, notes, publishedAt, createdAt) VALUES (
  'cpv_sc_teen_overlay_1_0_0', 'cp_sc_teen_overlay', '1.0.0', 'Generated by per-state agent; human review required before publishing.', unixepoch('now')*1000, unixepoch('now')*1000
);
INSERT OR REPLACE INTO course (id, contentPackVersionId, slug, title, description, ordinal) VALUES (
  'course_sc_overlay', 'cpv_sc_teen_overlay_1_0_0', 'sc-overlay', 'South Carolina Teen Driver Overlay', 'South Carolina-specific supplement covering the SCDMV Beginner''s Permit process, the state''s three-stage Graduated Driver License (GDL) system, and the distinctive seasonal nighttime curfew that applies to conditional license holders.', 0
);
INSERT OR REPLACE INTO module (id, courseId, slug, title, description, ordinal) VALUES (
  'module_sc_overlay', 'course_sc_overlay', 'sc-teen-overlay', 'South Carolina Teen Driver Overlay', 'South Carolina-specific supplement covering the SCDMV Beginner''s Permit process, the state''s three-stage Graduated Driver License (GDL) system, and the distinctive seasonal nighttime curfew that applies to conditional license holders.', 0
);
INSERT OR REPLACE INTO lesson (id, moduleId, slug, title, body, estimatedSeatMinutes, ordinal) VALUES (
  'lesson_sc_getting-your-sc-beginners-permit', 'module_sc_overlay', 'getting-your-sc-beginners-permit', 'Getting Your South Carolina Beginner''s Permit', '## Your First Step: The Beginner''s Permit

In South Carolina, the entry point to the Graduated Driver License (GDL) system is the **Beginner''s Permit**, issued by the South Carolina Department of Motor Vehicles (SCDMV). You can apply on or after your **15th birthday**, and the permit must be held for at least **180 days (six months)** before you can move to the next stage.

### Who Issues It and Where

The SCDMV issues permits at any SCDMV branch office. Unlike some states, South Carolina does **not** currently accept online permit applications for first-time teen drivers — you and a parent or legal guardian must appear in person. Walk-ins are accepted, but most branches let you reserve a time slot through the SCDMV website to avoid long waits.

### What to Bring

You will need to present, at minimum:

- **Proof of identity** — a certified U.S. birth certificate or valid U.S. passport.
- **Proof of Social Security number** — your SS card, a W-2, or a 1099.
- **Two proofs of South Carolina residency** — a utility bill, lease, bank statement, or school record bearing your parent''s name and address.
- **A completed SCDMV Form 447-PA** — the parental consent form, signed by your custodial parent or legal guardian in the presence of an SCDMV examiner or notary.
- **Payment** — a small permit fee (currently $2.50 per year of validity, so typically $5).

If you were born outside the United States or are not a U.S. citizen, you must also bring proof of lawful presence (such as a permanent resident card or unexpired visa with I-94).

### The Knowledge and Vision Tests

At the branch you will take:

1. A **vision screening** (you may use corrective lenses; a restriction will be added if you do).
2. A **traffic-sign identification test** — you must correctly identify common signs by shape, color, and meaning.
3. A **30-question written knowledge test** covering South Carolina traffic laws, safe-driving practices, and the contents of the SC Driver''s Manual. You must answer at least **24 questions correctly (80%)** to pass.

The manual is free at any branch and online at scdmvonline.com. The SCDMV also offers a free practice test on its website.

### What the Permit Lets You Do

Once issued, your Beginner''s Permit allows you to drive **between 6:00 a.m. and midnight** with a licensed driver age 21 or older in the front passenger seat. Between **midnight and 6:00 a.m.**, that supervising driver must be your parent or legal guardian. You may **not** drive alone under any circumstances.

### Driver Education and the 40-Hour Log

While you hold your permit, you will:

- Complete an approved **driver education course** (typically 30 hours of classroom plus 6 hours of behind-the-wheel instruction). Completion is required for anyone under 17 who wants to skip the on-road test waiting list or qualify for a Conditional License at 15-and-a-half.
- Log at least **40 hours of supervised driving practice**, including a minimum of **10 hours at night**, on the SCDMV practice-driving log signed by your parent or guardian.

Keep the log with you — examiners may request it when you return to test for your next credential.

### Tip for Test Day

Study the sign chapter carefully. South Carolina is one of the states that tests sign recognition separately from the written exam, and applicants who breeze through the written portion sometimes stumble here.', 35, 0
);
INSERT OR REPLACE INTO quiz (id, lessonId, title, passingScore, shuffleQuestions) VALUES (
  'quiz_sc_getting-your-sc-beginners-permit', 'lesson_sc_getting-your-sc-beginners-permit', 'SC Beginner''s Permit Quiz', 80, 1
);
INSERT OR REPLACE INTO quiz_question (id, quizId, prompt, choices, correctIndex, explanation, ordinal) VALUES (
  'q_sc_getting-your-sc-beginners-permit_0', 'quiz_sc_getting-your-sc-beginners-permit', 'What is the minimum age to apply for a South Carolina Beginner''s Permit?', '["14","15","16","17"]', 1, 'South Carolina allows teens to apply for a Beginner''s Permit starting on their 15th birthday.', 0
);
INSERT OR REPLACE INTO quiz_question (id, quizId, prompt, choices, correctIndex, explanation, ordinal) VALUES (
  'q_sc_getting-your-sc-beginners-permit_1', 'quiz_sc_getting-your-sc-beginners-permit', 'How long must a Beginner''s Permit be held before you can move to the next licensing stage?', '["30 days","90 days","180 days","365 days"]', 2, 'The permit must be held for at least 180 days (six months) before applying for a Conditional or Special Restricted License.', 1
);
INSERT OR REPLACE INTO quiz_question (id, quizId, prompt, choices, correctIndex, explanation, ordinal) VALUES (
  'q_sc_getting-your-sc-beginners-permit_2', 'quiz_sc_getting-your-sc-beginners-permit', 'Between midnight and 6:00 a.m., who must supervise a Beginner''s Permit holder?', '["Any licensed driver age 18 or older","Any licensed driver age 21 or older","The teen''s parent or legal guardian","No supervision required during these hours"]', 2, 'Between midnight and 6 a.m., the supervising driver in the front seat must be the permit holder''s parent or legal guardian.', 2
);
INSERT OR REPLACE INTO quiz_question (id, quizId, prompt, choices, correctIndex, explanation, ordinal) VALUES (
  'q_sc_getting-your-sc-beginners-permit_3', 'quiz_sc_getting-your-sc-beginners-permit', 'What score must you achieve on the SC written knowledge test to pass?', '["70%","75%","80%","90%"]', 2, 'Applicants must answer at least 80% of the 30 written questions correctly (24 of 30) to pass.', 3
);
INSERT OR REPLACE INTO quiz_question (id, quizId, prompt, choices, correctIndex, explanation, ordinal) VALUES (
  'q_sc_getting-your-sc-beginners-permit_4', 'quiz_sc_getting-your-sc-beginners-permit', 'How many total hours of supervised driving practice must be logged before advancing past the permit stage, and how many of those must be at night?', '["20 total / 5 at night","30 total / 5 at night","40 total / 10 at night","50 total / 15 at night"]', 2, 'South Carolina requires 40 hours of supervised practice, including at least 10 hours of nighttime driving, recorded on the SCDMV log.', 4
);
INSERT OR REPLACE INTO lesson (id, moduleId, slug, title, body, estimatedSeatMinutes, ordinal) VALUES (
  'lesson_sc_sc-gdl-restrictions-daily-life', 'module_sc_overlay', 'sc-gdl-restrictions-daily-life', 'SC GDL Restrictions in Daily Life', '## Living Under South Carolina''s Graduated Driver License

After your six-month permit period, you can apply for one of two intermediate credentials: a **Conditional License** (if you are at least 15 years and 6 months old and have completed driver education) or a **Special Restricted License** (if you are 16 but did not complete driver education and have waited the additional 90 days required to test). Both come with rules that shape your daily life behind the wheel.

### The Seasonal Curfew — A South Carolina Quirk

Unlike most states that pick a single nighttime cutoff (often 10 or 11 p.m.), South Carolina ties its curfew to **daylight saving time**:

- **November through March:** you may not drive between **6:00 p.m. and 6:00 a.m.**
- **April through October:** you may not drive between **8:00 p.m. and 6:00 a.m.**

The rule shifts on the same Sunday clocks change. In winter, that means you may need a ride home from any after-school activity that ends after dark. Plan for it — getting pulled over five minutes after the cutoff still counts.

### Curfew Exceptions

You may drive during the restricted hours only if:

1. A **licensed adult 21 or older** is in the front passenger seat, **or**
2. You are traveling **to or from work, school, or a church-related activity** and can document it (a pay stub, schedule, or letter from your employer/school).

"I was on my way home from a friend''s house" is not a recognized exception. Keep documentation in the car.

### Passenger Limits

While holding the Conditional or Special Restricted License you may not transport **more than two passengers under age 21** who are not members of your immediate family — unless a licensed parent or guardian is in the front seat. Immediate family includes siblings, stepsiblings, and others living in your household. This rule exists because crash data consistently shows that teen-driver risk rises sharply with each additional teen passenger.

### Seat Belts

South Carolina is a **primary enforcement** state: an officer can pull you over solely for an unbuckled seat belt. All occupants under 17 must be buckled regardless of seating position. As a new driver, you are responsible for confirming your passengers are belted before you put the car in gear.

### Phones and Distraction

South Carolina law bans **texting while driving** statewide, and several municipalities (Columbia, Mt. Pleasant, Hilton Head, and others) ban any handheld phone use. Even where local handheld use is technically legal, conditional license holders should treat the phone as off-limits while the engine is running. Use Do Not Disturb While Driving or a similar feature.

### Moving to a Full License

The Special Restricted/Conditional License is lifted automatically on your **17th birthday**, provided you have had no major convictions in the previous 12 months. There is no extra test — your license simply converts to a standard Class D. A conviction for reckless driving, DUI, or accumulating six or more points can delay that transition.

### A Practical Daily Checklist

Before you back out of the driveway, ask:

- What time will I be coming home? Is it past my seasonal curfew?
- How many friends will be in the car?
- Is my phone silenced and out of reach?
- Is everyone buckled?

These four questions, asked every trip, prevent the overwhelming majority of citations issued to South Carolina teen drivers.', 30, 1
);
INSERT OR REPLACE INTO quiz (id, lessonId, title, passingScore, shuffleQuestions) VALUES (
  'quiz_sc_sc-gdl-restrictions-daily-life', 'lesson_sc_sc-gdl-restrictions-daily-life', 'SC GDL Daily Restrictions Quiz', 80, 1
);
INSERT OR REPLACE INTO quiz_question (id, quizId, prompt, choices, correctIndex, explanation, ordinal) VALUES (
  'q_sc_sc-gdl-restrictions-daily-life_0', 'quiz_sc_sc-gdl-restrictions-daily-life', 'From November through March, what is the nighttime cutoff for a SC Conditional License holder driving without a supervising adult?', '["6:00 p.m.","8:00 p.m.","10:00 p.m.","Midnight"]', 0, 'South Carolina shifts its teen curfew with daylight saving time: 6 p.m. November through March, 8 p.m. April through October.', 0
);
INSERT OR REPLACE INTO quiz_question (id, quizId, prompt, choices, correctIndex, explanation, ordinal) VALUES (
  'q_sc_sc-gdl-restrictions-daily-life_1', 'quiz_sc_sc-gdl-restrictions-daily-life', 'How many non-family passengers under 21 may a Conditional License holder transport without a licensed parent in the front seat?', '["0","1","2","No limit"]', 2, 'The limit is two passengers under 21 who are not immediate family, unless a parent or legal guardian is in the front seat.', 1
);
INSERT OR REPLACE INTO quiz_question (id, quizId, prompt, choices, correctIndex, explanation, ordinal) VALUES (
  'q_sc_sc-gdl-restrictions-daily-life_2', 'quiz_sc_sc-gdl-restrictions-daily-life', 'Which of the following is NOT a valid exception to the nighttime curfew?', '["Driving home from your shift at a part-time job","Driving to a church-related activity","Driving home from a friend''s house","Driving with a licensed adult 21+ in the front seat"]', 2, 'Recreational trips, including visits to a friend''s house, are not exceptions. Work, school, church, or supervision by a 21+ adult are the recognized exceptions.', 2
);
INSERT OR REPLACE INTO quiz_question (id, quizId, prompt, choices, correctIndex, explanation, ordinal) VALUES (
  'q_sc_sc-gdl-restrictions-daily-life_3', 'quiz_sc_sc-gdl-restrictions-daily-life', 'At what age does the SC Special Restricted / Conditional License automatically convert to a full Class D license?', '["16","16.5","17","18"]', 2, 'On the driver''s 17th birthday the restrictions are lifted automatically, assuming no disqualifying convictions in the previous year.', 3
);
INSERT OR REPLACE INTO quiz_question (id, quizId, prompt, choices, correctIndex, explanation, ordinal) VALUES (
  'q_sc_sc-gdl-restrictions-daily-life_4', 'quiz_sc_sc-gdl-restrictions-daily-life', 'Which statement about South Carolina''s distracted-driving law is most accurate?', '["Texting is legal as long as you are stopped at a red light","Texting while driving is banned statewide, and some cities ban any handheld use","Only drivers under 18 are prohibited from texting","There is no statewide law against texting in South Carolina"]', 1, 'South Carolina bans texting for all drivers, and municipalities such as Columbia and Mt. Pleasant additionally prohibit any handheld phone use.', 4
);
INSERT OR REPLACE INTO lesson (id, moduleId, slug, title, body, estimatedSeatMinutes, ordinal) VALUES (
  'lesson_sc_sc-specific-rules-and-quirks', 'module_sc_overlay', 'sc-specific-rules-and-quirks', 'South Carolina-Specific Rules and Quirks', '## Rules That Surprise New SC Drivers

Every state has driving rules that catch newcomers off-guard. South Carolina has a handful of laws — some old, some recent — that even lifelong residents sometimes get wrong. Knowing them is the difference between a clean record and a costly ticket.

### Move Over Law

South Carolina''s **Move Over Law** requires drivers approaching any stationary emergency, utility, recovery, or maintenance vehicle displaying flashing lights to:

- Move one lane away from the vehicle if it is safe to do so, **or**
- If moving over is not possible, slow to a safe speed below the posted limit.

The law was expanded in recent years to cover tow trucks, sanitation vehicles, and roadway maintenance vehicles — not just police, fire, and EMS. Violations carry a fine of up to **$500** and can add points to your record. New drivers often forget that the law applies on **all roads**, not just interstates.

### Slow Traffic Keep Right

On multi-lane highways, South Carolina specifically prohibits driving in the **left lane** except when passing. SC Code 56-5-1810 was strengthened in 2021 to make left-lane camping an enforceable offense. If you are cruising in the leftmost lane and faster traffic catches you, move right — even if you are at the speed limit.

### Open Headlights Rule

State law requires headlights to be on:

- From a half-hour after sunset to a half-hour before sunrise.
- Any time **windshield wipers are in continuous use** due to rain, fog, sleet, or snow.

This "wipers on, lights on" rule is enforced and is one of the most common citations issued to new drivers during the rainy spring and tropical-storm seasons that affect the Lowcountry.

### School Buses

When a school bus is stopped with its red lights flashing and stop arm extended:

- On a **two-lane road**, traffic in **both directions** must stop.
- On a divided highway with a physical median or barrier, only traffic **traveling in the same direction** as the bus must stop.

A painted line or center turn lane does **not** count as a divided highway. When in doubt, stop. The penalty for passing a stopped school bus starts at $500 and 6 points.

### Coastal and Tourist Considerations

If you drive in the Lowcountry or along the Grand Strand, watch for:

- **Pedestrian-heavy zones** in Charleston, Beaufort, and Myrtle Beach where jaywalking is common and unmarked crosswalks are legal crossings.
- **Horse-drawn carriages** in downtown Charleston — give them a full lane and pass only when clearly safe.
- **Hurricane evacuation routes** marked with blue-and-white signs; during a declared evacuation, certain interstates (notably I-26 westbound from Charleston) may be lane-reversed.

### Insurance and SR-22

South Carolina requires **minimum liability coverage** of 25/50/25 ($25,000 bodily injury per person, $50,000 per accident, $25,000 property damage) plus uninsured motorist coverage at the same limits. Driving without insurance is a misdemeanor and can result in license suspension. Teen drivers convicted of DUI, reckless driving, or driving without insurance may be required to file an **SR-22** financial-responsibility certificate for three years.

### Renewal Quirk

Standard South Carolina licenses are valid for **eight years**, but those issued to drivers under 21 expire shortly after their 21st birthday — a built-in checkpoint that ensures the photo and restrictions are updated when the driver reaches full drinking and driving age. Plan a SCDMV visit in the months around your 21st birthday.

Mastering these state-specific rules now will keep your record clean as you transition from a Conditional License to your full SC driving privileges.', 30, 2
);
INSERT OR REPLACE INTO quiz (id, lessonId, title, passingScore, shuffleQuestions) VALUES (
  'quiz_sc_sc-specific-rules-and-quirks', 'lesson_sc_sc-specific-rules-and-quirks', 'SC Rules and Quirks Quiz', 80, 1
);
INSERT OR REPLACE INTO quiz_question (id, quizId, prompt, choices, correctIndex, explanation, ordinal) VALUES (
  'q_sc_sc-specific-rules-and-quirks_0', 'quiz_sc_sc-specific-rules-and-quirks', 'Under SC''s Move Over Law, what must you do when approaching a stationary tow truck with flashing lights?', '["Continue at posted speed; the law only covers police and EMS","Move one lane away if safe, or slow below the posted limit","Stop completely until the vehicle leaves","Honk to alert the workers, then proceed normally"]', 1, 'SC''s Move Over Law applies to any stationary vehicle with flashing lights — including tow trucks — and requires moving over a lane or slowing below the speed limit.', 0
);
INSERT OR REPLACE INTO quiz_question (id, quizId, prompt, choices, correctIndex, explanation, ordinal) VALUES (
  'q_sc_sc-specific-rules-and-quirks_1', 'quiz_sc_sc-specific-rules-and-quirks', 'When must SC drivers turn on their headlights, beyond the standard dawn/dusk rule?', '["Only when visibility is below 500 feet","Anytime windshield wipers are in continuous use","Only on interstates","Headlights are optional during daylight regardless of weather"]', 1, 'South Carolina''s ''wipers on, lights on'' rule requires headlights anytime the wipers are in continuous use due to weather.', 1
);
INSERT OR REPLACE INTO quiz_question (id, quizId, prompt, choices, correctIndex, explanation, ordinal) VALUES (
  'q_sc_sc-specific-rules-and-quirks_2', 'quiz_sc_sc-specific-rules-and-quirks', 'On a two-lane road, a school bus stops and extends its stop arm with red lights flashing. What must oncoming traffic do?', '["Continue at reduced speed","Stop only if children are visible","Stop and wait until the arm is retracted and lights stop flashing","Pass on the right shoulder"]', 2, 'On a two-lane road, traffic in BOTH directions must stop until the bus retracts its stop arm and turns off its red lights.', 2
);
INSERT OR REPLACE INTO quiz_question (id, quizId, prompt, choices, correctIndex, explanation, ordinal) VALUES (
  'q_sc_sc-specific-rules-and-quirks_3', 'quiz_sc_sc-specific-rules-and-quirks', 'What are South Carolina''s minimum liability insurance limits?', '["15/30/10","20/40/15","25/50/25","50/100/50"]', 2, 'SC requires 25/50/25 minimum liability coverage: $25,000 bodily injury per person, $50,000 per accident, and $25,000 property damage.', 3
);
INSERT OR REPLACE INTO quiz_question (id, quizId, prompt, choices, correctIndex, explanation, ordinal) VALUES (
  'q_sc_sc-specific-rules-and-quirks_4', 'quiz_sc_sc-specific-rules-and-quirks', 'Which statement about driving in the left lane on a SC multi-lane highway is correct?', '["You may drive in the left lane as long as you are at the speed limit","The left lane is reserved for passing; staying there can be cited as ''left-lane camping''","Left-lane rules apply only to commercial vehicles","There is no SC law about lane usage"]', 1, 'SC Code 56-5-1810 reserves the left lane for passing; lingering there when faster traffic approaches is an enforceable offense.', 4
);

-- South Dakota (SD)
INSERT OR REPLACE INTO rule_pack (id, jurisdiction, slug, name, maturity, createdAt) VALUES (
  'rp_sd_teen', 'US-SD', 'sd-teen', 'South Dakota Teen Driver Education', 'level1', unixepoch('now')*1000
);
INSERT OR REPLACE INTO rule_pack_version (id, rulePackId, version, definition, publishedAt, notes, createdAt) VALUES (
  'rpv_sd_teen_1_0_0', 'rp_sd_teen', '1.0.0', '{"credentials":[{"key":"permit_eligibility","label":"Instruction Permit","deliveryMode":"manual"}],"requirements":[{"key":"classroom_hours","label":"Classroom hours","target":30,"unit":"hour"},{"key":"btw_hours","label":"Behind-the-wheel hours","target":6,"unit":"hour"},{"key":"supervised_practice_hours","label":"Supervised practice (parent log)","target":50,"unit":"hour"}],"rules":[{"key":"unlock_permit_eligibility","trigger":"enrollment.state_changed","conditions":{"jurisdiction":"US-SD","minPermitAge":14,"classroomHoursCompleted":{"gte":30}},"actions":[{"type":"unlock_credential","credential":"permit_eligibility"},{"type":"set_journey_state","value":"permit_eligible"}]}],"facts":{"agencyName":"South Dakota Department of Public Safety - Driver Licensing Program","minPermitAge":14,"minLicenseAge":16,"minPermitDurationMonths":6,"nighttimeRestriction":"Restricted minor''s permit holders may not drive between 10:00 p.m. and 6:00 a.m. unless accompanied by a licensed parent/guardian or driver 18 or older, or when driving directly to or from work or a school activity.","passengerRestriction":"No specific statewide passenger cap is imposed during the restricted minor''s permit stage beyond the supervising-driver requirement; once licensed at 16 there is no passenger limit, but distracted-driving rules still apply.","cellPhoneRule":"All drivers under 18 are prohibited from using a wireless communication device (handheld or hands-free) while driving, except to report an emergency. Texting while driving is illegal for ALL drivers statewide.","notes":"South Dakota has one of the youngest minimum permit ages in the nation (14). A 14-year-old may obtain an instruction permit after passing the written and vision tests. After holding the permit at least 6 months with no violations and completing 50 hours of supervised driving (including 10 at night), a teen may obtain a restricted minor''s permit at 14 years and 6 months. A full unrestricted operator''s license is available at age 16 (or earlier if the teen completes an approved driver education course AND has held the restricted minor''s permit for at least 180 days without a violation).","needsReview":["Exact number of supervised practice hours required by statute (commonly cited as 50 with 10 night hours, but South Dakota''s statutory text should be confirmed)","Whether classroom hours of 30 are state-mandated or industry-standard (SD does not require driver ed for licensing, but providers typically follow 30/6)","Precise wording of the 10 p.m. to 6 a.m. curfew exceptions","Current passenger restrictions under the restricted minor''s permit (statute revisions)","Whether the hands-free/texting law has changed recently"]}}', unixepoch('now')*1000, 'Generated; school must review and tweak.', unixepoch('now')*1000
);
INSERT OR REPLACE INTO content_pack (id, slug, name, scope, jurisdiction, description, createdAt) VALUES (
  'cp_sd_teen_overlay', 'sd-teen-overlay', 'South Dakota Teen Overlay', 'state', 'US-SD', 'South Dakota-specific supplement covering the state''s unusually young permit age, the restricted minor''s permit, the 10 p.m.-6 a.m. curfew, and the all-driver texting ban. Pairs with the national driver-education curriculum.', unixepoch('now')*1000
);
INSERT OR REPLACE INTO content_pack_version (id, contentPackId, version, notes, publishedAt, createdAt) VALUES (
  'cpv_sd_teen_overlay_1_0_0', 'cp_sd_teen_overlay', '1.0.0', 'Generated by per-state agent; human review required before publishing.', unixepoch('now')*1000, unixepoch('now')*1000
);
INSERT OR REPLACE INTO course (id, contentPackVersionId, slug, title, description, ordinal) VALUES (
  'course_sd_overlay', 'cpv_sd_teen_overlay_1_0_0', 'sd-overlay', 'South Dakota Teen Driver Overlay', 'South Dakota-specific supplement covering the state''s unusually young permit age, the restricted minor''s permit, the 10 p.m.-6 a.m. curfew, and the all-driver texting ban. Pairs with the national driver-education curriculum.', 0
);
INSERT OR REPLACE INTO module (id, courseId, slug, title, description, ordinal) VALUES (
  'module_sd_overlay', 'course_sd_overlay', 'sd-teen-overlay', 'South Dakota Teen Driver Overlay', 'South Dakota-specific supplement covering the state''s unusually young permit age, the restricted minor''s permit, the 10 p.m.-6 a.m. curfew, and the all-driver texting ban. Pairs with the national driver-education curriculum.', 0
);
INSERT OR REPLACE INTO lesson (id, moduleId, slug, title, body, estimatedSeatMinutes, ordinal) VALUES (
  'lesson_sd_how-to-get-a-permit-in-south-dakota', 'module_sd_overlay', 'how-to-get-a-permit-in-south-dakota', 'How to Get an Instruction Permit in South Dakota', '## Welcome to South Dakota''s Graduated Driver Licensing Program

South Dakota has one of the youngest minimum permit ages in the United States. You can apply for an **Instruction Permit** as soon as you turn **14 years old**. This lesson walks you through every step so you arrive at the Driver Licensing Exam Station prepared and confident.

### Step 1: Confirm You Meet the Basic Requirements

To apply for an instruction permit, you must:

- Be at least **14 years old** on the day you apply.
- Have written consent from a parent or legal guardian if you are under 18. The parent/guardian must sign the application in person or have their signature notarized.
- Pass a **vision screening**, a **knowledge (written) test** on traffic laws and signs, and provide proof of identity, U.S. citizenship/legal presence, Social Security number, and South Dakota residency.

### Step 2: Gather Your Documents

Bring the following to a South Dakota Driver Licensing Exam Station:

1. **Proof of identity and date of birth** - certified U.S. birth certificate or valid U.S. passport.
2. **Proof of Social Security number** - SS card, W-2, or pay stub showing your full SSN.
3. **Two documents proving South Dakota residency** - utility bill, bank statement, school record, or insurance statement showing your physical address.
4. **If your name has changed** - certified marriage certificate or court order linking your documents.
5. **Parent/guardian** in person to sign, or a notarized minor consent form.

Applicants seeking a federally compliant **REAL ID** must bring originals - photocopies are not accepted.

### Step 3: Study the South Dakota Driver License Manual

The written test is drawn directly from the official South Dakota Driver License Manual, which is free to download from the Department of Public Safety website. Focus on:

- **Road signs** (shape, color, and meaning)
- **Right-of-way rules** at intersections and 4-way stops
- **Speed limits**, including the 80 mph rural interstate maximum
- **Implied consent** and the consequences of refusing a blood alcohol test
- **Sharing the road** with farm equipment, motorcycles, and large trucks (a frequent test topic given South Dakota''s rural roads)

Most test-takers benefit from a practice test the night before. Plan on roughly 25 multiple-choice questions; you must answer the majority correctly to pass.

### Step 4: Visit the Exam Station

Appointments are recommended but walk-ins are accepted at most locations. On test day you will:

1. Submit your application and documents.
2. Pay the permit fee (around $5 for an instruction permit, subject to change).
3. Pass the vision screening.
4. Pass the written knowledge test.
5. Have your photo taken and receive a paper permit; the laminated card arrives by mail.

### Step 5: Use Your Permit Correctly

With an instruction permit you may **only drive while accompanied** by a licensed driver who is **at least 18 years old** seated next to you in the front passenger seat. You must hold the permit for at least **6 months without a moving violation** before applying for the next stage - the **restricted minor''s permit** at 14 years and 6 months, which then unlocks limited solo driving with a curfew.

### Step 6: Track Your 50 Hours

Before advancing to the restricted minor''s permit, log **at least 50 hours of supervised driving**, including **10 hours at night**. Use the official log sheet (or your school''s tracking app) and have your supervising driver initial each entry. The Exam Station can ask to see it.

### Common Mistakes to Avoid

- Showing up without a parent or notarized consent form.
- Bringing photocopies instead of originals.
- Letting your permit lapse (it is valid for 180 days from issue).
- Driving without a 18+ licensed adult in the front seat - a single violation restarts the 6-month clean-record clock.

Follow these steps and you will be ready to take the wheel under South Dakota''s GDL framework.', 35, 0
);
INSERT OR REPLACE INTO quiz (id, lessonId, title, passingScore, shuffleQuestions) VALUES (
  'quiz_sd_how-to-get-a-permit-in-south-dakota', 'lesson_sd_how-to-get-a-permit-in-south-dakota', 'South Dakota Instruction Permit Quiz', 80, 1
);
INSERT OR REPLACE INTO quiz_question (id, quizId, prompt, choices, correctIndex, explanation, ordinal) VALUES (
  'q_sd_how-to-get-a-permit-in-south-dakota_0', 'quiz_sd_how-to-get-a-permit-in-south-dakota', 'What is the minimum age to apply for an instruction permit in South Dakota?', '["13","14","15","16"]', 1, 'South Dakota allows teens to apply for an instruction permit at age 14, one of the youngest minimum ages in the country.', 0
);
INSERT OR REPLACE INTO quiz_question (id, quizId, prompt, choices, correctIndex, explanation, ordinal) VALUES (
  'q_sd_how-to-get-a-permit-in-south-dakota_1', 'quiz_sd_how-to-get-a-permit-in-south-dakota', 'While driving on an instruction permit, who must be seated in the front passenger seat?', '["Any licensed driver age 16 or older","A licensed driver at least 18 years old","A parent or guardian only","A certified driving instructor only"]', 1, 'A licensed driver at least 18 years old must accompany the permit holder in the front passenger seat at all times.', 1
);
INSERT OR REPLACE INTO quiz_question (id, quizId, prompt, choices, correctIndex, explanation, ordinal) VALUES (
  'q_sd_how-to-get-a-permit-in-south-dakota_2', 'quiz_sd_how-to-get-a-permit-in-south-dakota', 'How long must an instruction permit be held (violation-free) before a teen can move to the restricted minor''s permit?', '["30 days","90 days","6 months","12 months"]', 2, 'The permit must be held for at least 6 months with no moving violations before advancing to the restricted minor''s permit.', 2
);
INSERT OR REPLACE INTO quiz_question (id, quizId, prompt, choices, correctIndex, explanation, ordinal) VALUES (
  'q_sd_how-to-get-a-permit-in-south-dakota_3', 'quiz_sd_how-to-get-a-permit-in-south-dakota', 'How many hours of supervised driving practice are required before the restricted minor''s permit, and how many must be at night?', '["30 total / 5 at night","40 total / 8 at night","50 total / 10 at night","60 total / 12 at night"]', 2, 'South Dakota expects 50 supervised hours, including 10 at night, logged before advancing to the restricted minor''s permit.', 3
);
INSERT OR REPLACE INTO quiz_question (id, quizId, prompt, choices, correctIndex, explanation, ordinal) VALUES (
  'q_sd_how-to-get-a-permit-in-south-dakota_4', 'quiz_sd_how-to-get-a-permit-in-south-dakota', 'Which document combination is acceptable proof of South Dakota residency at the Exam Station?', '["One photocopy of a utility bill","Two documents showing your physical SD address (e.g., utility bill + bank statement)","A friend''s verbal confirmation","Your school yearbook"]', 1, 'South Dakota requires TWO documents showing your physical residential address - originals, not photocopies, especially for REAL ID.', 4
);
INSERT OR REPLACE INTO lesson (id, moduleId, slug, title, body, estimatedSeatMinutes, ordinal) VALUES (
  'lesson_sd_south-dakota-gdl-restrictions-in-daily-life', 'module_sd_overlay', 'south-dakota-gdl-restrictions-in-daily-life', 'South Dakota GDL Restrictions in Daily Life', '## Living Inside South Dakota''s Graduated Licensing System

Getting your permit or restricted minor''s permit is just the start. South Dakota''s GDL program controls **when**, **where**, and **with whom** you can drive until you reach an unrestricted license. This lesson translates the legal restrictions into the situations you will actually face: school nights, weekend trips with friends, sports practice, and that first solo drive to a part-time job.

### The Three GDL Stages

1. **Instruction Permit (age 14+)** - supervised driving only with a 18+ licensed driver in the front seat. Valid 180 days; can be renewed.
2. **Restricted Minor''s Permit (age 14.5+)** - allows limited solo driving once the teen has held the instruction permit 6 months with no violations and completed 50 hours of supervised driving.
3. **Full Operator''s License (age 16)** - all GDL restrictions lift. (A 14.5-15.5 year old who completes an approved driver-education course and holds a clean restricted minor''s permit for 180 days may also qualify for the full license before age 16.)

### The Nighttime Curfew

While holding the restricted minor''s permit, you may not drive between **10:00 p.m. and 6:00 a.m.** unless:

- A licensed parent, guardian, or driver 18 or older is in the front passenger seat, OR
- You are driving **directly to or from work** or a **school-sponsored activity**.

"Directly" means by the most reasonable route. Stopping for fast food on the way home from work can technically violate the curfew. Bring proof - a pay stub, your work schedule, a coach''s note - in your glove box.

### Passenger Rules

South Dakota does not impose a hard statewide cap on the number of non-family teen passengers during the restricted minor''s permit stage the way Minnesota or California do. But:

- **Every passenger must wear a seat belt** (children under 5 in a child restraint).
- A car full of friends is the #1 distraction factor in crashes involving teen drivers. Schools and insurers strongly recommend limiting passengers during your first 6 months solo.

### Cell Phones and Distracted Driving

South Dakota has two important rules:

1. **Texting is illegal for ALL drivers, of any age.** This includes reading or composing a text or email, whether stopped at a light or moving.
2. **All drivers under 18** are also prohibited from using any wireless communication device - even hands-free - except to report an emergency.

A citation for distracted driving counts as a moving violation. **Any moving violation during the instruction-permit period restarts the 6-month clean-record clock.**

### Seat Belts

South Dakota''s seat-belt law is **primary enforcement for drivers under 18** (and front-seat occupants of any age). If you are under 18, an officer can stop your vehicle solely because a seat belt is unbuckled. Make a habit of checking every passenger before shifting into Drive.

### Daily Scenarios

- **School night, restricted permit, no school activity**: You must be off the road by 10:00 p.m. unless an 18+ licensed driver is in the front seat.
- **Friday football game ending at 10:30 p.m.**: You may drive home directly because it is a school-sponsored activity. Keep the game program or a parent text in the car as evidence.
- **Weekend job ending at 11:00 p.m.**: You may drive directly home from work. No grocery store side trips.
- **Calling your parent on a hands-free Bluetooth at age 17**: Still illegal. The under-18 prohibition covers hands-free use too.
- **Glancing at GPS directions you set before driving**: Allowed - the wireless ban targets active communication, not navigation set in advance. When in doubt, pull over.

### How Violations Set You Back

- During the **instruction permit**: any moving violation resets your 6-month clean-record requirement. You start counting again from the date of the violation.
- During the **restricted minor''s permit**: violations can extend the time before you are eligible for a full license and may trigger a driver-improvement program.
- During the **first year of full licensure**: South Dakota does not have a probationary stage like some states, but your insurance rates will spike sharply after a citation or crash.

### Build Habits That Outlast the Rules

The curfew, the hands-free ban, and the seat-belt rule will all lift the day you turn 16 with a full license. The habits you build before then determine whether you become a safe lifetime driver. Phone in the glove box. Belt on. Headlights on at dusk. Hands at 9-and-3. Practice it now and it will be automatic when the restrictions disappear.', 30, 1
);
INSERT OR REPLACE INTO quiz (id, lessonId, title, passingScore, shuffleQuestions) VALUES (
  'quiz_sd_south-dakota-gdl-restrictions-in-daily-life', 'lesson_sd_south-dakota-gdl-restrictions-in-daily-life', 'South Dakota GDL Restrictions Quiz', 80, 1
);
INSERT OR REPLACE INTO quiz_question (id, quizId, prompt, choices, correctIndex, explanation, ordinal) VALUES (
  'q_sd_south-dakota-gdl-restrictions-in-daily-life_0', 'quiz_sd_south-dakota-gdl-restrictions-in-daily-life', 'Under South Dakota''s restricted minor''s permit, what is the nighttime driving curfew (without a qualifying adult or exception)?', '["11:00 p.m. to 5:00 a.m.","10:00 p.m. to 6:00 a.m.","Midnight to 5:00 a.m.","9:00 p.m. to 7:00 a.m."]', 1, 'The curfew runs from 10:00 p.m. to 6:00 a.m. Exceptions include driving directly to or from work or a school activity, or being accompanied by a 18+ licensed driver.', 0
);
INSERT OR REPLACE INTO quiz_question (id, quizId, prompt, choices, correctIndex, explanation, ordinal) VALUES (
  'q_sd_south-dakota-gdl-restrictions-in-daily-life_1', 'quiz_sd_south-dakota-gdl-restrictions-in-daily-life', 'Which of the following is TRUE about texting while driving in South Dakota?', '["Only illegal for drivers under 18","Only illegal in school zones","Illegal for ALL drivers, regardless of age","Legal if you are stopped at a red light"]', 2, 'Texting while driving is illegal for every driver in South Dakota, with no age exception and no exception for being stopped at a light.', 1
);
INSERT OR REPLACE INTO quiz_question (id, quizId, prompt, choices, correctIndex, explanation, ordinal) VALUES (
  'q_sd_south-dakota-gdl-restrictions-in-daily-life_2', 'quiz_sd_south-dakota-gdl-restrictions-in-daily-life', 'A 16-year-old restricted-permit holder is leaving a part-time shift that ends at 10:45 p.m. What is the safest legally compliant option?', '["Drive directly home using the most reasonable route","Stop for fast food on the way home","Pick up two friends and head to a movie","Wait at the workplace until 6:00 a.m."]', 0, 'Driving directly to or from work is an allowed curfew exception. Side stops (fast food, picking up friends) can violate the ''directly'' requirement.', 2
);
INSERT OR REPLACE INTO quiz_question (id, quizId, prompt, choices, correctIndex, explanation, ordinal) VALUES (
  'q_sd_south-dakota-gdl-restrictions-in-daily-life_3', 'quiz_sd_south-dakota-gdl-restrictions-in-daily-life', 'Which cell-phone use is prohibited for drivers UNDER 18 in South Dakota?', '["Handheld calling only","Texting only","All wireless communication, including hands-free, except to report an emergency","Only video calls"]', 2, 'Drivers under 18 may not use any wireless communication device - handheld or hands-free - except to report an emergency.', 3
);
INSERT OR REPLACE INTO quiz_question (id, quizId, prompt, choices, correctIndex, explanation, ordinal) VALUES (
  'q_sd_south-dakota-gdl-restrictions-in-daily-life_4', 'quiz_sd_south-dakota-gdl-restrictions-in-daily-life', 'What happens if a teen receives a moving violation while holding the instruction permit?', '["Nothing changes","The 6-month clean-record clock restarts","The permit is automatically converted to a full license","A $1,000 fine is automatically assessed"]', 1, 'Any moving violation during the instruction-permit period restarts the 6-month clean-record requirement before advancing to the restricted minor''s permit.', 4
);
INSERT OR REPLACE INTO lesson (id, moduleId, slug, title, body, estimatedSeatMinutes, ordinal) VALUES (
  'lesson_sd_south-dakota-specific-rules-and-quirks', 'module_sd_overlay', 'south-dakota-specific-rules-and-quirks', 'South Dakota-Specific Rules and Quirks', '## What Makes Driving in South Dakota Different

South Dakota is mostly rural, sparsely populated, and famous for long, straight roads, sudden weather, and wildlife on the shoulder. The laws and quirks below show up on the written test and - more importantly - in real driving. Master them and you will be a safer South Dakota driver from day one.

### 80 mph Rural Interstates

In 2015 the South Dakota Legislature raised the rural interstate speed limit to **80 mph**, one of the highest in the United States. Important nuances:

- 80 mph applies only to the **rural** stretches of I-29 and I-90. Urban segments, construction zones, and many state highways post lower limits.
- At 80 mph your stopping distance can exceed **500 feet**. Increase following distance to at least **4 seconds** in dry conditions and double it in rain.
- Cruise control on long, empty stretches induces drowsiness. Stop every 100 miles, get out, walk around.

### Two-Lane Highways and Passing

Outside the interstates, much of South Dakota is two-lane state and county highway. You will need to pass slower vehicles (often farm equipment) safely.

- Pass only in legally marked passing zones (broken yellow line on your side).
- Never pass within **100 feet** of an intersection, railroad crossing, bridge, or tunnel.
- When meeting an oversize farm vehicle, slow down and move toward the shoulder - tractors and combines may be wider than a lane.

### Wildlife: Deer, Pheasants, and Cattle

South Dakota leads the nation in some categories of animal-vehicle crashes. Dawn and dusk in autumn are the peak risk hours.

- If a deer enters the road, **brake firmly, do not swerve**. Swerving causes most serious injuries in deer crashes.
- Watch for **open-range** areas in the western part of the state. Cattle and bison may legally be on or near the road; a struck animal is your financial responsibility if you exceeded a safe speed for conditions.
- Slow vehicle (orange triangle) emblems indicate something moving 25 mph or less - common on rural roads.

### Winter Driving and "No Travel Advised"

Winter conditions in South Dakota change quickly.

- The Department of Transportation issues road condition reports ranging from green (normal) to **"No Travel Advised"** and ultimately **road closure**. Driving during a no-travel advisory can result in being charged for rescue costs.
- Carry a winter kit: blanket, water, snacks, flashlight, cell-phone charger, traction aid.
- Plug-in block heaters are common in older diesels. Make sure you unplug before pulling away.

### School Bus Stops

South Dakota requires drivers on **both sides** of a two-lane road to stop when a school bus has its **red lights flashing and stop arm extended**. On a divided highway (median or physical barrier), only traffic moving in the same direction as the bus must stop.

### Move Over Law

When approaching a stopped emergency vehicle, tow truck, or maintenance vehicle with flashing lights, drivers must **move over** to a non-adjacent lane when safe, or **slow down significantly** if moving over is not possible. Failure to do so is a fineable offense and frequently appears on the written test.

### Implied Consent and Zero Tolerance

By driving in South Dakota you give implied consent to a chemical test if a peace officer has probable cause to suspect impaired driving.

- Adults: legal BAC limit **0.08%**.
- Drivers under 21: **zero tolerance**. Any detectable alcohol (0.02%) can result in license suspension.
- Refusing a chemical test results in an automatic license revocation.

### Headlights and Visibility

Headlights must be on:

- From **sunset to sunrise**.
- Whenever weather (rain, snow, fog, dust) reduces visibility to less than **200 feet**.
- Whenever windshield wipers are in continuous use - a good rule of thumb statewide.

### Mount Rushmore, Sturgis, and Tourist Traffic

From late spring through fall the Black Hills, Badlands, and Sturgis Motorcycle Rally bring out-of-state traffic. During the **Sturgis Rally (early August)** the western half of the state sees hundreds of thousands of motorcyclists.

- Allow at least **4 seconds following distance** behind motorcycles.
- Check blind spots twice before lane changes - motorcycles are easy to miss.
- Expect sudden slowdowns near scenic viewpoints (Needles Highway, Iron Mountain Road).

### Quirky Rules Worth Knowing

- Motorcycle helmets are required **only for riders and passengers under 18** in South Dakota. As a car driver, expect to share the road with many unhelmeted riders.
- **Studded snow tires** are legal between October 1 and April 30 only.
- **U-turns** are legal unless prohibited by sign and may not be made on any curve or grade where the driver cannot be seen by another vehicle within 1,000 feet.

Knowing these South Dakota-specific rules is the difference between passing the written test and being prepared for the realities of the state''s roads.', 30, 2
);
INSERT OR REPLACE INTO quiz (id, lessonId, title, passingScore, shuffleQuestions) VALUES (
  'quiz_sd_south-dakota-specific-rules-and-quirks', 'lesson_sd_south-dakota-specific-rules-and-quirks', 'South Dakota Rules and Quirks Quiz', 80, 1
);
INSERT OR REPLACE INTO quiz_question (id, quizId, prompt, choices, correctIndex, explanation, ordinal) VALUES (
  'q_sd_south-dakota-specific-rules-and-quirks_0', 'quiz_sd_south-dakota-specific-rules-and-quirks', 'What is the maximum speed limit on South Dakota''s rural interstates?', '["65 mph","70 mph","75 mph","80 mph"]', 3, 'South Dakota raised its rural interstate maximum to 80 mph in 2015 - among the highest in the United States.', 0
);
INSERT OR REPLACE INTO quiz_question (id, quizId, prompt, choices, correctIndex, explanation, ordinal) VALUES (
  'q_sd_south-dakota-specific-rules-and-quirks_1', 'quiz_sd_south-dakota-specific-rules-and-quirks', 'If a deer suddenly steps into the road in front of you, the safest action is to:', '["Swerve sharply to avoid the deer","Brake firmly and stay in your lane","Accelerate to pass before the deer crosses","Honk continuously and maintain speed"]', 1, 'Brake firmly without swerving. Swerving to avoid wildlife is the leading cause of serious injuries in animal crashes.', 1
);
INSERT OR REPLACE INTO quiz_question (id, quizId, prompt, choices, correctIndex, explanation, ordinal) VALUES (
  'q_sd_south-dakota-specific-rules-and-quirks_2', 'quiz_sd_south-dakota-specific-rules-and-quirks', 'When a school bus on a two-lane road has its red lights flashing and stop arm extended, who must stop?', '["Only vehicles behind the bus","Only vehicles in the opposite lane","Drivers on BOTH sides of the road","No one if traffic is light"]', 2, 'On a two-lane road, drivers in both directions must stop. Only a physical median/divided highway exempts oncoming traffic.', 2
);
INSERT OR REPLACE INTO quiz_question (id, quizId, prompt, choices, correctIndex, explanation, ordinal) VALUES (
  'q_sd_south-dakota-specific-rules-and-quirks_3', 'quiz_sd_south-dakota-specific-rules-and-quirks', 'South Dakota''s zero-tolerance BAC limit for drivers under 21 is:', '["0.00%","0.02%","0.05%","0.08%"]', 1, 'Drivers under 21 face license suspension at a BAC of 0.02% or higher. The adult limit is 0.08%.', 3
);
INSERT OR REPLACE INTO quiz_question (id, quizId, prompt, choices, correctIndex, explanation, ordinal) VALUES (
  'q_sd_south-dakota-specific-rules-and-quirks_4', 'quiz_sd_south-dakota-specific-rules-and-quirks', 'Under South Dakota''s Move Over law, what should you do when approaching a stopped emergency vehicle with flashing lights?', '["Maintain your speed and lane","Move over to a non-adjacent lane when safe, or slow down significantly if you cannot move over","Stop completely in your lane","Honk to alert the responders"]', 1, 'Move over to a non-adjacent lane when safe; if you cannot, slow down significantly. This protects emergency responders, tow operators, and maintenance crews.', 4
);

-- Tennessee (TN)
INSERT OR REPLACE INTO rule_pack (id, jurisdiction, slug, name, maturity, createdAt) VALUES (
  'rp_tn_teen', 'US-TN', 'tn-teen', 'Tennessee Teen Driver Education', 'level1', unixepoch('now')*1000
);
INSERT OR REPLACE INTO rule_pack_version (id, rulePackId, version, definition, publishedAt, notes, createdAt) VALUES (
  'rpv_tn_teen_1_0_0', 'rp_tn_teen', '1.0.0', '{"credentials":[{"key":"permit_eligibility","label":"Learner Permit","deliveryMode":"manual"}],"requirements":[{"key":"classroom_hours","label":"Classroom hours","target":30,"unit":"hour"},{"key":"btw_hours","label":"Behind-the-wheel hours","target":6,"unit":"hour"},{"key":"supervised_practice_hours","label":"Supervised practice (parent log)","target":50,"unit":"hour"}],"rules":[{"key":"unlock_permit_eligibility","trigger":"enrollment.state_changed","conditions":{"jurisdiction":"US-TN","minPermitAge":15,"classroomHoursCompleted":{"gte":30}},"actions":[{"type":"unlock_credential","credential":"permit_eligibility"},{"type":"set_journey_state","value":"permit_eligible"}]}],"facts":{"agencyName":"Tennessee Department of Safety and Homeland Security, Driver Services Division","minPermitAge":15,"minLicenseAge":16,"minPermitDurationMonths":6,"nighttimeRestriction":"Intermediate Restricted License holders may not drive between 11:00 PM and 6:00 AM unless accompanied by a parent or licensed adult 21+, or for documented work, school, or church activity.","passengerRestriction":"Intermediate Restricted License holders may carry only one passenger; Intermediate Unrestricted License holders may carry no more than three passengers under 18 who are not immediate family.","cellPhoneRule":"Drivers under 18 may not use a cell phone or other wireless device while driving (hands-free or handheld). All Tennessee drivers are prohibited from holding a phone or texting while driving under the statewide hands-free law.","notes":"Tennessee uses a three-stage Graduated Driver License (GDL) program: Learner Permit (age 15), Intermediate Restricted License (age 16), and Intermediate Unrestricted License (age 17). The 50 hours of supervised practice (10 at night) is required before the road skills test. Driver education is not state-mandated for licensing, but many schools and insurers offer/require it. Tennessee does not issue a single ''completion certificate'' that automatically credentials a permit; eligibility is verified by DOS Driver Services at the testing center based on age, parental consent (under 18), and documentation. School attendance compliance (SADAP) is enforced: students who drop out or have excessive absences can have their permit/license revoked.","needsReview":["Exact wording of TN cell phone statute for under-18 drivers vs statewide hands-free law","Whether TN counts certified driver-ed BTW hours toward the 50-hour supervised practice requirement","Current fee for Learner Permit and Intermediate License","Whether the Intermediate Unrestricted License is automatic at age 17 or requires application","SADAP (School Attendance and Dropout Prevention) reporting cadence between schools and DOS"]}}', unixepoch('now')*1000, 'Generated; school must review and tweak.', unixepoch('now')*1000
);
INSERT OR REPLACE INTO content_pack (id, slug, name, scope, jurisdiction, description, createdAt) VALUES (
  'cp_tn_teen_overlay', 'tn-teen-overlay', 'Tennessee Teen Overlay', 'state', 'US-TN', 'Tennessee-specific content covering how to obtain a Learner Permit, the Graduated Driver License (GDL) restrictions that apply day-to-day, and Tennessee-specific quirks like the SADAP attendance law and statewide hands-free rule.', unixepoch('now')*1000
);
INSERT OR REPLACE INTO content_pack_version (id, contentPackId, version, notes, publishedAt, createdAt) VALUES (
  'cpv_tn_teen_overlay_1_0_0', 'cp_tn_teen_overlay', '1.0.0', 'Generated by per-state agent; human review required before publishing.', unixepoch('now')*1000, unixepoch('now')*1000
);
INSERT OR REPLACE INTO course (id, contentPackVersionId, slug, title, description, ordinal) VALUES (
  'course_tn_overlay', 'cpv_tn_teen_overlay_1_0_0', 'tn-overlay', 'Tennessee Teen Driver Overlay', 'Tennessee-specific content covering how to obtain a Learner Permit, the Graduated Driver License (GDL) restrictions that apply day-to-day, and Tennessee-specific quirks like the SADAP attendance law and statewide hands-free rule.', 0
);
INSERT OR REPLACE INTO module (id, courseId, slug, title, description, ordinal) VALUES (
  'module_tn_overlay', 'course_tn_overlay', 'tn-teen-overlay', 'Tennessee Teen Driver Overlay', 'Tennessee-specific content covering how to obtain a Learner Permit, the Graduated Driver License (GDL) restrictions that apply day-to-day, and Tennessee-specific quirks like the SADAP attendance law and statewide hands-free rule.', 0
);
INSERT OR REPLACE INTO lesson (id, moduleId, slug, title, body, estimatedSeatMinutes, ordinal) VALUES (
  'lesson_tn_how-to-get-a-tn-learner-permit', 'module_tn_overlay', 'how-to-get-a-tn-learner-permit', 'How to Get a Tennessee Learner Permit', '# How to Get a Tennessee Learner Permit

In Tennessee, the Learner Permit is the first stage of the Graduated Driver License (GDL) program. It is issued by the **Tennessee Department of Safety and Homeland Security, Driver Services Division** (often just called "Driver Services" or the DOS). You cannot legally practice on public roads as a teen driver without it, so understanding the process matters.

## Step 1: Confirm you meet the age requirement

You must be **at least 15 years old** to apply for a Learner Permit in Tennessee. There is no upper age limit, but applicants under 18 are subject to additional rules described below.

## Step 2: Gather your documents

Tennessee uses federal REAL ID document standards. You will need to bring originals (not copies) of:

- **Proof of U.S. citizenship or lawful presence** — a certified U.S. birth certificate or U.S. passport is the most common choice.
- **Proof of Social Security Number** — a Social Security card, W-2, or paystub showing your SSN.
- **Two proofs of Tennessee residency** — utility bill, bank statement, school enrollment letter, or lease. If you live with your parents, your parents'' documents plus an affidavit can work.
- **Parental consent (if under 18)** — a parent or legal guardian must appear in person at the Driver Services Center to sign the **Minor/Teenage Affidavit and Cancellation (Form SF-0259)**, which makes them financially responsible for your driving.
- **Proof of school compliance (if under 18)** — the **Certificate of Compulsory School Attendance**, signed by a school official within the last 30 days. This is required by Tennessee''s School Attendance and Dropout Prevention law (SADAP).

## Step 3: Visit a Driver Services Center

Learner Permits are issued in person at any **Driver Services Center**. Tennessee does **not** issue Learner Permits online or by mail. You can reserve an appointment through the Driver Services website, which dramatically reduces wait times.

At the center you will:

1. Submit your documents.
2. Pass a **vision screening** (corrective lenses are fine; a restriction will be added to your permit).
3. Pass the **knowledge test** — a multiple-choice exam based on the *Tennessee Comprehensive Driver License Manual*. The test covers road signs, signals, right-of-way, GDL restrictions, and safe driving practices. You need a passing score (commonly 80%) to qualify.
4. Have your photo taken and pay the permit fee.

If you pass, you typically leave with a temporary paper permit; your permanent card arrives by mail within a few weeks.

## Step 4: Understand what a permit lets you do

A Tennessee Learner Permit allows you to drive **only when accompanied by a licensed driver age 21 or older who is seated in the front passenger seat**. You must hold the permit for **at least 180 days (6 months)** without any traffic convictions or seat-belt violations before applying for an Intermediate Restricted License at age 16.

During those six months, you must also log **50 hours of supervised driving practice, including at least 10 hours at night**, certified by a parent or guardian on the **Affidavit of Driving Experience** form. Keep your log accurate — Driver Services can ask to see it.

## Step 5: Plan for the next stage

The permit is not the end goal — it is a learning stage. While you hold it:

- Build hours behind the wheel in a variety of conditions: highway, rain, dusk, congested traffic.
- Avoid any moving violations; a citation can reset your 180-day clock.
- If you are taking a driver education course, schedule your behind-the-wheel sessions early so they don''t bottleneck your road-test eligibility at 16.

Follow this process carefully and you will arrive at your 16th birthday ready to take the road skills test for the Intermediate Restricted License.', 35, 0
);
INSERT OR REPLACE INTO quiz (id, lessonId, title, passingScore, shuffleQuestions) VALUES (
  'quiz_tn_how-to-get-a-tn-learner-permit', 'lesson_tn_how-to-get-a-tn-learner-permit', 'Tennessee Learner Permit Quiz', 80, 1
);
INSERT OR REPLACE INTO quiz_question (id, quizId, prompt, choices, correctIndex, explanation, ordinal) VALUES (
  'q_tn_how-to-get-a-tn-learner-permit_0', 'quiz_tn_how-to-get-a-tn-learner-permit', 'What is the minimum age to apply for a Learner Permit in Tennessee?', '["14","15","16","17"]', 1, 'Tennessee allows Learner Permit applications starting at age 15.', 0
);
INSERT OR REPLACE INTO quiz_question (id, quizId, prompt, choices, correctIndex, explanation, ordinal) VALUES (
  'q_tn_how-to-get-a-tn-learner-permit_1', 'quiz_tn_how-to-get-a-tn-learner-permit', 'Which Tennessee agency issues the Learner Permit?', '["Tennessee Department of Transportation","Tennessee Department of Revenue","Tennessee Department of Safety and Homeland Security, Driver Services Division","Tennessee Secretary of State"]', 2, 'The Driver Services Division of the Department of Safety and Homeland Security issues all Tennessee driver credentials.', 1
);
INSERT OR REPLACE INTO quiz_question (id, quizId, prompt, choices, correctIndex, explanation, ordinal) VALUES (
  'q_tn_how-to-get-a-tn-learner-permit_2', 'quiz_tn_how-to-get-a-tn-learner-permit', 'How long must a teen hold a Tennessee Learner Permit before applying for an Intermediate Restricted License?', '["30 days","90 days","180 days (6 months)","12 months"]', 2, 'Tennessee requires a 180-day (6-month) permit holding period with no traffic or seat-belt convictions.', 2
);
INSERT OR REPLACE INTO quiz_question (id, quizId, prompt, choices, correctIndex, explanation, ordinal) VALUES (
  'q_tn_how-to-get-a-tn-learner-permit_3', 'quiz_tn_how-to-get-a-tn-learner-permit', 'When driving with a Tennessee Learner Permit, who must be in the vehicle with you?', '["Any licensed driver age 18 or older in any seat","A licensed driver age 21 or older in the front passenger seat","A parent only, in any seat","No one — solo driving is allowed during daylight"]', 1, 'Tennessee requires a supervising driver who is at least 21 and seated in the front passenger seat.', 3
);
INSERT OR REPLACE INTO quiz_question (id, quizId, prompt, choices, correctIndex, explanation, ordinal) VALUES (
  'q_tn_how-to-get-a-tn-learner-permit_4', 'quiz_tn_how-to-get-a-tn-learner-permit', 'How many hours of supervised driving practice must a Tennessee teen log before taking the road skills test, and how many must be at night?', '["30 hours total, 5 at night","40 hours total, 10 at night","50 hours total, 10 at night","60 hours total, 15 at night"]', 2, 'Tennessee requires 50 total hours of supervised practice with at least 10 hours after dark.', 4
);
INSERT OR REPLACE INTO lesson (id, moduleId, slug, title, body, estimatedSeatMinutes, ordinal) VALUES (
  'lesson_tn_tn-gdl-restrictions-in-daily-life', 'module_tn_overlay', 'tn-gdl-restrictions-in-daily-life', 'Tennessee GDL Restrictions in Daily Life', '# Tennessee GDL Restrictions in Daily Life

Tennessee''s Graduated Driver License (GDL) program has three stages: **Learner Permit**, **Intermediate Restricted License**, and **Intermediate Unrestricted License**. Each stage layers on new freedoms while still limiting the highest-risk behaviors for teen drivers. Knowing the restrictions in real-world terms — not just textbook language — keeps your license clean.

## Stage 1: Learner Permit (age 15)

- **Supervision required at all times.** A licensed driver age 21+ must occupy the front passenger seat whenever the wheel is in your hands.
- **No solo driving — ever.** Driving alone, even to the end of the driveway on a public road, is a violation.
- **Seat belts for everyone.** A seat-belt citation can reset your 180-day permit clock.
- **No cell phones.** Drivers under 18 may not use a cell phone or other wireless device while driving, even hands-free.

Daily life: This stage is about practice with a parent or coach. Most teens use the permit to commute to school with a parent, drive on weekend errands, and rack up the 50 required practice hours.

## Stage 2: Intermediate Restricted License (age 16)

Granted at 16 after the 180-day permit period, 50 logged hours, and a passing road skills test. You can now drive solo — but with two important limits:

- **Nighttime restriction.** You may not drive between **11:00 PM and 6:00 AM**. Exceptions exist for documented driving to/from work, school events, or religious activities, and when accompanied by a parent, legal guardian, or licensed adult 21+. Carry documentation (work schedule, school activity letter) if you''ll be on the road during restricted hours.
- **Passenger restriction.** You may transport **only one passenger** at a time. Siblings, friends, classmates — all count. The only exceptions are when a parent or licensed adult 21+ is supervising.

Daily life examples:
- Driving yourself to and from a 6:30 AM swim practice — fine, but be aware 6:00 AM is the cutoff for the nighttime restriction.
- Taking two friends to a movie — **not allowed**; you can only take one passenger.
- Driving home from a closing shift that ends at 11:30 PM — allowed if you have a copy of your work schedule in the car.
- Driving siblings to school — only one sibling at a time unless a parent rides along.

## Stage 3: Intermediate Unrestricted License (age 17)

At age 17, restrictions ease but do not disappear:

- The nighttime restriction is lifted.
- You may carry up to **three passengers under 18** who are not immediate family. (Family members do not count toward the limit.)
- The under-18 cell phone ban still applies until you turn 18.

This stage still feels like teen driving with training wheels: you have more freedom, but the state still recognizes that crash rates for 17-year-olds are higher than for adults.

## Statewide rules that apply to every Tennessee driver

GDL restrictions stack on top of laws that apply to everyone:

- **Hands-free law.** No Tennessee driver may hold a phone or text while driving. For drivers under 18, the rule is even stricter — no wireless device use at all.
- **Move Over law.** Change lanes or slow down for stopped emergency, utility, and tow vehicles.
- **Open container law.** No open alcoholic beverages in the passenger area.
- **Zero tolerance for under-21 drinking and driving.** A BAC of 0.02 or higher results in license suspension.

## Consequences of GDL violations

Violating a GDL restriction is a traffic offense in Tennessee. Penalties can include fines, license suspension, and — for permit holders — a reset of the 180-day waiting period. Insurance rates also climb quickly after any teen traffic conviction. Treat the restrictions as bright lines, not suggestions, and you''ll arrive at your 18th birthday with a clean record and a full license.', 30, 1
);
INSERT OR REPLACE INTO quiz (id, lessonId, title, passingScore, shuffleQuestions) VALUES (
  'quiz_tn_tn-gdl-restrictions-in-daily-life', 'lesson_tn_tn-gdl-restrictions-in-daily-life', 'Tennessee GDL Daily-Life Quiz', 80, 1
);
INSERT OR REPLACE INTO quiz_question (id, quizId, prompt, choices, correctIndex, explanation, ordinal) VALUES (
  'q_tn_tn-gdl-restrictions-in-daily-life_0', 'quiz_tn_tn-gdl-restrictions-in-daily-life', 'An Intermediate Restricted License holder in Tennessee is driving home from work at 11:45 PM. Under what condition is this allowed?', '["It is never allowed under any circumstances","Only if a parent rides with them","If they have documentation (such as a work schedule) showing they are driving to/from employment","Only on weekdays"]', 2, 'Driving to or from work after 11 PM is permitted with documentation supporting the work activity.', 0
);
INSERT OR REPLACE INTO quiz_question (id, quizId, prompt, choices, correctIndex, explanation, ordinal) VALUES (
  'q_tn_tn-gdl-restrictions-in-daily-life_1', 'quiz_tn_tn-gdl-restrictions-in-daily-life', 'How many non-family passengers can an Intermediate Restricted License holder transport without a supervising adult?', '["None","One","Two","Three"]', 1, 'The Restricted stage limits the driver to a single passenger.', 1
);
INSERT OR REPLACE INTO quiz_question (id, quizId, prompt, choices, correctIndex, explanation, ordinal) VALUES (
  'q_tn_tn-gdl-restrictions-in-daily-life_2', 'quiz_tn_tn-gdl-restrictions-in-daily-life', 'What is the nighttime driving restriction window for the Intermediate Restricted License in Tennessee?', '["9:00 PM to 5:00 AM","10:00 PM to 5:00 AM","11:00 PM to 6:00 AM","Midnight to 6:00 AM"]', 2, 'Tennessee''s restricted nighttime window runs from 11:00 PM to 6:00 AM.', 2
);
INSERT OR REPLACE INTO quiz_question (id, quizId, prompt, choices, correctIndex, explanation, ordinal) VALUES (
  'q_tn_tn-gdl-restrictions-in-daily-life_3', 'quiz_tn_tn-gdl-restrictions-in-daily-life', 'Which statement about cell phone use is correct for a 16-year-old Tennessee driver?', '["Hands-free calls are allowed","Texting is allowed at stoplights","No use of cell phones or wireless devices is allowed while driving","Phones are allowed if mounted to the dashboard"]', 2, 'Tennessee drivers under 18 may not use any wireless device while driving, even hands-free.', 3
);
INSERT OR REPLACE INTO quiz_question (id, quizId, prompt, choices, correctIndex, explanation, ordinal) VALUES (
  'q_tn_tn-gdl-restrictions-in-daily-life_4', 'quiz_tn_tn-gdl-restrictions-in-daily-life', 'Which restriction is lifted when a teen advances to the Intermediate Unrestricted License at age 17?', '["The under-18 cell phone ban","The seat-belt requirement","The nighttime driving restriction","The zero-tolerance alcohol law"]', 2, 'The nighttime curfew is lifted at 17; passenger limits relax somewhat, and the under-18 phone ban remains until age 18.', 4
);
INSERT OR REPLACE INTO lesson (id, moduleId, slug, title, body, estimatedSeatMinutes, ordinal) VALUES (
  'lesson_tn_tn-specific-rules-and-quirks', 'module_tn_overlay', 'tn-specific-rules-and-quirks', 'Tennessee-Specific Rules and Quirks Every Teen Driver Should Know', '# Tennessee-Specific Rules and Quirks Every Teen Driver Should Know

Most driving laws look similar from state to state, but Tennessee has a handful of unique rules that surprise new drivers — including some that can suspend your license long before you ever get a speeding ticket. This lesson covers the Tennessee-specific quirks worth memorizing.

## 1. SADAP — the School Attendance and Dropout Prevention law

Tennessee is one of the strictest states in the country about linking driving privileges to school attendance. Under the **School Attendance and Dropout Prevention (SADAP)** program:

- If you are **under 18 and drop out of school**, your driver license or permit is automatically revoked.
- If you accumulate **10 or more unexcused absences in a semester**, the school must report you, and your driving privileges can be suspended.
- If you have failing grades in more than half your courses, you can also lose your license.

To apply for a Learner Permit you must present a **Certificate of Compulsory School Attendance** signed within the past 30 days. You can also lose your driving privileges through SADAP even after you''ve been licensed for months. The lesson: in Tennessee, the school principal can take your keys.

## 2. Statewide hands-free law

Tennessee was relatively late to pass a strong distracted-driving law, but the current statute is strict. **All drivers, regardless of age**, are prohibited from:

- Holding a phone with any part of their body while driving.
- Writing, sending, or reading text messages.
- Watching videos.
- Recording video.

First-offense fines start at $50 and rise for repeat or work-zone violations. For drivers **under 18**, the rule is even stricter: no wireless device use at all, even hands-free. Mounted phones on speakerphone or via car Bluetooth are the only safe option.

## 3. "Slowpoke" left-lane law

Tennessee enforces a left-lane-must-yield rule on multi-lane highways. If you are in the left (passing) lane and a faster vehicle approaches from behind, you must move right to let it pass. Violations can be ticketed. New teen drivers often default to the left lane out of habit on interstates like I-40 or I-65 — get comfortable cruising in the right lane and using the left only to pass.

## 4. Move Over law — broader than most states

Tennessee''s Move Over law applies not just to police, fire, and ambulance vehicles, but also to **utility vehicles, road maintenance crews, and tow trucks** with flashing lights on the shoulder. Either change lanes away from the stopped vehicle or slow to a safe, reasonable speed if changing lanes is unsafe.

## 5. Headlights when wipers are on

A classic Tennessee quirk: if your **windshield wipers are in continuous use** due to rain, fog, or other weather, your **headlights must be on**. Running daytime running lights or parking lights only is a violation. This rule matters in Tennessee''s frequent summer thunderstorms and morning fog in valleys and along rivers.

## 6. School bus stop-arm — both directions on undivided roads

When a school bus stops with its stop-arm extended and red lights flashing:

- On a **two-lane or undivided road**, traffic in **both directions** must stop.
- On a **divided highway with a physical median or barrier**, only traffic traveling in the **same direction** as the bus must stop.

Violations carry steep fines and can be reported by camera systems on the buses.

## 7. Implied consent

By accepting a Tennessee driver license or permit, you have given **implied consent** to a chemical test (breath, blood, or urine) if an officer has reasonable cause to suspect impaired driving. Refusing the test results in an automatic **one-year license suspension** for a first refusal — independent of any DUI charge. For drivers under 21, a BAC of just 0.02 is enough to trigger zero-tolerance suspension.

## 8. Funeral procession right-of-way

Tennessee gives funeral processions the right of way at intersections. Even if you have a green light, you must yield to a clearly marked funeral procession that has begun crossing. This catches out-of-state drivers off guard but is well-known in Tennessee communities.

## Putting it together

The biggest Tennessee-specific risks to a teen driver''s license are **not** dramatic crashes — they are everyday mistakes: skipping school, holding a phone at a stoplight, or cruising in the left lane. Treat SADAP and the hands-free law as seriously as you''d treat a stop sign, and you''ll keep your driving privileges intact.', 30, 2
);
INSERT OR REPLACE INTO quiz (id, lessonId, title, passingScore, shuffleQuestions) VALUES (
  'quiz_tn_tn-specific-rules-and-quirks', 'lesson_tn_tn-specific-rules-and-quirks', 'Tennessee Rules and Quirks Quiz', 80, 1
);
INSERT OR REPLACE INTO quiz_question (id, quizId, prompt, choices, correctIndex, explanation, ordinal) VALUES (
  'q_tn_tn-specific-rules-and-quirks_0', 'quiz_tn_tn-specific-rules-and-quirks', 'Under Tennessee''s SADAP law, what can happen to a teen driver who drops out of school before age 18?', '["Nothing — school and driving are separate","A warning letter only","Their driver license or permit is revoked","They must pay a $25 reinstatement fee"]', 2, 'SADAP revokes driving privileges for under-18 students who drop out of school.', 0
);
INSERT OR REPLACE INTO quiz_question (id, quizId, prompt, choices, correctIndex, explanation, ordinal) VALUES (
  'q_tn_tn-specific-rules-and-quirks_1', 'quiz_tn_tn-specific-rules-and-quirks', 'Tennessee''s statewide hands-free law applies to which drivers?', '["Only drivers under 18","Only commercial drivers","All drivers, regardless of age","Only drivers in school zones"]', 2, 'Tennessee''s hands-free law applies to every driver; the under-18 rule is even stricter.', 1
);
INSERT OR REPLACE INTO quiz_question (id, quizId, prompt, choices, correctIndex, explanation, ordinal) VALUES (
  'q_tn_tn-specific-rules-and-quirks_2', 'quiz_tn_tn-specific-rules-and-quirks', 'It is raining hard enough that you have your windshield wipers on continuously. What must you also do under Tennessee law?', '["Turn on your hazard lights","Turn on your headlights","Drive in the right lane only","Reduce speed to 45 mph"]', 1, 'Tennessee law requires headlights to be on whenever wipers are in continuous use.', 2
);
INSERT OR REPLACE INTO quiz_question (id, quizId, prompt, choices, correctIndex, explanation, ordinal) VALUES (
  'q_tn_tn-specific-rules-and-quirks_3', 'quiz_tn_tn-specific-rules-and-quirks', 'You are driving on a two-lane undivided road in Tennessee and a school bus ahead of you in the opposite direction stops with its stop-arm extended. What must you do?', '["Continue driving — you are going the opposite way","Stop, because traffic in both directions must stop on an undivided road","Slow to 20 mph but you may proceed","Stop only if children are visible"]', 1, 'On undivided roads, traffic in both directions must stop for a school bus with its stop-arm extended.', 3
);
INSERT OR REPLACE INTO quiz_question (id, quizId, prompt, choices, correctIndex, explanation, ordinal) VALUES (
  'q_tn_tn-specific-rules-and-quirks_4', 'quiz_tn_tn-specific-rules-and-quirks', 'What is the consequence in Tennessee of refusing a chemical (breath/blood) test for the first time under the implied consent law?', '["$100 fine only","Mandatory traffic school","Automatic one-year license suspension, independent of any DUI charge","No consequence if you later pass a test"]', 2, 'Tennessee''s implied consent statute imposes an automatic one-year license suspension for a first refusal.', 4
);

-- Texas (TX)
INSERT OR REPLACE INTO rule_pack (id, jurisdiction, slug, name, maturity, createdAt) VALUES (
  'rp_tx_teen', 'US-TX', 'tx-teen', 'Texas Teen Driver Education', 'level1', unixepoch('now')*1000
);
INSERT OR REPLACE INTO rule_pack_version (id, rulePackId, version, definition, publishedAt, notes, createdAt) VALUES (
  'rpv_tx_teen_1_0_0', 'rp_tx_teen', '1.0.0', '{"credentials":[{"key":"permit_eligibility","label":"Learner License","deliveryMode":"manual"}],"requirements":[{"key":"classroom_hours","label":"Classroom hours","target":32,"unit":"hour"},{"key":"btw_hours","label":"Behind-the-wheel hours","target":7,"unit":"hour"},{"key":"supervised_practice_hours","label":"Supervised practice (parent log)","target":30,"unit":"hour"}],"rules":[{"key":"unlock_permit_eligibility","trigger":"enrollment.state_changed","conditions":{"jurisdiction":"US-TX","minPermitAge":15,"classroomHoursCompleted":{"gte":32}},"actions":[{"type":"unlock_credential","credential":"permit_eligibility"},{"type":"set_journey_state","value":"permit_eligible"}]}],"facts":{"agencyName":"Texas Department of Public Safety (DPS)","minPermitAge":15,"minLicenseAge":16,"minPermitDurationMonths":6,"nighttimeRestriction":"During the first 12 months after receiving a provisional license, drivers under 18 may not drive between midnight and 5:00 a.m. unless for employment, a school-related activity, or a medical emergency.","passengerRestriction":"During the first 12 months of a provisional license, drivers under 18 may not have more than one passenger under age 21 in the vehicle who is not a family member.","cellPhoneRule":"Drivers under 18 are prohibited from using any wireless communication device while driving (including hands-free), except in an emergency. All drivers are prohibited from texting while driving statewide, and use of handheld devices is banned in active school zones.","notes":"Texas requires teens to complete a state-approved driver education program before getting a learner license. Teens (under 18) may choose Parent-Taught Driver Education (PTDE) using a TDLR-approved course, a traditional classroom course at a licensed driving school, or a TDLR-approved online course. The full course requires 32 hours of classroom (Phase 1) plus 14 hours behind-the-wheel instruction (7 hours of in-car instruction plus 7 hours of in-car observation) and 30 hours of supervised practice driving (including 10 hours at night). All applicants under 25 must also complete the Impact Texas Drivers (ITD) program — specifically Impact Texas Teen Drivers (ITTD) for those under 18 — within 90 days before the driving skills test. Texas issues a paper learner license through the DPS; the DL/ID card is mailed after the in-office visit. Texas does not currently offer an electronic credential issuance API for third-party schools.","needsReview":["Confirm current ITTD video length and 90-day validity window","Verify exact wording of midnight-5am nighttime restriction exceptions","Confirm whether DE-964 (Driver Education Certificate) is still the active form name issued by TDLR-approved providers","Verify minimum supervised practice nighttime hours (commonly cited as 10 of the 30)"]}}', unixepoch('now')*1000, 'Generated; school must review and tweak.', unixepoch('now')*1000
);
INSERT OR REPLACE INTO content_pack (id, slug, name, scope, jurisdiction, description, createdAt) VALUES (
  'cp_tx_teen_overlay', 'tx-teen-overlay', 'Texas Teen Overlay', 'state', 'US-TX', 'Texas-specific overlay covering how to obtain a learner license through Parent-Taught or traditional driver education, the Graduated Driver License (GDL) restrictions that apply during the provisional license period, and Texas-specific quirks like the Impact Texas Teen Drivers (ITTD) requirement.', unixepoch('now')*1000
);
INSERT OR REPLACE INTO content_pack_version (id, contentPackId, version, notes, publishedAt, createdAt) VALUES (
  'cpv_tx_teen_overlay_1_0_0', 'cp_tx_teen_overlay', '1.0.0', 'Generated by per-state agent; human review required before publishing.', unixepoch('now')*1000, unixepoch('now')*1000
);
INSERT OR REPLACE INTO course (id, contentPackVersionId, slug, title, description, ordinal) VALUES (
  'course_tx_overlay', 'cpv_tx_teen_overlay_1_0_0', 'tx-overlay', 'Texas Teen Driver Overlay', 'Texas-specific overlay covering how to obtain a learner license through Parent-Taught or traditional driver education, the Graduated Driver License (GDL) restrictions that apply during the provisional license period, and Texas-specific quirks like the Impact Texas Teen Drivers (ITTD) requirement.', 0
);
INSERT OR REPLACE INTO module (id, courseId, slug, title, description, ordinal) VALUES (
  'module_tx_overlay', 'course_tx_overlay', 'tx-teen-overlay', 'Texas Teen Driver Overlay', 'Texas-specific overlay covering how to obtain a learner license through Parent-Taught or traditional driver education, the Graduated Driver License (GDL) restrictions that apply during the provisional license period, and Texas-specific quirks like the Impact Texas Teen Drivers (ITTD) requirement.', 0
);
INSERT OR REPLACE INTO lesson (id, moduleId, slug, title, body, estimatedSeatMinutes, ordinal) VALUES (
  'lesson_tx_tx-how-to-get-a-permit', 'module_tx_overlay', 'tx-how-to-get-a-permit', 'Getting Your Texas Learner License: Parent-Taught vs. Traditional Driver Ed', '# Getting Your Texas Learner License

In Texas, a teen driver''s journey begins with the **learner license** — the credential that lets you legally practice driving with a licensed adult in the passenger seat. The Texas Department of Public Safety (DPS) issues the license, but you cannot apply until you have started or completed a state-approved driver education program. This lesson walks you through eligibility, the three legal pathways to driver ed, and exactly what to bring to the DPS office.

## Eligibility at a Glance

You must be **at least 15 years old** to apply for a Texas learner license. You must also be enrolled in (and making progress through) an approved driver education course, and you must pass a written knowledge test and a vision exam. If you are under 18, a parent or legal guardian must accompany you to the DPS office and sign for you. You''ll also need to provide proof of identity, U.S. citizenship or lawful presence, Texas residency, Social Security number, and — for applicants under 18 — proof of school enrollment, called a **Verification of Enrollment (VOE)**, which your school issues.

## The Three Pathways to Texas Driver Education

Texas is one of the few states that allows parents to teach driver education at home. Your family can choose:

### 1. Parent-Taught Driver Education (PTDE)
PTDE is administered by the **Texas Department of Licensing and Regulation (TDLR)**. To qualify as a parent-instructor, you must order a PTDE Program Guide from TDLR, be the teen''s parent, stepparent, legal guardian, grandparent, or court-appointed managing conservator, hold a valid driver license for at least three years, and have no convictions for DWI or criminally negligent homicide in the prior three years. You then purchase a TDLR-approved PTDE course (there are several vendors) and teach the 32 hours of classroom material plus supervise the 14 hours of behind-the-wheel and observation time at home. PTDE is popular because it is flexible, lower cost, and lets families control the schedule.

### 2. Traditional Classroom (Licensed Driving School)
A TDLR-licensed commercial driving school delivers the classroom instruction in person and provides behind-the-wheel training with a state-licensed instructor in a properly equipped car. This pathway works well when parents prefer not to teach, when the teen learns better in a peer setting, or when the family wants in-car instruction from a professional from day one.

### 3. TDLR-Approved Online Course
The 32 hours of classroom content can be taken entirely online through a TDLR-approved provider. The behind-the-wheel portion still has to be done either with a parent (under PTDE rules) or with a licensed commercial driving school.

All three pathways teach the same state curriculum and end with the same outcome: a completion certificate that satisfies the DPS requirement.

## The Six-Hour Rule

Texas teens may apply for the learner license after completing the **first six hours of classroom instruction** (often called "Phase 1, Module 1"). You do not have to finish the full 32 hours before going to DPS. Your driver ed provider will issue an interim certificate documenting those first six hours.

## At the DPS Office

Make an appointment at your local DPS driver license office (walk-ins are usually slammed). Bring:

- Your driver ed six-hour completion certificate (or full DE-964 if you''ve finished)
- Proof of identity (certified birth certificate or U.S. passport)
- Proof of Social Security number
- Two documents proving Texas residency in the parent''s name
- Verification of Enrollment (VOE) from your school, dated within 30 days
- Your parent or guardian, who must sign in person
- Application fee (currently $16 for the learner license)

You''ll take the **written knowledge test** (covering signs and traffic laws) and a vision screening. Pass both, and DPS issues a paper learner license on the spot; the plastic card arrives by mail in a few weeks.

## What Comes Next

With your learner license in hand, the six-month clock starts. You must hold the learner license for **at least six months** (and be at least 16) before you can take the road test for a provisional license. During those six months, finish the rest of your driver ed, log your supervised practice hours, and prepare for the Impact Texas Teen Drivers video that you''ll need within 90 days of your skills test.', 45, 0
);
INSERT OR REPLACE INTO quiz (id, lessonId, title, passingScore, shuffleQuestions) VALUES (
  'quiz_tx_tx-how-to-get-a-permit', 'lesson_tx_tx-how-to-get-a-permit', 'Texas Learner License Pathways Quiz', 80, 1
);
INSERT OR REPLACE INTO quiz_question (id, quizId, prompt, choices, correctIndex, explanation, ordinal) VALUES (
  'q_tx_tx-how-to-get-a-permit_0', 'quiz_tx_tx-how-to-get-a-permit', 'What is the minimum age to apply for a Texas learner license?', '["14","15","16","17"]', 1, 'Texas allows teens to apply for a learner license at age 15, provided they have started a state-approved driver education program.', 0
);
INSERT OR REPLACE INTO quiz_question (id, quizId, prompt, choices, correctIndex, explanation, ordinal) VALUES (
  'q_tx_tx-how-to-get-a-permit_1', 'quiz_tx_tx-how-to-get-a-permit', 'Which Texas agency oversees Parent-Taught Driver Education (PTDE) and approves course providers?', '["Texas Department of Public Safety (DPS)","Texas Education Agency (TEA)","Texas Department of Licensing and Regulation (TDLR)","Texas Department of Motor Vehicles (TxDMV)"]', 2, 'TDLR administers and licenses driver education programs in Texas, including PTDE. DPS issues the actual driver license.', 1
);
INSERT OR REPLACE INTO quiz_question (id, quizId, prompt, choices, correctIndex, explanation, ordinal) VALUES (
  'q_tx_tx-how-to-get-a-permit_2', 'quiz_tx_tx-how-to-get-a-permit', 'After how many hours of classroom driver ed can a Texas teen apply for the learner license?', '["After all 32 hours are complete","After 6 hours","After 10 hours","After 16 hours"]', 1, 'Texas teens can apply for the learner license after completing the first 6 hours of classroom instruction; the remaining 26 hours can be finished while holding the permit.', 2
);
INSERT OR REPLACE INTO quiz_question (id, quizId, prompt, choices, correctIndex, explanation, ordinal) VALUES (
  'q_tx_tx-how-to-get-a-permit_3', 'quiz_tx_tx-how-to-get-a-permit', 'Which of the following is required documentation for an under-18 applicant at the DPS office?', '["A notarized letter from a neighbor","Verification of Enrollment (VOE) from the applicant''s school","A passport from a parent","A vehicle insurance binder in the teen''s name"]', 1, 'Applicants under 18 must present a current Verification of Enrollment (VOE), generally dated within 30 days, proving they are enrolled and attending school.', 3
);
INSERT OR REPLACE INTO quiz_question (id, quizId, prompt, choices, correctIndex, explanation, ordinal) VALUES (
  'q_tx_tx-how-to-get-a-permit_4', 'quiz_tx_tx-how-to-get-a-permit', 'To serve as the instructor under PTDE, a parent or guardian must have held a valid driver license for at least how many years?', '["1 year","2 years","3 years","5 years"]', 2, 'TDLR requires the PTDE parent-instructor to have held a valid driver license for at least three years and to have no disqualifying convictions in that period.', 4
);
INSERT OR REPLACE INTO lesson (id, moduleId, slug, title, body, estimatedSeatMinutes, ordinal) VALUES (
  'lesson_tx_tx-gdl-daily-life', 'module_tx_overlay', 'tx-gdl-daily-life', 'Living With Texas GDL Restrictions: The First Year of Your Provisional License', '# Living With Texas GDL Restrictions

When a Texas teen passes the road test, DPS issues a **provisional driver license** — a real license, but one with extra rules attached for the first year (and until your 18th birthday). These rules are Texas''s version of a **Graduated Driver License (GDL)** program, and the restrictions exist because crash data consistently shows the first 6–12 months of solo driving are by far the highest-risk window of a person''s driving life. Understanding them is not just about avoiding tickets; it''s about not becoming a statistic.

## What the Provisional License Allows — and What It Doesn''t

A Texas provisional license looks and functions like a regular Class C license, except that two specific restrictions apply during the **first 12 months** after issuance:

### Passenger Restriction
You may not have **more than one passenger under age 21** in the vehicle at any time, unless those additional passengers are members of your immediate family. "Immediate family" means brothers, sisters, stepsiblings, and similar — not friends, cousins you grew up with, or your boyfriend''s little sister. The rule is strict: the moment a second non-family passenger under 21 gets in, you''re in violation, even on a short drive to a coffee shop.

**Real-life translation:** If you and three teammates need to get to a Friday night game, you can take one of them in your car. The other two need another ride. If you have two younger siblings and a friend, the friend can''t come.

### Nighttime Driving Restriction
You may not drive between **midnight and 5:00 a.m.** unless you''re driving:
- To or from work,
- To or from a school-related activity, or
- Because of a medical emergency.

This is one of the tightest windows in the country — many states'' curfews start at 10 or 11 p.m. — but it covers exactly the hours when fatigue, impairment, and crash risk peak. If you take a shift at a restaurant that ends at 1 a.m., you''re fine driving home. If you''re driving back from a friend''s house after a movie, you''re not — even if you''re three blocks away.

## The Cell Phone Rule (This One''s Strict)

Texas bans **all wireless communication device use** by drivers under 18, including hands-free systems, except in a true emergency. That means:

- No talking on the phone, even through Bluetooth.
- No texting, even at a stoplight.
- No navigating an app while in motion (set it before you put the car in drive).
- No music app interactions beyond starting a pre-loaded playlist.

The statewide texting-while-driving ban applies to drivers of every age, and handheld use in active school zones is illegal for everyone. For teens, though, the bar is much higher: any device interaction is a violation, regardless of how the device is held.

## Seat Belts and Passengers

Texas law requires every occupant of a moving vehicle to wear a seat belt, and as the driver, you''re legally responsible for passengers under 17 who aren''t buckled. Children under 8 (and under 4''9") must be in an appropriate child safety seat. If you''re driving younger siblings around, this is now your legal responsibility every trip.

## What Happens If You Violate a GDL Rule?

Violations of the passenger or nighttime restrictions are moving violations. Beyond the fine, they put a conviction on your record, which can trigger:

- A required driver safety course,
- License suspension (especially after a second offense),
- A skyrocketing insurance premium — teen insurance is already expensive; one ticket can double it,
- An extension of the restriction period in some cases.

DPS also runs a points system. Two moving violations in 12 months or three in 24 months triggers a surcharge, and license suspension can follow.

## When Does It All End?

The passenger and nighttime restrictions automatically lift on the **earlier of**: 12 months after the provisional license was issued, or your 18th birthday. The cell phone restriction lifts on your 18th birthday. Until then, the rules are the rules — even when they feel inconvenient. Plan rides ahead. Schedule late-night work shifts knowing the curfew. Tell friends up front you can only take one of them. The freedom of driving in Texas is real, but the first year is a probationary period in everything but name.', 40, 1
);
INSERT OR REPLACE INTO quiz (id, lessonId, title, passingScore, shuffleQuestions) VALUES (
  'quiz_tx_tx-gdl-daily-life', 'lesson_tx_tx-gdl-daily-life', 'Texas GDL Restrictions Quiz', 80, 1
);
INSERT OR REPLACE INTO quiz_question (id, quizId, prompt, choices, correctIndex, explanation, ordinal) VALUES (
  'q_tx_tx-gdl-daily-life_0', 'quiz_tx_tx-gdl-daily-life', 'During the first 12 months of a Texas provisional license, what is the passenger restriction for drivers under 18?', '["No passengers under 18 allowed at all","No more than one passenger under 21 (unless they are immediate family)","Unlimited passengers as long as one is over 21","No passengers between midnight and 5 a.m."]', 1, 'Texas limits provisional drivers to one passenger under 21 in the vehicle during the first 12 months, with an exception for immediate family members.', 0
);
INSERT OR REPLACE INTO quiz_question (id, quizId, prompt, choices, correctIndex, explanation, ordinal) VALUES (
  'q_tx_tx-gdl-daily-life_1', 'quiz_tx_tx-gdl-daily-life', 'What is the nighttime driving curfew for a Texas provisional license holder?', '["10 p.m. to 6 a.m.","11 p.m. to 5 a.m.","Midnight to 5 a.m.","Midnight to 6 a.m."]', 2, 'Texas provisional drivers under 18 may not drive between midnight and 5 a.m. unless for work, a school activity, or a medical emergency.', 1
);
INSERT OR REPLACE INTO quiz_question (id, quizId, prompt, choices, correctIndex, explanation, ordinal) VALUES (
  'q_tx_tx-gdl-daily-life_2', 'quiz_tx_tx-gdl-daily-life', 'Which cell phone use is permitted for a 17-year-old Texas driver?', '["Hands-free Bluetooth calls","Texting only when stopped at a red light","Use only in a genuine emergency","Music apps controlled by voice"]', 2, 'Drivers under 18 in Texas may not use any wireless communication device while driving — including hands-free — except in a genuine emergency.', 2
);
INSERT OR REPLACE INTO quiz_question (id, quizId, prompt, choices, correctIndex, explanation, ordinal) VALUES (
  'q_tx_tx-gdl-daily-life_3', 'quiz_tx_tx-gdl-daily-life', 'A 16-year-old with a provisional license is heading home from a late shift at a restaurant that ended at 12:45 a.m. Is this allowed?', '["No, all driving between midnight and 5 a.m. is prohibited","Yes, driving to or from work is an allowed exception","Only if a parent is in the car","Only if the route is under 5 miles"]', 1, 'Driving to or from employment is one of the three explicit exceptions to the midnight–5 a.m. nighttime restriction.', 3
);
INSERT OR REPLACE INTO quiz_question (id, quizId, prompt, choices, correctIndex, explanation, ordinal) VALUES (
  'q_tx_tx-gdl-daily-life_4', 'quiz_tx_tx-gdl-daily-life', 'When do the Texas provisional license passenger and nighttime restrictions automatically end?', '["After 6 months","On the earlier of 12 months from issuance or the driver''s 18th birthday","Only on the driver''s 18th birthday","After completing an additional driving course"]', 1, 'The restrictions lift on the earlier of 12 months after the provisional license was issued or the driver''s 18th birthday.', 4
);
INSERT OR REPLACE INTO lesson (id, moduleId, slug, title, body, estimatedSeatMinutes, ordinal) VALUES (
  'lesson_tx_tx-ittd-and-quirks', 'module_tx_overlay', 'tx-ittd-and-quirks', 'Texas Quirks: Impact Texas Teen Drivers (ITTD), Move Over, and Other Lone Star Rules', '# Texas Quirks: ITTD, Move Over, and Other Lone Star Rules

Every state has its own driving culture and a handful of laws that catch out-of-staters by surprise. Texas is no exception. This lesson covers the rules that are unique — or unusually emphasized — in Texas and that you''ll be tested on, ticketed for, or simply expected to know.

## Impact Texas Teen Drivers (ITTD)

Probably the single most distinctive Texas requirement is the **Impact Texas Teen Drivers** program, often shortened to ITTD. It''s a free, two-hour video produced by DPS that uses real footage and survivor stories from Texas crashes involving teen drivers. Topics include distracted driving, impairment, speed, and seat-belt use.

**The key rule: every Texas applicant under 18 must complete ITTD within 90 days before taking the driving skills test.** If you watched it 91 days before your test, it''s expired and you''ll have to watch it again. DPS examiners will check for the completion certificate before they administer your skills test — show up without it and you''ll be sent home.

Applicants who are 18–24 must complete a similar program called **Impact Texas Young Drivers (ITYD)**, which is shorter but works the same way: complete it within 90 days of the skills test. (The whole umbrella program is called **Impact Texas Drivers, or ITD**.)

The video is free at impacttexasdrivers.dps.texas.gov. Treat it as a checklist item, but actually watch it — the content is genuinely sobering and is some of the most effective driver-safety material the state produces.

## The Move Over / Slow Down Law

Texas''s **Move Over law** requires drivers approaching a stopped emergency vehicle, tow truck, TxDOT vehicle, or utility service vehicle with activated lights to either:

- **Move over** one lane away from the stopped vehicle, or
- **Slow down** to 20 mph below the posted speed limit (or to 5 mph if the limit is 25 mph or less).

This applies on highways, surface streets, and frontage roads. Texas has aggressively expanded this law over the years — it now covers tow trucks and even sanitation vehicles — because roadside fatalities for first responders have been climbing. Violations carry fines that escalate sharply if anyone is injured.

## Frontage Roads, Texas U-Turns, and the Two-Way/One-Way Question

Texas highways famously feature **frontage roads** (sometimes called "access roads" or "feeders") parallel to interstates. In urban areas, most are **one-way** in the direction of highway traffic; in rural areas, many are **two-way**. The sign at the entrance ramp tells you which. Driving the wrong way on a one-way frontage road is one of the most common — and most dangerous — out-of-state-driver mistakes in Texas.

The **"Texas U-turn"** is a free left turn lane that bridges over or under the highway, letting frontage-road drivers reverse direction without a traffic light. They''re convenient but require you to yield to traffic coming off the highway exit ramp.

## Open Container — Even For Passengers

Texas''s open container law prohibits any open container of alcohol in the **passenger area** of a vehicle on a public highway, whether the vehicle is moving or parked. Unlike some states, the rule applies to passengers as well as the driver. For a teen driver, the consequences of being pulled over with an open container — even one belonging to a passenger — can include a DUI charge under Texas''s **zero-tolerance law for minors**, which forbids any detectable alcohol in a driver under 21.

## Driver Responsibility Surcharges and Failure to Maintain Financial Responsibility

Driving without liability insurance in Texas is a **Failure to Maintain Financial Responsibility** offense and carries fines starting around $175–$350 for a first offense and escalating after that, plus the possibility of license and registration suspension. Texas requires a minimum **30/60/25** liability policy (30,000 per person bodily injury, 60,000 per crash, 25,000 property damage). Always keep proof of insurance accessible — many Texans use the digital insurance card on their phone, which is legally accepted.

## School Buses and Stopped-Bus Rules

When a school bus stops with its red lights flashing and the stop arm extended, you must stop — **from both directions** on undivided roads. The only exception is on a divided highway where a physical barrier or median separates oncoming traffic; in that case, only vehicles traveling in the same direction as the bus must stop. Penalties in Texas are severe: fines up to $1,250 for a first offense.

## The Practical Takeaway

Texas''s distinctive rules cluster around three themes: protecting teen drivers from themselves (ITTD, GDL), protecting roadside workers and school children (Move Over, school bus rules), and the unusual road geometry of Texas highways (frontage roads, Texas U-turns). Knowing them isn''t just about passing the test — it''s about driving safely in a state with the most highway miles in the country.', 35, 2
);
INSERT OR REPLACE INTO quiz (id, lessonId, title, passingScore, shuffleQuestions) VALUES (
  'quiz_tx_tx-ittd-and-quirks', 'lesson_tx_tx-ittd-and-quirks', 'Texas Quirks and ITTD Quiz', 80, 1
);
INSERT OR REPLACE INTO quiz_question (id, quizId, prompt, choices, correctIndex, explanation, ordinal) VALUES (
  'q_tx_tx-ittd-and-quirks_0', 'quiz_tx_tx-ittd-and-quirks', 'How close to a teen''s driving skills test must the Impact Texas Teen Drivers (ITTD) video be completed?', '["Within 30 days before the test","Within 90 days before the test","Within 6 months before the test","Any time before the test, with no expiration"]', 1, 'ITTD completion is valid for 90 days. If you took it more than 90 days before your skills test, you''ll need to retake it.', 0
);
INSERT OR REPLACE INTO quiz_question (id, quizId, prompt, choices, correctIndex, explanation, ordinal) VALUES (
  'q_tx_tx-ittd-and-quirks_1', 'quiz_tx_tx-ittd-and-quirks', 'Under Texas''s Move Over law, what must a driver do when approaching a stopped emergency or TxDOT vehicle with lights flashing on a 65 mph highway?', '["Stop completely until the vehicle moves","Move over one lane OR slow down to 45 mph","Honk twice to acknowledge the vehicle","Move over one lane only — slowing down is not an option"]', 1, 'On a 65 mph road, drivers must move over one lane away from the stopped vehicle or slow down to 20 mph below the limit (45 mph).', 1
);
INSERT OR REPLACE INTO quiz_question (id, quizId, prompt, choices, correctIndex, explanation, ordinal) VALUES (
  'q_tx_tx-ittd-and-quirks_2', 'quiz_tx_tx-ittd-and-quirks', 'What is Texas''s minimum required liability insurance coverage (30/60/25)?', '["$30,000 / $60,000 / $25,000","$30,000 / $60,000 / $25,000 per year","$3,000 / $6,000 / $2,500 per claim","$60,000 per person, $30,000 per accident, $25,000 property"]', 0, 'Texas requires 30/60/25 coverage: $30,000 bodily injury per person, $60,000 per accident, and $25,000 property damage.', 2
);
INSERT OR REPLACE INTO quiz_question (id, quizId, prompt, choices, correctIndex, explanation, ordinal) VALUES (
  'q_tx_tx-ittd-and-quirks_3', 'quiz_tx_tx-ittd-and-quirks', 'On a four-lane undivided road in Texas, a school bus stops with its red lights flashing and stop arm out. Who must stop?', '["Only vehicles traveling in the same direction as the bus","Only vehicles in the lane directly next to the bus","Drivers from both directions","Only vehicles within 50 feet of the bus"]', 2, 'On an undivided road, Texas law requires drivers from both directions to stop. Only a physical barrier or median between lanes exempts oncoming traffic.', 3
);
INSERT OR REPLACE INTO quiz_question (id, quizId, prompt, choices, correctIndex, explanation, ordinal) VALUES (
  'q_tx_tx-ittd-and-quirks_4', 'quiz_tx_tx-ittd-and-quirks', 'Under Texas''s zero-tolerance law for minors, what blood alcohol level is permitted for a driver under 21?', '["0.08% — same as adults","0.04%","0.02%","Any detectable amount is a violation"]', 3, 'Texas has zero tolerance: any detectable amount of alcohol in a driver under 21 is a violation, regardless of impairment level.', 4
);

-- Utah (UT)
INSERT OR REPLACE INTO rule_pack (id, jurisdiction, slug, name, maturity, createdAt) VALUES (
  'rp_ut_teen', 'US-UT', 'ut-teen', 'Utah Teen Driver Education', 'level1', unixepoch('now')*1000
);
INSERT OR REPLACE INTO rule_pack_version (id, rulePackId, version, definition, publishedAt, notes, createdAt) VALUES (
  'rpv_ut_teen_1_0_0', 'rp_ut_teen', '1.0.0', '{"credentials":[{"key":"permit_eligibility","label":"Learner Permit","deliveryMode":"manual"}],"requirements":[{"key":"classroom_hours","label":"Classroom hours","target":30,"unit":"hour"},{"key":"btw_hours","label":"Behind-the-wheel hours","target":6,"unit":"hour"},{"key":"supervised_practice_hours","label":"Supervised practice (parent log)","target":40,"unit":"hour"}],"rules":[{"key":"unlock_permit_eligibility","trigger":"enrollment.state_changed","conditions":{"jurisdiction":"US-UT","minPermitAge":15,"classroomHoursCompleted":{"gte":30}},"actions":[{"type":"unlock_credential","credential":"permit_eligibility"},{"type":"set_journey_state","value":"permit_eligible"}]}],"facts":{"agencyName":"Utah Driver License Division (DLD)","minPermitAge":15,"minLicenseAge":16,"minPermitDurationMonths":6,"nighttimeRestriction":"For the first six months after licensing, drivers under 18 may not drive between midnight and 5:00 a.m. unless accompanied by a licensed parent/guardian or for an exempt purpose (employment, school activity, medical emergency, religious activity).","passengerRestriction":"For the first six months after licensing, drivers under 18 may not transport any passenger under 21 who is not an immediate family member, unless accompanied by a licensed driver 21+ in the front seat.","cellPhoneRule":"Handheld cell phone use (manipulating a phone, texting, dialing, browsing) while driving is prohibited for all drivers. Drivers under 18 may not use a wireless communication device at all while driving except to report an emergency.","notes":"Utah requires teens (under 18) to complete a state-approved driver education course consisting of 30 hours of classroom instruction, 6 hours of behind-the-wheel training with a certified instructor, and 6 hours of in-car observation. In addition, the teen must log 40 hours of supervised practice driving (10 of which must be at night) with a licensed driver age 21+. The learner permit must be held for at least 6 months before a license can be issued, and the teen must be 16. Utah uses a paper Driving Privilege Card / certificate of completion that the student presents at the DLD office; there is no statewide electronic completion API for private driver ed schools, so completion is recorded on form DLD-41 (Driver Education Certificate) signed by the school.","needsReview":["Confirm exact required observation hours (commonly 6) vs behind-the-wheel hours","Confirm current DLD completion form number (DLD-41) is still in use in 2026","Verify whether Utah has moved any portion of driver-ed reporting to an electronic submission portal","Verify exact wording of the nighttime curfew exemptions in current Utah Code 53-3-211"]}}', unixepoch('now')*1000, 'Generated; school must review and tweak.', unixepoch('now')*1000
);
INSERT OR REPLACE INTO content_pack (id, slug, name, scope, jurisdiction, description, createdAt) VALUES (
  'cp_ut_teen_overlay', 'ut-teen-overlay', 'Utah Teen Overlay', 'state', 'US-UT', 'Utah-specific supplement covering how to earn a Utah learner permit, the Graduated Driver License (GDL) restrictions that apply during the first six months of licensure, and quirks of Utah traffic law that out-of-state curricula typically miss.', unixepoch('now')*1000
);
INSERT OR REPLACE INTO content_pack_version (id, contentPackId, version, notes, publishedAt, createdAt) VALUES (
  'cpv_ut_teen_overlay_1_0_0', 'cp_ut_teen_overlay', '1.0.0', 'Generated by per-state agent; human review required before publishing.', unixepoch('now')*1000, unixepoch('now')*1000
);
INSERT OR REPLACE INTO course (id, contentPackVersionId, slug, title, description, ordinal) VALUES (
  'course_ut_overlay', 'cpv_ut_teen_overlay_1_0_0', 'ut-overlay', 'Utah Teen Driver Overlay', 'Utah-specific supplement covering how to earn a Utah learner permit, the Graduated Driver License (GDL) restrictions that apply during the first six months of licensure, and quirks of Utah traffic law that out-of-state curricula typically miss.', 0
);
INSERT OR REPLACE INTO module (id, courseId, slug, title, description, ordinal) VALUES (
  'module_ut_overlay', 'course_ut_overlay', 'ut-teen-overlay', 'Utah Teen Driver Overlay', 'Utah-specific supplement covering how to earn a Utah learner permit, the Graduated Driver License (GDL) restrictions that apply during the first six months of licensure, and quirks of Utah traffic law that out-of-state curricula typically miss.', 0
);
INSERT OR REPLACE INTO lesson (id, moduleId, slug, title, body, estimatedSeatMinutes, ordinal) VALUES (
  'lesson_ut_how-to-get-a-utah-learner-permit', 'module_ut_overlay', 'how-to-get-a-utah-learner-permit', 'How to Get a Utah Learner Permit', '# How to Get a Utah Learner Permit

In Utah, the **learner permit** is the first credential on the road to a full driver license. It is issued by the **Utah Driver License Division (DLD)**, which is part of the Department of Public Safety. This lesson walks you through exactly what you need, in the order you will need it.

## Step 1: Meet the age requirement

You must be **at least 15 years old** to apply for a Utah learner permit. There is no upper age limit, but the driver-education requirements described below apply to anyone under 18.

## Step 2: Enroll in (or begin) driver education

Utah law requires teens under 18 to complete a state-approved driver education program before licensing. The program has three components:

- **30 hours of classroom instruction** (may be delivered online if the provider is approved).
- **6 hours of behind-the-wheel (BTW) training** with a certified instructor in a properly marked driver-ed vehicle.
- **6 hours of in-car observation** while another student drives.

You do **not** have to finish the entire course before getting your permit — but you must be actively enrolled, and you must complete the course before you can take the road test for your license.

## Step 3: Gather your documents

When you visit the DLD office, bring originals (no photocopies) of:

1. **Proof of identity** — certified birth certificate or valid U.S. passport.
2. **Proof of Social Security number** — Social Security card, W-2, or pay stub showing the full SSN.
3. **Two proofs of Utah residency** — examples include a utility bill, bank statement, school enrollment record, or a parent''s documents paired with a parental affidavit.
4. **Parent or legal guardian** — must accompany you to sign the application. Utah requires a parent or guardian signature for anyone under 18.

## Step 4: Pass the knowledge test and vision screening

At the DLD office you will take:

- A **vision screening** (20/40 in at least one eye, with or without correction).
- A **25-question written knowledge test** based on the Utah Driver Handbook. You must answer at least 20 correctly (80%) to pass. The test is offered in English and Spanish.

If you fail, you may retake the test, but you must wait until the next business day and pay the testing fee again.

## Step 5: Pay the fee and receive your permit

The learner permit fee is currently **$19**. You will receive a paper interim permit and a permanent card by mail within a few weeks.

## Step 6: Hold the permit for at least 6 months

Once issued, you must hold the permit for a minimum of **6 months** before applying for a license, and during that time you must log **40 hours of supervised practice driving** — at least **10 of those hours at night**. A parent, guardian, or licensed adult 21 or older must be in the front passenger seat any time you drive.

Keep your practice log (Form DLD-15) signed and ready; the DLD will ask to see it at the road test.', 35, 0
);
INSERT OR REPLACE INTO quiz (id, lessonId, title, passingScore, shuffleQuestions) VALUES (
  'quiz_ut_how-to-get-a-utah-learner-permit', 'lesson_ut_how-to-get-a-utah-learner-permit', 'Utah Learner Permit Quiz', 80, 1
);
INSERT OR REPLACE INTO quiz_question (id, quizId, prompt, choices, correctIndex, explanation, ordinal) VALUES (
  'q_ut_how-to-get-a-utah-learner-permit_0', 'quiz_ut_how-to-get-a-utah-learner-permit', 'What is the minimum age to apply for a Utah learner permit?', '["14","15","16","17"]', 1, 'Utah allows residents to apply for a learner permit beginning at age 15.', 0
);
INSERT OR REPLACE INTO quiz_question (id, quizId, prompt, choices, correctIndex, explanation, ordinal) VALUES (
  'q_ut_how-to-get-a-utah-learner-permit_1', 'quiz_ut_how-to-get-a-utah-learner-permit', 'How long must a teen hold a Utah learner permit before applying for a driver license?', '["3 months","6 months","9 months","12 months"]', 1, 'Utah requires a minimum 6-month permit holding period for teens under 18.', 1
);
INSERT OR REPLACE INTO quiz_question (id, quizId, prompt, choices, correctIndex, explanation, ordinal) VALUES (
  'q_ut_how-to-get-a-utah-learner-permit_2', 'quiz_ut_how-to-get-a-utah-learner-permit', 'How many hours of supervised practice driving must a Utah teen log before licensing, and how many must be at night?', '["20 total, 5 at night","30 total, 8 at night","40 total, 10 at night","50 total, 12 at night"]', 2, 'Utah requires 40 hours of supervised practice, including at least 10 hours of nighttime driving.', 2
);
INSERT OR REPLACE INTO quiz_question (id, quizId, prompt, choices, correctIndex, explanation, ordinal) VALUES (
  'q_ut_how-to-get-a-utah-learner-permit_3', 'quiz_ut_how-to-get-a-utah-learner-permit', 'Which of the following is NOT required at the DLD office when applying for a learner permit?', '["Parent or guardian signature","Vision screening","Behind-the-wheel road test","Proof of Utah residency"]', 2, 'The road (skills) test is required for the license, not for the learner permit. Only the written knowledge and vision tests are taken at the permit stage.', 3
);
INSERT OR REPLACE INTO quiz_question (id, quizId, prompt, choices, correctIndex, explanation, ordinal) VALUES (
  'q_ut_how-to-get-a-utah-learner-permit_4', 'quiz_ut_how-to-get-a-utah-learner-permit', 'What passing score is required on the Utah written knowledge test?', '["70%","75%","80%","85%"]', 2, 'You must answer at least 20 of 25 questions correctly — an 80% passing score — to pass the Utah written test.', 4
);
INSERT OR REPLACE INTO lesson (id, moduleId, slug, title, body, estimatedSeatMinutes, ordinal) VALUES (
  'lesson_ut_utah-gdl-restrictions-daily-life', 'module_ut_overlay', 'utah-gdl-restrictions-daily-life', 'Utah GDL Restrictions in Daily Life', '# Utah GDL Restrictions in Daily Life

Utah uses a **Graduated Driver Licensing (GDL)** system that gives new teen drivers experience in low-risk situations before granting full driving privileges. Even after you pass the road test and earn your license, you live under **GDL restrictions for the first six months** — and breaking them can cost you your license. This lesson translates the rules into the situations you will actually face.

## Restriction 1: The midnight–5 a.m. curfew

For the first six months after you are licensed (and until you turn 18, whichever comes first), you may not drive between **midnight and 5:00 a.m.** unless you are:

- Accompanied by a licensed parent or guardian, **or**
- Driving to or from **work** (carry a pay stub or employer note), **or**
- Driving to or from a **school-sanctioned activity**, **or**
- Responding to a **medical emergency**, **or**
- Driving to or from a **religious activity**.

Practical translation: if your shift at the restaurant ends at 11:45 p.m., you are fine. If you stay out for a 1 a.m. milkshake afterward, you are now violating the curfew and a citation will go on your record.

## Restriction 2: The passenger limit

For the **first six months** of being licensed, you may not transport **any passenger under age 21 who is not an immediate family member**. Immediate family means a brother, sister, stepsibling, or any child of your parent or legal guardian.

Practical translation:

- Driving your younger brother to soccer practice? **Allowed.**
- Driving your best friend, your cousin, and your boyfriend to a movie? **Not allowed.**
- Driving one teammate home from practice? **Not allowed**, unless a licensed adult 21+ is in the front seat.

The rule applies regardless of who owns the car or who is paying for gas.

## Restriction 3: Cell phones and wireless devices

Utah law is stricter for teens than for adults. Drivers under 18 may **not use a wireless communication device at all** while driving, except to report a safety emergency. That includes hands-free Bluetooth calls, navigation tap-throughs, and music app changes. Mount your phone, pick your playlist before you put the car in drive, and let calls go to voicemail.

For all drivers (any age), Utah''s distracted-driving law prohibits *manipulating* a handheld device — texting, dialing, browsing, emailing, accessing the internet, or watching video. A first offense is up to **$100**; a crash involving a handheld violation can be charged as a class C misdemeanor.

## Restriction 4: Seat belts — everyone, every seat

Utah is a **primary enforcement** state for seat belts. The driver is responsible for ensuring every passenger under 19 is buckled in. Children under 8 (and under 57 inches tall) must be in an appropriate child-restraint seat.

## What happens if you break a GDL rule?

A GDL violation is a moving violation. The DLD can extend your restriction period, suspend your license, or require you to repeat driver education. A second violation within the first six months almost always results in suspension.

The GDL period is short. Treat it as the final exam of driver ed — your habits during these six months become the driver you are for life.', 30, 1
);
INSERT OR REPLACE INTO quiz (id, lessonId, title, passingScore, shuffleQuestions) VALUES (
  'quiz_ut_utah-gdl-restrictions-daily-life', 'lesson_ut_utah-gdl-restrictions-daily-life', 'Utah GDL Restrictions Quiz', 80, 1
);
INSERT OR REPLACE INTO quiz_question (id, quizId, prompt, choices, correctIndex, explanation, ordinal) VALUES (
  'q_ut_utah-gdl-restrictions-daily-life_0', 'quiz_ut_utah-gdl-restrictions-daily-life', 'During the first six months after licensing, when may a Utah teen driver NOT drive without a licensed parent or qualifying exemption?', '["10 p.m. to 5 a.m.","11 p.m. to 6 a.m.","Midnight to 5 a.m.","Midnight to 6 a.m."]', 2, 'Utah''s teen curfew runs from midnight to 5:00 a.m. for the first six months of licensure.', 0
);
INSERT OR REPLACE INTO quiz_question (id, quizId, prompt, choices, correctIndex, explanation, ordinal) VALUES (
  'q_ut_utah-gdl-restrictions-daily-life_1', 'quiz_ut_utah-gdl-restrictions-daily-life', 'Which passenger can a newly licensed Utah teen always legally drive during the first six months?', '["A 17-year-old best friend","A 16-year-old teammate","An 18-year-old cousin","A 14-year-old sibling"]', 3, 'Immediate family members (siblings, stepsiblings, children of a parent or guardian) are exempt from the passenger restriction.', 1
);
INSERT OR REPLACE INTO quiz_question (id, quizId, prompt, choices, correctIndex, explanation, ordinal) VALUES (
  'q_ut_utah-gdl-restrictions-daily-life_2', 'quiz_ut_utah-gdl-restrictions-daily-life', 'Which exemption allows a Utah teen to drive between midnight and 5 a.m. during the GDL period?', '["Driving home from a friend''s house","Driving to a late-night restaurant","Driving home from a paid work shift","Driving for fun with a sibling"]', 2, 'Driving to or from employment is one of the listed exemptions, along with school activities, religious activities, and medical emergencies.', 2
);
INSERT OR REPLACE INTO quiz_question (id, quizId, prompt, choices, correctIndex, explanation, ordinal) VALUES (
  'q_ut_utah-gdl-restrictions-daily-life_3', 'quiz_ut_utah-gdl-restrictions-daily-life', 'When may a Utah driver under 18 legally use a wireless communication device while driving?', '["Hands-free calls only","To change music","Only to report a safety emergency","When stopped at a red light"]', 2, 'Drivers under 18 in Utah may use a wireless device only to report a medical or safety emergency.', 3
);
INSERT OR REPLACE INTO quiz_question (id, quizId, prompt, choices, correctIndex, explanation, ordinal) VALUES (
  'q_ut_utah-gdl-restrictions-daily-life_4', 'quiz_ut_utah-gdl-restrictions-daily-life', 'Utah seat belt law is enforced as:', '["Secondary enforcement only","Primary enforcement — officers may stop you for a belt violation alone","Only for drivers under 19","Only for front-seat occupants"]', 1, 'Utah is a primary enforcement seat-belt state; an officer can pull you over for an unbuckled occupant with no other violation.', 4
);
INSERT OR REPLACE INTO lesson (id, moduleId, slug, title, body, estimatedSeatMinutes, ordinal) VALUES (
  'lesson_ut_utah-specific-rules-and-quirks', 'module_ut_overlay', 'utah-specific-rules-and-quirks', 'Utah-Specific Rules and Quirks', '# Utah-Specific Rules and Quirks

National driver-ed curricula cover the basics of stop signs, right-of-way, and freeway merging. But Utah has a handful of rules and conditions that catch out-of-state drivers — and new Utah teens — by surprise. This lesson covers them.

## 1. The ''Utah Left'' is illegal — but turning on a steady red after a left-turn-only red arrow is sometimes allowed

Utah allows a **left turn on red from a one-way street onto another one-way street** after stopping, when no sign prohibits it. Right turns on red are also permitted after a full stop, unless posted otherwise. What is **not** allowed is the ''Utah Left'' — a U-turn from a center turn lane to avoid a no-left-turn restriction. Use the next protected intersection instead.

## 2. .00 BAC for drivers under 21 — and Utah''s adult limit is .05

Utah was the first state to lower the adult per-se DUI limit to **.05 BAC** (most states are .08). For drivers under 21, the legal limit is effectively **zero** under Utah''s ''Not-A-Drop'' law. Any measurable alcohol can trigger an automatic license suspension of at least six months for a first offense, plus mandatory ignition interlock when reinstated.

## 3. Cannabis and prescription medications

Utah has a limited medical cannabis program, but driving under the influence of cannabis — including any detectable THC metabolite — is a DUI. Many common prescription medications (opioids, benzodiazepines, certain ADHD stimulants, some antihistamines) can also support a DUI charge. If a label says ''may cause drowsiness,'' do not drive until you know how it affects you.

## 4. Snow, ice, and the ''Cottonwoods''

If you drive in the Wasatch Front, you will encounter winter conditions for roughly five months a year. Specific Utah quirks:

- **Tire-traction law in the canyons.** From November 1 through April 30, vehicles entering Little Cottonwood and Big Cottonwood Canyons (SR-210 and SR-190) may be required to have **snow tires, all-season M+S tires, or chains**. UDOT posts the requirement on variable message signs and enforces it with fines up to $750 if you cause a road closure.
- **Black ice on shaded curves.** Bridges, overpasses, and north-facing curves stay icy long after the rest of the road is dry. Slow down well before the curve, not in it.
- **Inversion days.** The valley''s winter air-quality inversions cut visibility and irritate eyes; turn on headlights even at midday and increase following distance.

## 5. Move-Over Law

Utah''s Move-Over law requires drivers to move over one lane (or slow down significantly if moving over is unsafe) when approaching **any stopped vehicle with flashing lights** — police, fire, EMS, tow trucks, UDOT vehicles, and even ordinary motorists using hazard flashers on the shoulder.

## 6. School buses and flashing red lights

On a two-lane road, traffic in **both directions** must stop for a school bus displaying flashing red lights and an extended stop arm. On a divided highway with a physical median or barrier, only traffic traveling in the **same direction** as the bus must stop.

## 7. Headlights: when the wipers are on

Utah requires headlights when visibility is less than 1,000 feet, between sunset and sunrise, and **any time windshield wipers are in continuous use** due to weather. Daytime running lights do not satisfy this rule — your taillights must also be on.

## 8. Vehicle registration and proof of insurance

Utah requires **liability insurance** ($25,000 / $65,000 / $15,000 minimums) and **personal injury protection** ($3,000 minimum). Proof of insurance can be presented electronically (a phone screen is acceptable) at a traffic stop. Driving without insurance is a class B misdemeanor and triggers an immediate license suspension.', 30, 2
);
INSERT OR REPLACE INTO quiz (id, lessonId, title, passingScore, shuffleQuestions) VALUES (
  'quiz_ut_utah-specific-rules-and-quirks', 'lesson_ut_utah-specific-rules-and-quirks', 'Utah-Specific Rules Quiz', 80, 1
);
INSERT OR REPLACE INTO quiz_question (id, quizId, prompt, choices, correctIndex, explanation, ordinal) VALUES (
  'q_ut_utah-specific-rules-and-quirks_0', 'quiz_ut_utah-specific-rules-and-quirks', 'What is the adult per-se DUI blood alcohol limit in Utah?', '[".02",".05",".08",".10"]', 1, 'Utah lowered its adult per-se DUI limit to .05 BAC — the strictest in the nation.', 0
);
INSERT OR REPLACE INTO quiz_question (id, quizId, prompt, choices, correctIndex, explanation, ordinal) VALUES (
  'q_ut_utah-specific-rules-and-quirks_1', 'quiz_ut_utah-specific-rules-and-quirks', 'When must you turn on your headlights in Utah?', '["Only at night","Only in heavy snow","Anytime your windshield wipers are in continuous use","Only when visibility is under 500 feet"]', 2, 'Utah''s ''wipers on, lights on'' rule requires headlights any time wipers are in continuous use due to weather.', 1
);
INSERT OR REPLACE INTO quiz_question (id, quizId, prompt, choices, correctIndex, explanation, ordinal) VALUES (
  'q_ut_utah-specific-rules-and-quirks_2', 'quiz_ut_utah-specific-rules-and-quirks', 'On a two-lane road in Utah, who must stop when a school bus displays flashing red lights and extends its stop arm?', '["Only traffic behind the bus","Only traffic in the oncoming lane","Traffic in both directions","Only school zone traffic"]', 2, 'On an undivided road, traffic in both directions must stop. Only a physical median exempts oncoming traffic.', 2
);
INSERT OR REPLACE INTO quiz_question (id, quizId, prompt, choices, correctIndex, explanation, ordinal) VALUES (
  'q_ut_utah-specific-rules-and-quirks_3', 'quiz_ut_utah-specific-rules-and-quirks', 'Utah''s Move-Over law requires you to change lanes or slow down for which of the following?', '["Only police vehicles with lights on","Only fire and EMS vehicles","Any stopped vehicle displaying flashing lights, including tow trucks and motorists with hazards","Only UDOT maintenance vehicles"]', 2, 'Utah''s Move-Over law applies to any stopped vehicle with flashing lights — emergency, tow, UDOT, and even ordinary motorists using hazards on the shoulder.', 3
);
INSERT OR REPLACE INTO quiz_question (id, quizId, prompt, choices, correctIndex, explanation, ordinal) VALUES (
  'q_ut_utah-specific-rules-and-quirks_4', 'quiz_ut_utah-specific-rules-and-quirks', 'During winter months in Little Cottonwood and Big Cottonwood Canyons, UDOT may require:', '["Studded tires only","Snow tires, all-season M+S tires, or chains","All-wheel drive only","Chains on all four tires"]', 1, 'The canyon traction law (Nov 1–Apr 30) requires snow tires, all-season M+S rated tires, or chains when posted.', 4
);

-- Virginia (VA)
INSERT OR REPLACE INTO rule_pack (id, jurisdiction, slug, name, maturity, createdAt) VALUES (
  'rp_va_teen', 'US-VA', 'va-teen', 'Virginia Teen Driver Education', 'level1', unixepoch('now')*1000
);
INSERT OR REPLACE INTO rule_pack_version (id, rulePackId, version, definition, publishedAt, notes, createdAt) VALUES (
  'rpv_va_teen_1_0_0', 'rp_va_teen', '1.0.0', '{"credentials":[{"key":"permit_eligibility","label":"Learner''s Permit","deliveryMode":"manual"}],"requirements":[{"key":"classroom_hours","label":"Classroom hours","target":36,"unit":"hour"},{"key":"btw_hours","label":"Behind-the-wheel hours","target":14,"unit":"hour"},{"key":"supervised_practice_hours","label":"Supervised practice (parent log)","target":45,"unit":"hour"}],"rules":[{"key":"unlock_permit_eligibility","trigger":"enrollment.state_changed","conditions":{"jurisdiction":"US-VA","minPermitAge":15.5,"classroomHoursCompleted":{"gte":36}},"actions":[{"type":"unlock_credential","credential":"permit_eligibility"},{"type":"set_journey_state","value":"permit_eligible"}]}],"facts":{"agencyName":"Virginia Department of Motor Vehicles (DMV)","minPermitAge":15.5,"minLicenseAge":16.25,"minPermitDurationMonths":9,"nighttimeRestriction":"For the first year after licensure (or until age 18, whichever comes first), drivers under 18 may not drive between midnight and 4:00 a.m. except for limited reasons (driving to/from work, a school-sanctioned activity, a religious event, a medical emergency, or when accompanied by a licensed parent or guardian).","passengerRestriction":"During the first year of licensure, drivers under 18 may carry only one passenger under age 21 who is not a family member. After the first year and until age 18, no more than three passengers under age 21 who are not family members. Does not apply when a licensed parent/guardian or other licensed adult 21+ is in the front seat.","cellPhoneRule":"Drivers under 18 are prohibited from using any handheld personal communications device (including hands-free) while operating a motor vehicle. All Virginia drivers are banned from holding a handheld device while driving, and texting while driving is a primary offense for all drivers.","notes":"Virginia requires 45 hours of supervised practice driving (15 of which must be after sunset) logged by a parent or guardian on DMV Form DEC 1. Teens under 18 must hold the learner''s permit for at least 9 months before being eligible for a driver''s license. After completing driver education, teens under 18 typically receive their license via a juvenile court ceremony presided over by a judge. Virginia mandates a 36/90/14 driver education curriculum: 36 classroom periods (or equivalent), 90 minutes of parent/teen driving component, and 14 in-car periods (7 behind-the-wheel + 7 observation).","needsReview":["Exact minimum license age (commonly cited as 16 years and 3 months, expressed here as 16.25)","Whether ''manual'' is the correct delivery mode versus ''electronic_upload'' given recent DMV portal modernization","Current passenger restriction thresholds (one passenger under 21 first year, three thereafter) — confirm against latest Code of Virginia 46.2-334.01","Confirmation that the cell phone ban for under-18 drivers covers all hands-free use, not only handheld","Whether the 90-minute parent/teen component is still required as of current curriculum standards","Exact required nighttime practice hours within the 45-hour supervised practice (commonly 15)"]}}', unixepoch('now')*1000, 'Generated; school must review and tweak.', unixepoch('now')*1000
);
INSERT OR REPLACE INTO content_pack (id, slug, name, scope, jurisdiction, description, createdAt) VALUES (
  'cp_va_teen_overlay', 'va-teen-overlay', 'Virginia Teen Overlay', 'state', 'US-VA', 'Virginia-specific supplement covering the path to a Virginia learner''s permit, Graduated Driver Licensing (GDL) restrictions enforced by the Virginia DMV, and quirks unique to driving in the Commonwealth — from HOV lanes on I-66 and I-95 to the move-over law and the juvenile court license ceremony.', unixepoch('now')*1000
);
INSERT OR REPLACE INTO content_pack_version (id, contentPackId, version, notes, publishedAt, createdAt) VALUES (
  'cpv_va_teen_overlay_1_0_0', 'cp_va_teen_overlay', '1.0.0', 'Generated by per-state agent; human review required before publishing.', unixepoch('now')*1000, unixepoch('now')*1000
);
INSERT OR REPLACE INTO course (id, contentPackVersionId, slug, title, description, ordinal) VALUES (
  'course_va_overlay', 'cpv_va_teen_overlay_1_0_0', 'va-overlay', 'Virginia Teen Driver Overlay', 'Virginia-specific supplement covering the path to a Virginia learner''s permit, Graduated Driver Licensing (GDL) restrictions enforced by the Virginia DMV, and quirks unique to driving in the Commonwealth — from HOV lanes on I-66 and I-95 to the move-over law and the juvenile court license ceremony.', 0
);
INSERT OR REPLACE INTO module (id, courseId, slug, title, description, ordinal) VALUES (
  'module_va_overlay', 'course_va_overlay', 'va-teen-overlay', 'Virginia Teen Driver Overlay', 'Virginia-specific supplement covering the path to a Virginia learner''s permit, Graduated Driver Licensing (GDL) restrictions enforced by the Virginia DMV, and quirks unique to driving in the Commonwealth — from HOV lanes on I-66 and I-95 to the move-over law and the juvenile court license ceremony.', 0
);
INSERT OR REPLACE INTO lesson (id, moduleId, slug, title, body, estimatedSeatMinutes, ordinal) VALUES (
  'lesson_va_getting-your-virginia-learners-permit', 'module_va_overlay', 'getting-your-virginia-learners-permit', 'How to Get a Learner''s Permit in Virginia', '## The Virginia Path to a Learner''s Permit

In Virginia, the learner''s permit is your legal authorization to begin practicing on public roads with a licensed adult. The Virginia Department of Motor Vehicles (DMV) — not the courts or the school — issues the permit, and the requirements are codified in the Code of Virginia.

### Minimum Age and Who Must Sign

You may apply for a learner''s permit at **age 15 years and 6 months**. If you are under 18, a parent, legal guardian, foster parent, or grandparent (when the grandparent is the primary caregiver) must appear at the DMV with you and sign the application. This signature legally accepts responsibility for your driving until you turn 18 and can be withdrawn at any time — if it is withdrawn, your permit or license is canceled.

### Documents You Must Bring

Virginia requires you to prove four things at the counter:

1. **Identity** — typically a certified U.S. birth certificate or unexpired passport.
2. **Legal presence** — the identity document usually covers this.
3. **Social Security number** — your SSN card, W-2, or 1099.
4. **Two proofs of Virginia residency** — a utility bill, bank statement, school enrollment letter, or similar mail addressed to your home. If you live with a parent, the parent can use the *Proof of Residency* affidavit (DMV Form DL 5) and provide their own proofs.

All Virginia credentials default to **REAL ID** compliance only if you specifically request it and present the upgraded document set; otherwise you receive a standard credential marked "Not for federal identification."

### The Knowledge and Vision Tests

At the DMV office you will take:

- A **vision screening** (20/40 in at least one eye, with or without corrective lenses).
- A **two-part knowledge test**: a 10-question road signs portion (you must get all 10 right, with retakes allowed within the same visit) and a 25-question general knowledge portion (you must get at least 20 right). Both come from the *Virginia Driver''s Manual*, which is free online.

If you fail either portion, you must wait **15 days** before retesting.

### Fees and Processing

The permit fee is modest (currently around $3 per year of validity), and Virginia mails the physical permit to your home within about 10–15 business days. In the meantime you drive on a **paper interim permit** printed at the DMV office.

### Holding Period and What Comes Next

Once issued, you must hold the permit for **at least 9 months** before you are eligible for a driver''s license, and you must remain conviction-free of any traffic offense during that period — a single conviction can restart the 9-month clock. During the holding period you must:

- Always be accompanied by a licensed driver age 21 or older (or a licensed sibling, spouse, or stepsibling at least 18) seated in the front passenger seat.
- Carry no more than one passenger under age 21 who is not a family member.
- Complete a state-approved **driver education program** (36 classroom periods plus 14 in-car periods of 50 minutes each — 7 behind the wheel and 7 observation).
- Log **45 hours of supervised practice**, including at least 15 hours after sunset, on the DMV''s official **Form DEC 1**, signed by a parent or guardian.

When all requirements are met and you are at least **16 years and 3 months old**, you become eligible for the driver''s license — which in Virginia is typically presented at a **juvenile court license ceremony** rather than at the DMV counter.', 35, 0
);
INSERT OR REPLACE INTO quiz (id, lessonId, title, passingScore, shuffleQuestions) VALUES (
  'quiz_va_getting-your-virginia-learners-permit', 'lesson_va_getting-your-virginia-learners-permit', 'Virginia Learner''s Permit Knowledge Check', 80, 1
);
INSERT OR REPLACE INTO quiz_question (id, quizId, prompt, choices, correctIndex, explanation, ordinal) VALUES (
  'q_va_getting-your-virginia-learners-permit_0', 'quiz_va_getting-your-virginia-learners-permit', 'What is the minimum age to apply for a learner''s permit in Virginia?', '["15 years old","15 years and 6 months","16 years old","16 years and 3 months"]', 1, 'Virginia law sets the minimum learner''s permit age at 15 years and 6 months. A parent or guardian must co-sign the application for anyone under 18.', 0
);
INSERT OR REPLACE INTO quiz_question (id, quizId, prompt, choices, correctIndex, explanation, ordinal) VALUES (
  'q_va_getting-your-virginia-learners-permit_1', 'quiz_va_getting-your-virginia-learners-permit', 'How long must a teen hold a Virginia learner''s permit before becoming eligible for a driver''s license?', '["3 months","6 months","9 months","12 months"]', 2, 'The minimum holding period is 9 months and must be conviction-free. A traffic conviction during the holding period can reset the clock.', 1
);
INSERT OR REPLACE INTO quiz_question (id, quizId, prompt, choices, correctIndex, explanation, ordinal) VALUES (
  'q_va_getting-your-virginia-learners-permit_2', 'quiz_va_getting-your-virginia-learners-permit', 'How many hours of supervised behind-the-wheel practice must a teen log on Form DEC 1?', '["30 hours, with 5 at night","40 hours, with 10 at night","45 hours, with 15 after sunset","60 hours, with 20 at night"]', 2, 'Virginia requires 45 hours of parent-supervised practice driving, of which at least 15 must occur after sunset. The hours are logged on DMV Form DEC 1.', 2
);
INSERT OR REPLACE INTO quiz_question (id, quizId, prompt, choices, correctIndex, explanation, ordinal) VALUES (
  'q_va_getting-your-virginia-learners-permit_3', 'quiz_va_getting-your-virginia-learners-permit', 'Who may legally ride in the front passenger seat while a Virginia permit holder is driving?', '["Any licensed driver age 18 or older","A licensed driver age 21 or older (or a licensed sibling/spouse/stepsibling 18+)","Any adult, licensed or not","Only a certified driver education instructor"]', 1, 'Virginia requires the supervising driver in the front seat to be at least 21 and licensed, with a narrow family exception allowing licensed siblings, spouses, or stepsiblings age 18 or older.', 3
);
INSERT OR REPLACE INTO quiz_question (id, quizId, prompt, choices, correctIndex, explanation, ordinal) VALUES (
  'q_va_getting-your-virginia-learners-permit_4', 'quiz_va_getting-your-virginia-learners-permit', 'If you fail the Virginia knowledge test, how long must you wait before retesting?', '["Same day","7 days","15 days","30 days"]', 2, 'Virginia requires a 15-day waiting period between knowledge test attempts after a failure, to encourage real study from the Virginia Driver''s Manual.', 4
);
INSERT OR REPLACE INTO lesson (id, moduleId, slug, title, body, estimatedSeatMinutes, ordinal) VALUES (
  'lesson_va_virginia-gdl-restrictions-daily-life', 'module_va_overlay', 'virginia-gdl-restrictions-daily-life', 'Virginia GDL Restrictions in Daily Life', '## Living Inside Virginia''s Graduated Driver Licensing Rules

Getting your provisional license is exciting, but Virginia''s Graduated Driver Licensing (GDL) law keeps several restrictions in place until you turn 18. These rules are not formalities — police actively enforce them, and a conviction can extend the GDL period or push your license out further.

### The Midnight-to-4 a.m. Curfew

For the first year after you receive your driver''s license — or until you turn 18, whichever comes first — you may not drive between **midnight and 4:00 a.m.** This is a strict curfew with only a few narrow exceptions:

- Driving to or from a **lawful job**.
- Driving to or from a **school-sanctioned activity**.
- Driving to or from a **religious event**.
- Responding to an **emergency** (such as a family medical emergency).
- Driving when **accompanied by a licensed parent or legal guardian** in the front seat.

If you are pulled over after midnight, you should be prepared to explain — and ideally show proof of — which exception applies. A work schedule, a school event flyer, or a coach''s contact information saved on your phone can defuse the situation.

### The Passenger Limit

Virginia''s passenger restriction has two phases for drivers under 18:

- **First year of licensure:** No more than **one passenger under age 21** who is not a family member.
- **After the first year (until age 18):** No more than **three passengers under age 21** who are not family members.

The restriction does not apply when a licensed driver age 21 or older is sitting in the front passenger seat, or when you are driving to or from a school-sponsored activity. Family members — siblings, cousins, step-siblings — do not count toward the limit. A common trap: a quick stop to pick up a second friend on the way to a movie is a violation the moment that second friend closes the door.

### Cell Phones and Wireless Devices

Virginia is unusually strict on phones for young drivers. If you are **under 18**, you may not use **any wireless telecommunications device** while driving — and that includes hands-free mode, Bluetooth, and speakerphone. The only exceptions are reporting an emergency or being lawfully parked.

For **all Virginia drivers** (regardless of age):

- Holding a handheld personal communications device while driving is illegal.
- Texting while driving is a **primary offense** — police can pull you over for it alone.
- Using a handheld phone in a **highway work zone** carries enhanced penalties.

### Seat Belts and Passengers

In Virginia, the driver is responsible for ensuring **every passenger under 18** is properly restrained, regardless of seating position. This is a primary offense for the under-18 passenger rule. For drivers and front-seat passengers 18 and older, seat belt non-use is a secondary offense — but for a teen driver, the consequences (and parental fallout) of an unbelted friend are far steeper than the ticket.

### Consequences of Violations

A conviction for any GDL violation can:

- **Extend** the GDL restriction period.
- Require you to attend a **driver improvement clinic** at your expense.
- Trigger a **license suspension** under Virginia''s demerit point system, which is stricter for drivers under 18 (any conviction can result in suspension or required improvement training).
- Reset your 9-month conviction-free permit period if it happens before licensure.

The practical takeaway: during your first year of driving, treat the curfew, passenger limit, and phone ban as bright-line rules. There is no "just this once."', 30, 1
);
INSERT OR REPLACE INTO quiz (id, lessonId, title, passingScore, shuffleQuestions) VALUES (
  'quiz_va_virginia-gdl-restrictions-daily-life', 'lesson_va_virginia-gdl-restrictions-daily-life', 'Virginia GDL Daily-Life Knowledge Check', 80, 1
);
INSERT OR REPLACE INTO quiz_question (id, quizId, prompt, choices, correctIndex, explanation, ordinal) VALUES (
  'q_va_virginia-gdl-restrictions-daily-life_0', 'quiz_va_virginia-gdl-restrictions-daily-life', 'During the first year after licensure (or until age 18), Virginia drivers under 18 generally may not drive between which hours?', '["10:00 p.m. and 5:00 a.m.","11:00 p.m. and 5:00 a.m.","Midnight and 4:00 a.m.","Midnight and 6:00 a.m."]', 2, 'Virginia''s teen curfew runs from midnight to 4:00 a.m., with limited exceptions for work, school activities, religious events, emergencies, or when accompanied by a licensed parent or guardian.', 0
);
INSERT OR REPLACE INTO quiz_question (id, quizId, prompt, choices, correctIndex, explanation, ordinal) VALUES (
  'q_va_virginia-gdl-restrictions-daily-life_1', 'quiz_va_virginia-gdl-restrictions-daily-life', 'During the first year of licensure, how many non-family passengers under 21 may a Virginia driver under 18 carry?', '["Zero","One","Two","Three"]', 1, 'First-year teen drivers in Virginia are limited to one non-family passenger under age 21. After the first year (and still under 18), the limit rises to three.', 1
);
INSERT OR REPLACE INTO quiz_question (id, quizId, prompt, choices, correctIndex, explanation, ordinal) VALUES (
  'q_va_virginia-gdl-restrictions-daily-life_2', 'quiz_va_virginia-gdl-restrictions-daily-life', 'Which statement best describes Virginia''s cell phone law for drivers under 18?', '["They may use hands-free devices but not handheld phones.","They may use a phone only when the vehicle is moving under 25 mph.","They may not use any wireless telecommunications device while driving, including hands-free.","There is no specific restriction for under-18 drivers beyond the general handheld ban."]', 2, 'Virginia bans any use of a wireless telecommunications device by drivers under 18 — even hands-free — with exceptions only for emergencies or when lawfully parked.', 2
);
INSERT OR REPLACE INTO quiz_question (id, quizId, prompt, choices, correctIndex, explanation, ordinal) VALUES (
  'q_va_virginia-gdl-restrictions-daily-life_3', 'quiz_va_virginia-gdl-restrictions-daily-life', 'Which scenario is permitted under Virginia''s teen passenger restriction during the first year of licensure?', '["Driving with two non-family friends, both age 17, to the mall","Driving with three cousins (all under 21) to a family gathering","Driving with one classmate and a 19-year-old non-family neighbor to a movie","Driving with four teammates to practice when no adult is in the car"]', 1, 'Family members do not count toward the passenger limit, so multiple cousins are fine. The other scenarios all exceed the one-non-family-passenger-under-21 cap.', 3
);
INSERT OR REPLACE INTO quiz_question (id, quizId, prompt, choices, correctIndex, explanation, ordinal) VALUES (
  'q_va_virginia-gdl-restrictions-daily-life_4', 'quiz_va_virginia-gdl-restrictions-daily-life', 'Texting while driving in Virginia is treated as which type of offense for all drivers?', '["A secondary offense, ticketed only after another violation","A primary offense, for which an officer can stop the driver","A civil infraction with no points","Legal if hands-free dictation is used"]', 1, 'Texting while driving is a primary offense in Virginia — police can pull you over for it alone — and it carries demerit points and fines that escalate for repeat offenses.', 4
);
INSERT OR REPLACE INTO lesson (id, moduleId, slug, title, body, estimatedSeatMinutes, ordinal) VALUES (
  'lesson_va_virginia-specific-rules-and-quirks', 'module_va_overlay', 'virginia-specific-rules-and-quirks', 'Virginia-Specific Rules and Quirks', '## Driving the Commonwealth: Rules You Won''t Find in a Generic Driver''s Ed Book

Virginia has its own legal traditions — quite literally, since it is a *Commonwealth* — and several driving rules and customs surprise newcomers and new drivers alike. This lesson covers the quirks that matter most in day-to-day driving.

### The Juvenile Court License Ceremony

When a Virginia teen completes driver education, holds the permit nine months, and meets the supervised-practice requirement, they typically receive their license in a **juvenile and domestic relations district court ceremony**, not at a DMV counter. A judge addresses the new drivers and their families, emphasizes the responsibilities of driving, and presents the license. Some counties hold these ceremonies monthly with dozens of teens at a time. The ceremony is a Virginia tradition meant to underscore that a license is a privilege.

### Reckless Driving Is a Criminal Offense

Virginia treats **reckless driving as a Class 1 misdemeanor** — the same level as DUI or assault and battery. The thresholds are unusually low:

- Driving **20 mph or more** over the posted limit.
- Driving **over 85 mph** on any road, regardless of the posted limit.
- Racing, passing a stopped school bus, or driving in a manner that endangers life or property.

A reckless driving conviction can mean up to **12 months in jail**, a **$2,500 fine**, **license suspension**, and a permanent criminal record. Many out-of-state drivers learn this the hard way on I-95.

### The Move Over Law

Virginia''s Move Over law requires drivers approaching any **stationary vehicle with flashing emergency, amber, blue, red, or white lights** — police, fire, EMS, tow trucks, highway maintenance, and even vehicles with hazard lights on the shoulder — to either:

- **Change lanes** away from the stopped vehicle if it is safe to do so, or
- **Slow down** and proceed with caution if changing lanes is not safe.

Violations are charged as reckless driving if the violation causes injury, and otherwise as a traffic infraction with significant fines.

### HOV and Toll Quirks: I-66 and I-95 Express Lanes

Northern Virginia has some of the most complex high-occupancy and toll rules in the country:

- **I-66 inside the Beltway** is tolled during peak periods; HOV-2 vehicles with an **E-ZPass Flex** set to HOV mode ride free.
- **I-66 outside the Beltway** and **I-95/395/495 Express Lanes** require **HOV-3** (three or more occupants) for free passage with E-ZPass Flex; solo and HOV-2 drivers pay a dynamic toll.
- Driving in the Express Lanes without any E-ZPass triggers a violation notice and substantial penalty.

Teens should not enter the Express Lanes without first understanding which mode applies and how many occupants are required.

### Right Turn on Red and Pedestrian Yielding

Right turn on red is generally allowed in Virginia after a complete stop, unless posted otherwise. However, Virginia law explicitly requires drivers to **yield to pedestrians in any clearly marked crosswalk, at any regular pedestrian crossing at the end of a block, and at any intersection where the maximum speed is 35 mph or less** — even without a marked crosswalk. Failure to yield is a primary offense with enhanced penalties if a pedestrian is injured.

### Radar Detectors Are Illegal

Virginia is one of the very few states (along with Washington, D.C., and certain military bases) where **radar detectors are illegal in passenger vehicles**. Possession alone — even unplugged — can result in a fine and confiscation. Visitors driving in from neighboring states should remove the device before crossing the state line.

### Headlights, Wipers, and the "Wipers On, Lights On" Rule

Virginia law requires headlights to be on **whenever windshield wipers are in use due to weather conditions**, and any time visibility is reduced to less than 500 feet. Daytime running lights alone do **not** satisfy this requirement because they typically don''t activate the taillights.

### Demerit Points System

Virginia uses a **demerit and safe-driving points system**: convictions add demerit points (3, 4, or 6 depending on severity), while a year of conviction-free driving earns one safe-driving point (up to +5). For drivers under 18, **any first conviction** triggers a warning letter; a second triggers a mandatory driver improvement clinic; a third triggers a license suspension. The bar is intentionally low for young drivers.', 30, 2
);
INSERT OR REPLACE INTO quiz (id, lessonId, title, passingScore, shuffleQuestions) VALUES (
  'quiz_va_virginia-specific-rules-and-quirks', 'lesson_va_virginia-specific-rules-and-quirks', 'Virginia Quirks Knowledge Check', 80, 1
);
INSERT OR REPLACE INTO quiz_question (id, quizId, prompt, choices, correctIndex, explanation, ordinal) VALUES (
  'q_va_virginia-specific-rules-and-quirks_0', 'quiz_va_virginia-specific-rules-and-quirks', 'In Virginia, where do most teens receive their first driver''s license?', '["At a DMV customer service center","By mail after submitting Form DEC 1","At a juvenile and domestic relations district court ceremony","At their high school''s driver education department"]', 2, 'Virginia traditionally presents teen driver''s licenses at a juvenile court ceremony where a judge addresses the new drivers and emphasizes the responsibilities of licensure.', 0
);
INSERT OR REPLACE INTO quiz_question (id, quizId, prompt, choices, correctIndex, explanation, ordinal) VALUES (
  'q_va_virginia-specific-rules-and-quirks_1', 'quiz_va_virginia-specific-rules-and-quirks', 'At what speed does driving on a Virginia highway automatically meet the threshold for reckless driving, regardless of the posted limit?', '["Over 70 mph","Over 75 mph","Over 80 mph","Over 85 mph"]', 3, 'In Virginia, driving over 85 mph on any road is reckless driving — a Class 1 misdemeanor punishable by up to 12 months in jail, a $2,500 fine, and license suspension.', 1
);
INSERT OR REPLACE INTO quiz_question (id, quizId, prompt, choices, correctIndex, explanation, ordinal) VALUES (
  'q_va_virginia-specific-rules-and-quirks_2', 'quiz_va_virginia-specific-rules-and-quirks', 'Under Virginia''s Move Over law, what must a driver do when approaching a stationary vehicle on the shoulder with flashing lights?', '["Maintain speed and stay in the same lane","Change lanes if safe; otherwise slow down and proceed cautiously","Stop completely until the emergency vehicle moves","Honk to acknowledge the stopped vehicle"]', 1, 'Virginia drivers must move over a lane when safe, or slow down and proceed with caution if a lane change isn''t safe. The rule applies to any vehicle with flashing emergency, amber, blue, red, or white lights.', 2
);
INSERT OR REPLACE INTO quiz_question (id, quizId, prompt, choices, correctIndex, explanation, ordinal) VALUES (
  'q_va_virginia-specific-rules-and-quirks_3', 'quiz_va_virginia-specific-rules-and-quirks', 'Which device is illegal to possess in a passenger vehicle in Virginia, even if unplugged?', '["Dash camera","Radar detector","GPS navigation unit","CB radio"]', 1, 'Virginia is one of the few U.S. jurisdictions that bans radar detectors in passenger vehicles. Mere possession can result in a fine and confiscation.', 3
);
INSERT OR REPLACE INTO quiz_question (id, quizId, prompt, choices, correctIndex, explanation, ordinal) VALUES (
  'q_va_virginia-specific-rules-and-quirks_4', 'quiz_va_virginia-specific-rules-and-quirks', 'Under Virginia law, when must your headlights be turned on?', '["Only between sunset and sunrise","Whenever your windshield wipers are in use due to weather, or visibility is under 500 feet","Only on interstate highways","Only when daytime running lights are unavailable"]', 1, 'Virginia''s ''wipers on, lights on'' rule requires headlights any time wipers are in use because of weather, or when visibility drops below 500 feet. Daytime running lights alone don''t satisfy the law because they often don''t engage the taillights.', 4
);

-- Vermont (VT)
INSERT OR REPLACE INTO rule_pack (id, jurisdiction, slug, name, maturity, createdAt) VALUES (
  'rp_vt_teen', 'US-VT', 'vt-teen', 'Vermont Teen Driver Education', 'level1', unixepoch('now')*1000
);
INSERT OR REPLACE INTO rule_pack_version (id, rulePackId, version, definition, publishedAt, notes, createdAt) VALUES (
  'rpv_vt_teen_1_0_0', 'rp_vt_teen', '1.0.0', '{"credentials":[{"key":"permit_eligibility","label":"Learner Permit","deliveryMode":"manual"}],"requirements":[{"key":"classroom_hours","label":"Classroom hours","target":30,"unit":"hour"},{"key":"btw_hours","label":"Behind-the-wheel hours","target":6,"unit":"hour"},{"key":"supervised_practice_hours","label":"Supervised practice (parent log)","target":40,"unit":"hour"}],"rules":[{"key":"unlock_permit_eligibility","trigger":"enrollment.state_changed","conditions":{"jurisdiction":"US-VT","minPermitAge":15,"classroomHoursCompleted":{"gte":30}},"actions":[{"type":"unlock_credential","credential":"permit_eligibility"},{"type":"set_journey_state","value":"permit_eligible"}]}],"facts":{"agencyName":"Vermont Department of Motor Vehicles (DMV)","minPermitAge":15,"minLicenseAge":16,"minPermitDurationMonths":12,"nighttimeRestriction":"Junior operators may not drive between sunset and sunrise without a licensed parent, guardian, or person at least 25 years old in the front seat.","passengerRestriction":"For the first 3 months of a Junior License, no passengers except immediate family; for the next 3 months, no passengers under 25 unless a licensed parent/guardian or person 25+ is in the front seat. Restriction lifts after 6 months or at age 18.","cellPhoneRule":"All handheld cell phone and electronic device use is prohibited for drivers under 18 (junior operators), including hands-free. Vermont also bans handheld device use for all drivers statewide.","notes":"Vermont uses a Graduated Driver License (GDL) system administered by the Vermont DMV. Teens must be at least 15 to get a Learner Permit, hold it for a minimum of 12 months with no suspensions and no driving convictions in the most recent 6 months, complete a state-approved driver education course (30 hours classroom + 6 hours behind-the-wheel), log at least 40 hours of supervised practice (10 of which must be at night), and pass a road test to receive a Junior Driver License. Vermont law allows the road test to be waived in some cases when completed through certain approved driver education programs, but this is administered locally. The full operator license is issued at age 18 or after meeting all Junior License restrictions for the required period.","needsReview":["Exact number of required nighttime supervised practice hours (commonly cited as 10 of the 40)","Whether the road test waiver applies broadly through driver education or only in specific programs","Precise wording of the passenger restriction phase-in (3+3 month structure)","Whether handheld bans for under-18 drivers extend to all electronic devices including GPS","Current fee schedule for the Learner Permit and Junior License"]}}', unixepoch('now')*1000, 'Generated; school must review and tweak.', unixepoch('now')*1000
);
INSERT OR REPLACE INTO content_pack (id, slug, name, scope, jurisdiction, description, createdAt) VALUES (
  'cp_vt_teen_overlay', 'vt-teen-overlay', 'Vermont Teen Overlay', 'state', 'US-VT', 'Vermont-specific driver education content covering how to obtain a Learner Permit from the Vermont DMV, day-to-day Graduated Driver License (GDL) restrictions for Junior Operators, and Vermont-specific road rules and quirks teen drivers encounter on rural roads, mountain passes, and during winter.', unixepoch('now')*1000
);
INSERT OR REPLACE INTO content_pack_version (id, contentPackId, version, notes, publishedAt, createdAt) VALUES (
  'cpv_vt_teen_overlay_1_0_0', 'cp_vt_teen_overlay', '1.0.0', 'Generated by per-state agent; human review required before publishing.', unixepoch('now')*1000, unixepoch('now')*1000
);
INSERT OR REPLACE INTO course (id, contentPackVersionId, slug, title, description, ordinal) VALUES (
  'course_vt_overlay', 'cpv_vt_teen_overlay_1_0_0', 'vt-overlay', 'Vermont Teen Driver Overlay', 'Vermont-specific driver education content covering how to obtain a Learner Permit from the Vermont DMV, day-to-day Graduated Driver License (GDL) restrictions for Junior Operators, and Vermont-specific road rules and quirks teen drivers encounter on rural roads, mountain passes, and during winter.', 0
);
INSERT OR REPLACE INTO module (id, courseId, slug, title, description, ordinal) VALUES (
  'module_vt_overlay', 'course_vt_overlay', 'vt-teen-overlay', 'Vermont Teen Driver Overlay', 'Vermont-specific driver education content covering how to obtain a Learner Permit from the Vermont DMV, day-to-day Graduated Driver License (GDL) restrictions for Junior Operators, and Vermont-specific road rules and quirks teen drivers encounter on rural roads, mountain passes, and during winter.', 0
);
INSERT OR REPLACE INTO lesson (id, moduleId, slug, title, body, estimatedSeatMinutes, ordinal) VALUES (
  'lesson_vt_how-to-get-a-vermont-learner-permit', 'module_vt_overlay', 'how-to-get-a-vermont-learner-permit', 'How to Get a Learner Permit in Vermont', '# How to Get a Learner Permit in Vermont

Getting your Learner Permit in Vermont is the first official step in the state''s Graduated Driver License (GDL) program. This lesson walks you through exactly what you need, where to go, and what to expect on test day.

## Who issues your permit

The **Vermont Department of Motor Vehicles (DMV)** issues all driver credentials in the state. The main office is in Montpelier, but there are branch offices and mobile DMV stops across Vermont. Many services require an appointment, so check `dmv.vermont.gov` before showing up.

## Minimum age and eligibility

You must be **at least 15 years old** to apply for a Vermont Learner Permit. If you are under 18, a parent or legal guardian must sign your application, accepting financial responsibility for your driving. There is no maximum age for a permit, but if you are 18 or older you can skip several of the junior operator steps and apply directly for a regular operator license after holding the permit for at least 30 days.

## Documents you need

Bring original documents (not photocopies):

- **Proof of identity and date of birth** — certified birth certificate, U.S. passport, or permanent resident card.
- **Proof of Social Security number** — Social Security card, W-2, or pay stub showing your SSN.
- **Two proofs of Vermont residency** — examples include a utility bill, school transcript, lease, or a parent''s documents combined with a notarized affidavit if you live with them.
- **Parental consent form** if you are under 18, signed in front of DMV staff or notarized in advance.
- **REAL ID documents** if you want a REAL ID-compliant permit (look for the star). REAL ID will be required for domestic flights and federal buildings.

## Fees and forms

You will complete application form **VL-021** (Application for License/Permit). Fees are modest compared to many states; check the DMV site for the current amount. Bring a check, cash, or card — not all branches accept every payment method.

## The knowledge test

The written knowledge test is based on the **Vermont Driver''s Manual**, which is free to download from the DMV website. The exam covers:

- Vermont traffic laws and signs
- Right-of-way rules
- Speed limits and following distances
- Alcohol and drug laws, including the under-21 zero-tolerance rule
- Sharing the road with bicyclists, pedestrians, motorcycles, farm equipment, and moose
- Winter driving basics

You must score at least **80%** to pass. The test is offered in English and several other languages, and accommodations are available for documented disabilities. If you fail, you can retake it after a short waiting period — usually the next business day.

## The vision test

A basic vision screening is administered at the DMV. You need at least **20/40 vision in at least one eye**, with or without corrective lenses. If you need glasses or contacts to meet the standard, your permit will carry a corrective-lens restriction.

## After you pass

Once you pass the knowledge and vision tests, pay the fee, and have your photo taken, you receive your Learner Permit. From that moment you may drive **only** when:

- A licensed driver who is at least **25 years old** (or a licensed parent, guardian, or driver education instructor) is seated next to you in the front seat.
- All passengers are wearing seat belts.
- You are not using any handheld electronic device — not even hands-free if you are under 18.

## The 12-month holding period

You must hold the Learner Permit for **at least 12 months** before you can take the road test for a Junior Driver License. During the final 6 months, you must have no convictions for moving violations and no license suspensions. If you get a ticket, the clock can reset.

Use this year deliberately: log your 40 hours of supervised practice (including night driving), get comfortable on Vermont''s dirt roads and mountain grades, and practice in winter conditions before your road test.', 35, 0
);
INSERT OR REPLACE INTO quiz (id, lessonId, title, passingScore, shuffleQuestions) VALUES (
  'quiz_vt_how-to-get-a-vermont-learner-permit', 'lesson_vt_how-to-get-a-vermont-learner-permit', 'Vermont Learner Permit Knowledge Check', 80, 1
);
INSERT OR REPLACE INTO quiz_question (id, quizId, prompt, choices, correctIndex, explanation, ordinal) VALUES (
  'q_vt_how-to-get-a-vermont-learner-permit_0', 'quiz_vt_how-to-get-a-vermont-learner-permit', 'What is the minimum age to apply for a Learner Permit in Vermont?', '["14","15","16","17"]', 1, 'Vermont allows teens to apply for a Learner Permit starting at age 15.', 0
);
INSERT OR REPLACE INTO quiz_question (id, quizId, prompt, choices, correctIndex, explanation, ordinal) VALUES (
  'q_vt_how-to-get-a-vermont-learner-permit_1', 'quiz_vt_how-to-get-a-vermont-learner-permit', 'How long must you hold a Vermont Learner Permit before you can test for a Junior Driver License?', '["3 months","6 months","9 months","12 months"]', 3, 'Vermont requires a minimum 12-month permit holding period, with a clean record in the final 6 months.', 1
);
INSERT OR REPLACE INTO quiz_question (id, quizId, prompt, choices, correctIndex, explanation, ordinal) VALUES (
  'q_vt_how-to-get-a-vermont-learner-permit_2', 'quiz_vt_how-to-get-a-vermont-learner-permit', 'When driving with a Learner Permit in Vermont, who must be seated next to you?', '["Any licensed driver age 18 or older","A licensed driver at least 21 years old","A licensed parent, guardian, driver ed instructor, or licensed driver at least 25 years old","Only a certified driving instructor"]', 2, 'The supervising adult must be a licensed parent, guardian, driver education instructor, or a licensed driver at least 25 years old, seated in the front passenger seat.', 2
);
INSERT OR REPLACE INTO quiz_question (id, quizId, prompt, choices, correctIndex, explanation, ordinal) VALUES (
  'q_vt_how-to-get-a-vermont-learner-permit_3', 'quiz_vt_how-to-get-a-vermont-learner-permit', 'What minimum score must you achieve on the Vermont knowledge test?', '["70%","75%","80%","85%"]', 2, 'A passing score of 80% is required on the Vermont DMV knowledge test.', 3
);
INSERT OR REPLACE INTO quiz_question (id, quizId, prompt, choices, correctIndex, explanation, ordinal) VALUES (
  'q_vt_how-to-get-a-vermont-learner-permit_4', 'quiz_vt_how-to-get-a-vermont-learner-permit', 'Which agency issues the Learner Permit in Vermont?', '["Vermont Department of Public Safety","Vermont Department of Motor Vehicles","Vermont Agency of Transportation","Vermont State Police"]', 1, 'The Vermont Department of Motor Vehicles (DMV), part of the Agency of Transportation, issues all driver permits and licenses.', 4
);
INSERT OR REPLACE INTO lesson (id, moduleId, slug, title, body, estimatedSeatMinutes, ordinal) VALUES (
  'lesson_vt_vermont-gdl-restrictions-daily-life', 'module_vt_overlay', 'vermont-gdl-restrictions-daily-life', 'Vermont GDL Restrictions in Daily Life', '# Vermont GDL Restrictions in Daily Life

Vermont''s Graduated Driver License (GDL) program doesn''t end the moment you pass your road test. The **Junior Driver License (JDL)** comes with strict rules that affect daily choices: who you can drive, when you can drive, and what you can do behind the wheel. Understanding these rules — and planning around them — keeps you legal, safer on the road, and on track to earn full driving privileges.

## The three phases

### Phase 1 — Learner Permit (12+ months)
- Must be supervised by a licensed driver 25+ (or parent/guardian/instructor).
- No passengers other than supervising adult and immediate family.
- No handheld devices.
- 40 hours of logged supervised practice (10 at night).

### Phase 2 — Junior Driver License, first 3 months
- **Passenger limit:** No passengers at all, except immediate family (parents, siblings, stepsiblings, etc.).
- **Nighttime:** No driving between sunset and sunrise unless a licensed parent/guardian or driver 25+ is in the front seat.
- **Cell phones:** All handheld and hands-free use prohibited for drivers under 18.

### Phase 3 — Junior Driver License, months 4 through 6
- **Passenger limit:** No passengers under 25 unless a parent/guardian or driver 25+ is in the front passenger seat.
- **Nighttime:** Same sunset-to-sunrise restriction unless a qualified adult rides along.

### Phase 4 — After 6 months JDL or age 18
- Passenger restriction lifts; nighttime restriction lifts.
- Cell phone rule still applies until age 18.

## What this looks like Monday through Friday

**Driving to school.** Fine — you''re alone, daytime, no phone. Bring your license; the school may ask to see it before issuing a student parking permit.

**Driving siblings home.** Fine in all phases; siblings count as immediate family.

**Picking up a friend for a study group.** **Not allowed** for at least the first 6 months unless your parent rides along. Plan carpools with parent drivers instead.

**Driving home from a 7 p.m. movie in December.** Sunset in Vermont in December is around 4:15 p.m., so this is **after dark** — you need a parent or 25+ licensed driver in the front seat, or you need to be home before sunset.

**Using Google Maps.** Mount your phone before you start the engine, set the destination, and don''t touch it while driving. Under 18, even one tap at a red light can be a violation.

## Penalties

Violating GDL restrictions is not a slap on the wrist:

- **First offense** of a GDL violation typically results in a fine and points on your record.
- Two convictions for moving violations within 2 years can trigger a license suspension.
- A GDL violation within the final 6 months of your permit period can **reset your eligibility clock** for the Junior License.
- An alcohol or drug offense under Vermont''s **zero-tolerance law for drivers under 21** results in an automatic license suspension, even for a BAC as low as 0.02%.

## Planning around the rules

The restrictions are inconvenient by design — they exist because crash rates for newly licensed teens spike when peers are in the car and drop sharply when adults are present. Build a routine:

1. Check sunset time each week (it changes fast in Vermont).
2. Coordinate rides with parents instead of friends until month 7.
3. Keep your phone in a dashboard mount and use voice commands sparingly.
4. Carry your license, registration, and insurance card at all times.

Follow these rules cleanly for 6 months and the restrictions melt away. Get cited and you''ll be explaining yourself in traffic court — and to your insurance company.', 30, 1
);
INSERT OR REPLACE INTO quiz (id, lessonId, title, passingScore, shuffleQuestions) VALUES (
  'quiz_vt_vermont-gdl-restrictions-daily-life', 'lesson_vt_vermont-gdl-restrictions-daily-life', 'Vermont GDL Restrictions Quiz', 80, 1
);
INSERT OR REPLACE INTO quiz_question (id, quizId, prompt, choices, correctIndex, explanation, ordinal) VALUES (
  'q_vt_vermont-gdl-restrictions-daily-life_0', 'quiz_vt_vermont-gdl-restrictions-daily-life', 'During the first 3 months of a Vermont Junior Driver License, who may ride as a passenger?', '["Any friends, as long as everyone wears a seat belt","Only immediate family members","Up to three passengers under 18","Anyone, as long as a parent has given permission"]', 1, 'For the first 3 months of the JDL, only immediate family members may ride along.', 0
);
INSERT OR REPLACE INTO quiz_question (id, quizId, prompt, choices, correctIndex, explanation, ordinal) VALUES (
  'q_vt_vermont-gdl-restrictions-daily-life_1', 'quiz_vt_vermont-gdl-restrictions-daily-life', 'Vermont''s nighttime restriction for junior operators applies during which hours?', '["Midnight to 5 a.m.","10 p.m. to 6 a.m.","Sunset to sunrise","9 p.m. to 5 a.m."]', 2, 'Vermont uses ''sunset to sunrise'' rather than fixed clock hours, which is especially significant in winter when sunset comes early.', 1
);
INSERT OR REPLACE INTO quiz_question (id, quizId, prompt, choices, correctIndex, explanation, ordinal) VALUES (
  'q_vt_vermont-gdl-restrictions-daily-life_2', 'quiz_vt_vermont-gdl-restrictions-daily-life', 'What is Vermont''s cell phone rule for drivers under 18?', '["Handheld use prohibited; hands-free allowed","All cell phone use is prohibited, including hands-free","Only texting is prohibited","Phone use is allowed at stop signs and red lights"]', 1, 'Drivers under 18 in Vermont may not use any electronic device, including hands-free systems.', 2
);
INSERT OR REPLACE INTO quiz_question (id, quizId, prompt, choices, correctIndex, explanation, ordinal) VALUES (
  'q_vt_vermont-gdl-restrictions-daily-life_3', 'quiz_vt_vermont-gdl-restrictions-daily-life', 'What is Vermont''s blood alcohol limit for drivers under 21 under the zero-tolerance law?', '["0.00%","0.02%","0.05%","0.08%"]', 1, 'Vermont''s zero-tolerance law sets the under-21 BAC limit at 0.02%, well below the adult 0.08% threshold.', 3
);
INSERT OR REPLACE INTO quiz_question (id, quizId, prompt, choices, correctIndex, explanation, ordinal) VALUES (
  'q_vt_vermont-gdl-restrictions-daily-life_4', 'quiz_vt_vermont-gdl-restrictions-daily-life', 'After how long can a Junior Driver License holder typically drive friends without a qualified adult in the car?', '["30 days after the JDL is issued","3 months after the JDL is issued","6 months after the JDL is issued, or at age 18","Never, until they get a full operator license at age 21"]', 2, 'Vermont''s passenger restriction lifts after 6 months of holding the JDL, or when the driver turns 18 — whichever comes first.', 4
);
INSERT OR REPLACE INTO lesson (id, moduleId, slug, title, body, estimatedSeatMinutes, ordinal) VALUES (
  'lesson_vt_vermont-specific-road-rules-and-quirks', 'module_vt_overlay', 'vermont-specific-road-rules-and-quirks', 'Vermont-Specific Road Rules and Quirks', '# Vermont-Specific Road Rules and Quirks

Vermont''s roads don''t look or behave like a typical suburban grid. Driving here means dirt roads, hairpin turns, single-lane covered bridges, moose, and serious winter weather. This lesson covers the rules and the unwritten conventions that keep Vermont drivers safe.

## Dirt and gravel roads

Roughly **half of Vermont''s town-maintained roads are dirt or gravel**. Expect them anywhere outside the village centers, even in popular areas. Rules of thumb:

- **Slow down.** Posted limits are speed *ceilings*, not targets. Loose surfaces dramatically increase stopping distances.
- **Mud season** (typically late March through April) turns dirt roads into slop. Some are closed entirely; others have weight limits posted. Drive only when necessary, and never try to power through a soft spot.
- **Crowning and washboarding** push your steering wheel around. Keep both hands on the wheel and ease through bumps.
- **Dust signals.** A trailing dust cloud means a vehicle is approaching; slow and move right.

## Mountain driving

Vermont''s Green Mountains include steep grades, switchbacks, and seasonal roads (some, like the Lincoln Gap, close in winter).

- **Downgrades:** Shift to a lower gear instead of riding your brakes. Overheated brakes fade and fail.
- **Uphill traffic has the right of way** on narrow mountain roads where two vehicles cannot pass. The downhill driver is expected to find a pullout and yield.
- **Truck escape ramps** exist on Route 9 and a few other steep highways. Never park or stop near them.

## Moose and wildlife

Vermont has a substantial moose population, particularly in the Northeast Kingdom. Moose collisions are catastrophic — the body sits at windshield height.

- Most moose collisions happen between **dusk and dawn**, especially May–July (calving) and September–October (rut).
- Yellow diamond moose signs mark high-risk zones. **Slow down** in posted areas.
- If a moose is in the road, brake hard and stay in your lane. Do not swerve — you are likelier to leave the road than to miss the animal.
- Vermont also has heavy white-tailed deer activity; if you see one, expect more.

## Winter driving

Vermont winters are long and serious.

- **Snow tires are not legally required**, but driving on summer tires after the first snowfall is dangerous and may be cited as careless driving in a crash.
- **Studded tires** are legal in Vermont from **November 1 through April 30**.
- **Brush off your entire vehicle** — roof, hood, lights, plates. Vermont law requires removing snow and ice that could fall and create a hazard.
- **Black ice** forms on bridges, shaded curves, and at dawn. If you feel the wheel go light, ease off the gas — do not brake.
- **Plow trucks** have the right of way; never pass a working plow on the right.

## Covered bridges and one-lane bridges

Vermont has more than 100 covered bridges still in service, plus many one-lane spans.

- **Yield to oncoming traffic** already on the bridge.
- Watch for posted **weight and height limits** — covered bridges often have 8-foot clearance or less.
- Slow to walking speed; the decking is wooden and can be slick.

## Roundabouts and other quirks

- Vermont uses roundabouts increasingly. **Yield to traffic already in the circle**, signal your exit, and never stop inside.
- **Right turn on red** is allowed after a complete stop, unless posted otherwise.
- **Move Over Law:** When approaching a stopped emergency vehicle, tow truck, or maintenance vehicle with flashing lights, move over one lane if safe; otherwise slow down significantly.
- **Headlights with wipers:** Vermont requires headlights anytime you are using your windshield wipers due to weather.
- **School buses:** Stop for any school bus with flashing red lights on a two-lane road, in both directions. On a divided highway, only traffic in the bus''s direction must stop.

## Farm equipment

You will share rural roads with tractors, manure spreaders, and slow-moving vehicles displaying the orange triangle. Pass only on straight, clearly visible stretches with a legal passing zone, and give wide clearance — equipment can shift unexpectedly.

Drive like a Vermonter: patient, observant, and ready for the road to change character within a mile.', 35, 2
);
INSERT OR REPLACE INTO quiz (id, lessonId, title, passingScore, shuffleQuestions) VALUES (
  'quiz_vt_vermont-specific-road-rules-and-quirks', 'lesson_vt_vermont-specific-road-rules-and-quirks', 'Vermont Road Rules and Quirks Quiz', 80, 1
);
INSERT OR REPLACE INTO quiz_question (id, quizId, prompt, choices, correctIndex, explanation, ordinal) VALUES (
  'q_vt_vermont-specific-road-rules-and-quirks_0', 'quiz_vt_vermont-specific-road-rules-and-quirks', 'On a narrow Vermont mountain road where two vehicles cannot pass, which vehicle has the right of way?', '["The vehicle traveling downhill","The vehicle traveling uphill","The larger vehicle","Whichever vehicle is closer to a pullout"]', 1, 'The uphill vehicle has the right of way because it is harder to restart on a steep grade; the downhill driver should find a pullout and yield.', 0
);
INSERT OR REPLACE INTO quiz_question (id, quizId, prompt, choices, correctIndex, explanation, ordinal) VALUES (
  'q_vt_vermont-specific-road-rules-and-quirks_1', 'quiz_vt_vermont-specific-road-rules-and-quirks', 'When are studded tires legal in Vermont?', '["Year-round","November 1 through April 30","December 1 through March 31","Only during declared winter emergencies"]', 1, 'Vermont allows studded tires from November 1 through April 30.', 1
);
INSERT OR REPLACE INTO quiz_question (id, quizId, prompt, choices, correctIndex, explanation, ordinal) VALUES (
  'q_vt_vermont-specific-road-rules-and-quirks_2', 'quiz_vt_vermont-specific-road-rules-and-quirks', 'If a moose is suddenly standing in the road in front of you, what is the recommended action?', '["Swerve sharply to avoid the animal","Brake hard and stay in your lane","Accelerate and pass beside it","Honk and continue at the same speed"]', 1, 'Swerving often causes a worse crash. Brake hard, stay in your lane, and try to scrub off as much speed as possible before impact.', 2
);
INSERT OR REPLACE INTO quiz_question (id, quizId, prompt, choices, correctIndex, explanation, ordinal) VALUES (
  'q_vt_vermont-specific-road-rules-and-quirks_3', 'quiz_vt_vermont-specific-road-rules-and-quirks', 'Vermont law requires you to turn on your headlights whenever you are using which equipment?', '["Your defroster","Your turn signals","Your windshield wipers","Your hazard lights"]', 2, 'If your wipers are on due to weather, your headlights must be on as well.', 3
);
INSERT OR REPLACE INTO quiz_question (id, quizId, prompt, choices, correctIndex, explanation, ordinal) VALUES (
  'q_vt_vermont-specific-road-rules-and-quirks_4', 'quiz_vt_vermont-specific-road-rules-and-quirks', 'On a two-lane Vermont road, when must you stop for a school bus with flashing red lights?', '["Only traffic behind the bus must stop","Only traffic in front of the bus must stop","Traffic in both directions must stop","Stopping is optional if the bus is partly off the road"]', 2, 'On an undivided two-lane road, traffic in both directions must stop for a school bus displaying flashing red lights.', 4
);

-- Washington (WA)
INSERT OR REPLACE INTO rule_pack (id, jurisdiction, slug, name, maturity, createdAt) VALUES (
  'rp_wa_teen', 'US-WA', 'wa-teen', 'Washington Teen Driver Education', 'level1', unixepoch('now')*1000
);
INSERT OR REPLACE INTO rule_pack_version (id, rulePackId, version, definition, publishedAt, notes, createdAt) VALUES (
  'rpv_wa_teen_1_0_0', 'rp_wa_teen', '1.0.0', '{"credentials":[{"key":"permit_eligibility","label":"Instruction Permit","deliveryMode":"manual"}],"requirements":[{"key":"classroom_hours","label":"Classroom hours","target":30,"unit":"hour"},{"key":"btw_hours","label":"Behind-the-wheel hours","target":6,"unit":"hour"},{"key":"supervised_practice_hours","label":"Supervised practice (parent log)","target":50,"unit":"hour"}],"rules":[{"key":"unlock_permit_eligibility","trigger":"enrollment.state_changed","conditions":{"jurisdiction":"US-WA","minPermitAge":15,"classroomHoursCompleted":{"gte":30}},"actions":[{"type":"unlock_credential","credential":"permit_eligibility"},{"type":"set_journey_state","value":"permit_eligible"}]}],"facts":{"agencyName":"Washington State Department of Licensing (DOL)","minPermitAge":15,"minLicenseAge":16,"minPermitDurationMonths":6,"nighttimeRestriction":"For the first 6 months after licensing, no driving between 1 a.m. and 5 a.m. unless accompanied by a licensed driver age 25 or older. From months 7-12, the restriction continues unless an exception applies (work, school, agricultural activity, or with a supervising adult).","passengerRestriction":"For the first 6 months after licensing, no passengers under age 20 (except immediate family). For the next 6 months, no more than 3 passengers under age 20 (except immediate family).","cellPhoneRule":"Drivers under 18 with an intermediate license may not use any wireless device (including hands-free) while driving, except to report an emergency. All Washington drivers are prohibited from holding a personal electronic device while driving under the E-DUI law (RCW 46.61.672).","notes":"Washington requires teens under 18 to complete a Driver Training Education (DTE) course from a DOL-licensed driver training school. The required 50 hours of supervised practice must include 10 hours at night. The intermediate license is in effect until the driver turns 18 or has had the license for 12 months without traffic violations, whichever comes first. Washington uses a ''Traffic Safety Education'' completion certificate that schools submit electronically to DOL via the DRIVES system, but for purposes of this overlay we mark the credential as manual since not every school is integrated.","needsReview":["Whether permitCredentialDeliveryMode should be ''electronic_upload'' or ''api'' for DOL DRIVES integration in 2026","Exact current passenger restriction wording and any 2025/2026 legislative updates","Whether the 10 night-hour subset of the 50 practice hours has changed","Current fee schedule for instruction permit and intermediate license (not captured here)"]}}', unixepoch('now')*1000, 'Generated; school must review and tweak.', unixepoch('now')*1000
);
INSERT OR REPLACE INTO content_pack (id, slug, name, scope, jurisdiction, description, createdAt) VALUES (
  'cp_wa_teen_overlay', 'wa-teen-overlay', 'Washington Teen Overlay', 'state', 'US-WA', 'Washington-specific supplemental lessons covering how to obtain an instruction permit from the Department of Licensing, the Intermediate Driver License (IDL) restrictions that apply to teen drivers in everyday situations, and Washington-specific traffic laws and quirks every new driver should know.', unixepoch('now')*1000
);
INSERT OR REPLACE INTO content_pack_version (id, contentPackId, version, notes, publishedAt, createdAt) VALUES (
  'cpv_wa_teen_overlay_1_0_0', 'cp_wa_teen_overlay', '1.0.0', 'Generated by per-state agent; human review required before publishing.', unixepoch('now')*1000, unixepoch('now')*1000
);
INSERT OR REPLACE INTO course (id, contentPackVersionId, slug, title, description, ordinal) VALUES (
  'course_wa_overlay', 'cpv_wa_teen_overlay_1_0_0', 'wa-overlay', 'Washington Teen Driver Overlay', 'Washington-specific supplemental lessons covering how to obtain an instruction permit from the Department of Licensing, the Intermediate Driver License (IDL) restrictions that apply to teen drivers in everyday situations, and Washington-specific traffic laws and quirks every new driver should know.', 0
);
INSERT OR REPLACE INTO module (id, courseId, slug, title, description, ordinal) VALUES (
  'module_wa_overlay', 'course_wa_overlay', 'wa-teen-overlay', 'Washington Teen Driver Overlay', 'Washington-specific supplemental lessons covering how to obtain an instruction permit from the Department of Licensing, the Intermediate Driver License (IDL) restrictions that apply to teen drivers in everyday situations, and Washington-specific traffic laws and quirks every new driver should know.', 0
);
INSERT OR REPLACE INTO lesson (id, moduleId, slug, title, body, estimatedSeatMinutes, ordinal) VALUES (
  'lesson_wa_how-to-get-a-permit-in-washington', 'module_wa_overlay', 'how-to-get-a-permit-in-washington', 'How to Get an Instruction Permit in Washington', '## Getting Your Washington Instruction Permit

In Washington State, the credential that lets you legally practice driving before you have a full license is called an **Instruction Permit**, issued by the Washington State Department of Licensing (DOL). The path to getting your permit depends on your age, but if you are under 18 you are required to enroll in a state-licensed Traffic Safety Education (driver training) course.

### Who can apply, and when

- **Age 15 with driver education enrollment**: You may apply for an instruction permit once you have enrolled in a DOL-licensed Traffic Safety Education program. You do not need to have finished classroom hours yet, but you must be enrolled.
- **Age 15 years and 6 months with completed driver education**: Same as above, but if you wait until you have finished your classroom phase, you may also begin behind-the-wheel training.
- **Age 18 or older**: You can apply for an instruction permit without taking driver education, though it is strongly recommended.

Washington does not have a separate "learner''s permit" and "instruction permit" — they are the same document.

### Documents you must bring to the DOL office

Because Washington issues both standard and Enhanced (REAL ID-compliant) credentials, the document list can feel long. Plan to bring:

1. **Proof of identity** — a certified U.S. birth certificate, valid U.S. passport, or permanent resident card.
2. **Proof of Washington residency** — two documents such as a utility bill, lease, or school enrollment letter showing your Washington address. A parent''s documents work if you live with them and bring proof of relationship.
3. **Social Security Number** — you must provide your SSN, though you are not required to bring the physical card.
4. **Parent or guardian signature** — if you are under 18, a parent or legal guardian must sign your application in person at the DOL office or sign a notarized consent form.
5. **Proof of enrollment in driver education** — your driving school provides this; in many cases the school transmits enrollment electronically to DOL.

### Tests and fees

At the DOL office, you will:

- Pass a **vision screening** (with corrective lenses if you wear them).
- Pass a **knowledge test** covering the Washington Driver Guide. If you complete the classroom portion of your driver education first, your school may waive the DOL knowledge test through a certified course-completion exam — ask your instructor.
- Pay the **instruction permit fee** (a small one-time fee — confirm the current amount on the DOL website).
- Have your photo taken.

You will typically receive a temporary paper permit the same day; the printed card arrives by mail within a few weeks.

### What your permit lets you do

With your instruction permit you may drive **only when accompanied by a licensed driver age 21 or older** who is seated next to you and has had a license for at least five years. Everyone in the vehicle must be belted, and you must not have any wireless device in use, including hands-free.

### How long you must hold it

You are required to hold your instruction permit for at least **6 months without any traffic violations** before you can apply for an Intermediate License at age 16. If you are cited for a moving violation, the 6-month clock can be reset depending on the offense.

Keep your permit safe — you''ll also need to log your **50 hours of supervised driving practice (10 of which must be at night)** before applying for your intermediate license.', 35, 0
);
INSERT OR REPLACE INTO quiz (id, lessonId, title, passingScore, shuffleQuestions) VALUES (
  'quiz_wa_how-to-get-a-permit-in-washington', 'lesson_wa_how-to-get-a-permit-in-washington', 'Washington Instruction Permit Quiz', 80, 1
);
INSERT OR REPLACE INTO quiz_question (id, quizId, prompt, choices, correctIndex, explanation, ordinal) VALUES (
  'q_wa_how-to-get-a-permit-in-washington_0', 'quiz_wa_how-to-get-a-permit-in-washington', 'What is the youngest age at which a Washington teen can apply for an instruction permit?', '["14 years old","15 years old (with enrollment in driver education)","15 years and 6 months","16 years old"]', 1, 'A teen may apply for an instruction permit at age 15 as long as they are enrolled in a DOL-licensed Traffic Safety Education program.', 0
);
INSERT OR REPLACE INTO quiz_question (id, quizId, prompt, choices, correctIndex, explanation, ordinal) VALUES (
  'q_wa_how-to-get-a-permit-in-washington_1', 'quiz_wa_how-to-get-a-permit-in-washington', 'Who must accompany a Washington instruction permit holder while driving?', '["Any licensed driver age 18 or older","A parent or guardian only","A licensed driver age 21 or older with at least 5 years of driving experience","Anyone with a valid driver''s license"]', 2, 'Washington requires the supervising driver to be at least 21 and to have held a valid license for at least 5 years.', 1
);
INSERT OR REPLACE INTO quiz_question (id, quizId, prompt, choices, correctIndex, explanation, ordinal) VALUES (
  'q_wa_how-to-get-a-permit-in-washington_2', 'quiz_wa_how-to-get-a-permit-in-washington', 'Including night driving, how many hours of supervised practice must a teen complete before applying for an intermediate license?', '["30 hours, 5 at night","40 hours, 10 at night","50 hours, 10 at night","60 hours, 15 at night"]', 2, 'Washington requires 50 hours of supervised practice driving, with at least 10 of those hours occurring at night.', 2
);
INSERT OR REPLACE INTO quiz_question (id, quizId, prompt, choices, correctIndex, explanation, ordinal) VALUES (
  'q_wa_how-to-get-a-permit-in-washington_3', 'quiz_wa_how-to-get-a-permit-in-washington', 'How long must a Washington teen hold an instruction permit (with no traffic violations) before applying for an intermediate license?', '["3 months","6 months","9 months","12 months"]', 1, 'The minimum permit-holding period is 6 months with no moving traffic violations.', 3
);
INSERT OR REPLACE INTO quiz_question (id, quizId, prompt, choices, correctIndex, explanation, ordinal) VALUES (
  'q_wa_how-to-get-a-permit-in-washington_4', 'quiz_wa_how-to-get-a-permit-in-washington', 'What state agency issues driver instruction permits in Washington?', '["Washington Department of Motor Vehicles (DMV)","Washington State Patrol","Washington State Department of Licensing (DOL)","Washington Department of Transportation (WSDOT)"]', 2, 'Driver licensing in Washington is handled by the Department of Licensing (DOL), not a DMV.', 4
);
INSERT OR REPLACE INTO lesson (id, moduleId, slug, title, body, estimatedSeatMinutes, ordinal) VALUES (
  'lesson_wa_wa-gdl-restrictions-daily-life', 'module_wa_overlay', 'wa-gdl-restrictions-daily-life', 'Washington GDL Restrictions in Daily Life', '## Living with Your Washington Intermediate License

Once you turn 16 and meet all the requirements, the Department of Licensing issues you an **Intermediate Driver License (IDL)**. This is not a full unrestricted license — for the first year (or until you turn 18, whichever comes first), Washington''s Graduated Driver Licensing (GDL) law places real, enforceable limits on when you drive, who is in the car, and what you can hold in your hand.

### The passenger restriction

Washington''s passenger rule is among the strictest in the country:

- **First 6 months of intermediate license**: You may not transport **any passengers under age 20** unless they are members of your immediate family (parents, siblings, stepsiblings, your own children).
- **Months 7 through 12**: You may transport **no more than 3 passengers under age 20**, with the same immediate-family exception.

This catches many new drivers by surprise — your best friend riding shotgun to school is a violation. Plan ahead with carpools that use a 19+ driver, the school bus, or transit. A first violation is a traffic infraction; subsequent violations can extend your restrictions or trigger a license suspension.

### The nighttime restriction

For the **first 12 months** of your intermediate license you may not drive between **1:00 a.m. and 5:00 a.m.** unless:

- You are accompanied by a licensed driver age 25 or older, **or**
- You are driving to or from work (and can show proof, like a pay stub or employer note), **or**
- You are driving for a school-authorized activity, **or**
- You are driving for a farm-related agricultural activity.

If you regularly close at a restaurant or work an early-morning shift, keep written proof in the vehicle. "I was driving home from a friend''s house" is not a recognized exception.

### The wireless device rule for teens

Washington bans **all wireless device use** — including hands-free Bluetooth, voice commands to send a text, and headphones — for drivers under 18 with an intermediate license. The only allowed use is to report an emergency. This is stricter than the rule for adult drivers, who may use hands-free devices.

In addition, the statewide **E-DUI law** prohibits any driver from holding a personal electronic device — phone, tablet, gaming device — while driving, even when stopped at a red light. A first E-DUI ticket is reportable to insurance.

### Seat belts and DUI

- Every occupant must wear a seat belt; the driver is responsible for passengers under 16.
- Washington has a **zero-tolerance** DUI standard for drivers under 21. Any measurable alcohol (.02 BAC or higher) triggers license suspension. The standard adult limit (.08) still applies to criminal DUI charges.

### How violations escalate

Washington uses a tiered enforcement model for intermediate drivers:

- **First moving violation**: a notice is sent to you and your parents.
- **Second moving violation OR an at-fault collision**: 6-month restriction extension or suspension until age 18, plus possible nighttime/passenger restriction enforcement.
- **Third violation**: license suspension until age 18.

The restrictions end automatically when you turn 18 or have held the intermediate license for 12 months with a clean record, whichever happens first. The license card itself doesn''t change — the restrictions just no longer apply to you.', 30, 1
);
INSERT OR REPLACE INTO quiz (id, lessonId, title, passingScore, shuffleQuestions) VALUES (
  'quiz_wa_wa-gdl-restrictions-daily-life', 'lesson_wa_wa-gdl-restrictions-daily-life', 'Washington GDL Daily Life Quiz', 80, 1
);
INSERT OR REPLACE INTO quiz_question (id, quizId, prompt, choices, correctIndex, explanation, ordinal) VALUES (
  'q_wa_wa-gdl-restrictions-daily-life_0', 'quiz_wa_wa-gdl-restrictions-daily-life', 'During the first 6 months of an intermediate license, how many non-family passengers under age 20 may a Washington teen driver have in the vehicle?', '["Zero","One","Three","Unlimited if all are belted"]', 0, 'For the first 6 months, no passengers under age 20 are permitted unless they are immediate family.', 0
);
INSERT OR REPLACE INTO quiz_question (id, quizId, prompt, choices, correctIndex, explanation, ordinal) VALUES (
  'q_wa_wa-gdl-restrictions-daily-life_1', 'quiz_wa_wa-gdl-restrictions-daily-life', 'What are the nighttime driving restriction hours for a new Washington intermediate driver?', '["10 p.m. to 5 a.m.","11 p.m. to 6 a.m.","Midnight to 6 a.m.","1 a.m. to 5 a.m."]', 3, 'The Washington nighttime restriction runs from 1:00 a.m. to 5:00 a.m. during the first 12 months of intermediate licensure.', 1
);
INSERT OR REPLACE INTO quiz_question (id, quizId, prompt, choices, correctIndex, explanation, ordinal) VALUES (
  'q_wa_wa-gdl-restrictions-daily-life_2', 'quiz_wa_wa-gdl-restrictions-daily-life', 'Which of the following is NOT an allowed exception to the Washington teen nighttime driving restriction?', '["Driving home from a paid work shift with proof","Driving with a licensed adult age 25 or older","Driving home from a friend''s house","Driving for a school-authorized activity"]', 2, 'Recreational late-night driving is not a recognized exception. Work, school activities, agricultural work, and a 25+ supervising adult are.', 2
);
INSERT OR REPLACE INTO quiz_question (id, quizId, prompt, choices, correctIndex, explanation, ordinal) VALUES (
  'q_wa_wa-gdl-restrictions-daily-life_3', 'quiz_wa_wa-gdl-restrictions-daily-life', 'Can a Washington teen with an intermediate license use a hands-free Bluetooth call while driving?', '["Yes, hands-free is always allowed","Yes, as long as the car is moving under 25 mph","No, drivers under 18 may not use any wireless device except to report an emergency","Only with a parent in the car"]', 2, 'Washington bans all wireless device use, including hands-free, for intermediate license holders under 18.', 3
);
INSERT OR REPLACE INTO quiz_question (id, quizId, prompt, choices, correctIndex, explanation, ordinal) VALUES (
  'q_wa_wa-gdl-restrictions-daily-life_4', 'quiz_wa_wa-gdl-restrictions-daily-life', 'What blood alcohol concentration (BAC) triggers a license suspension for a Washington driver under 21?', '[".02 or higher",".05 or higher",".08 or higher",".10 or higher"]', 0, 'Washington''s zero-tolerance law suspends the license of a driver under 21 at .02 BAC or higher.', 4
);
INSERT OR REPLACE INTO lesson (id, moduleId, slug, title, body, estimatedSeatMinutes, ordinal) VALUES (
  'lesson_wa_washington-specific-rules-and-quirks', 'module_wa_overlay', 'washington-specific-rules-and-quirks', 'Washington-Specific Rules and Quirks', '## Washington-Specific Rules Every New Driver Should Know

Washington shares most of its traffic laws with the rest of the United States, but there are several rules, road designs, and weather conditions that catch new drivers off guard. Knowing them now will keep you safer and reduce your odds of an expensive ticket.

### The Move Over Law (and what counts)

Washington''s Move Over law requires you to slow down and, if safely possible, change lanes away from a stopped emergency vehicle, tow truck, or roadside assistance vehicle with flashing lights. As of recent updates, the law also covers **any vehicle with hazard lights flashing on the shoulder** — including a regular passenger car with a flat tire. On a two-lane road where you cannot change lanes, you must slow to a safe speed below the posted limit.

### Roundabouts are everywhere

Washington has aggressively replaced four-way intersections with **modern roundabouts**, especially in suburban areas around Seattle, Spokane, Vancouver, and Bellingham. Rules to remember:

- **Yield to traffic already in the circle** — do not yield to vehicles approaching from your right.
- Enter only when there is a safe gap.
- Use your right turn signal only when you are about to exit.
- Large trucks may straddle both lanes — give them space and never pass on the right inside a roundabout.

### The HOV/HOT lane system

In the Puget Sound and I-405 corridor, Washington uses both **HOV lanes** (left-most lane, requires 2 or 3 occupants depending on the section) and **HOT lanes** (express toll lanes where solo drivers can pay to enter). Crossing the double-white line into or out of an HOV/HOT lane is illegal and ticketed by camera. Always enter and exit only at the marked dashed-line zones.

### Studded tires and chains

Washington allows **studded snow tires only between November 1 and March 31**. Using them outside that window is a fineable offense. In mountain passes like Snoqualmie, Stevens, White, and Blewett, WSDOT can require **traction tires or chains** during winter storms — watch the variable message signs and check WSDOT''s pass report before you travel.

### Ferries are part of the road system

Washington State Ferries are legally an extension of the state highway system. When loading, follow crew directions, set your parking brake, turn off the engine, and do not return to your vehicle until told. The same traffic laws (seat belts, no phone in hand) apply on the car deck while you are moving.

### Rain, not snow, is the real hazard

Most of western Washington''s serious crashes happen in the **first 15 minutes of rain**, when oil that has built up during dry days mixes with water and creates a slick surface. Increase following distance to at least 4 seconds, turn on headlights (Washington law requires headlights any time wipers are in continuous use), and avoid cruise control on wet pavement.

### Pedestrian right-of-way

Every intersection in Washington is legally a **crosswalk**, marked or unmarked, unless signage says otherwise. You must stop — not just yield — for a pedestrian in your half of the roadway or approaching it on a two-lane road. Fines start at over $100 and climb with school zones.

### School bus stop-arm rule

On a two-lane road, traffic in **both directions** must stop when a school bus extends its stop arm. On a divided highway with a physical barrier or median, only traffic on the bus''s side must stop. "Divided" means a physical barrier; a center turn lane does not count.

### Bicycles and the Idaho Stop

Washington adopted a version of the **"Idaho Stop"** law: bicyclists may legally treat stop signs as yield signs. Expect cyclists to roll through quiet stop-sign intersections legally — give them room and never pass a cyclist with less than 3 feet of clearance.', 30, 2
);
INSERT OR REPLACE INTO quiz (id, lessonId, title, passingScore, shuffleQuestions) VALUES (
  'quiz_wa_washington-specific-rules-and-quirks', 'lesson_wa_washington-specific-rules-and-quirks', 'Washington Rules and Quirks Quiz', 80, 1
);
INSERT OR REPLACE INTO quiz_question (id, quizId, prompt, choices, correctIndex, explanation, ordinal) VALUES (
  'q_wa_washington-specific-rules-and-quirks_0', 'quiz_wa_washington-specific-rules-and-quirks', 'Which months are studded snow tires legal in Washington?', '["October 1 through April 30","November 1 through March 31","December 1 through February 28","Year-round in counties east of the Cascades"]', 1, 'Studded tires are legal in Washington only from November 1 through March 31.', 0
);
INSERT OR REPLACE INTO quiz_question (id, quizId, prompt, choices, correctIndex, explanation, ordinal) VALUES (
  'q_wa_washington-specific-rules-and-quirks_1', 'quiz_wa_washington-specific-rules-and-quirks', 'You are entering a modern roundabout in Washington. To whom must you yield?', '["Vehicles approaching from your right","Vehicles already circulating inside the roundabout","The first vehicle that signals","No one — the largest vehicle has the right-of-way"]', 1, 'In a Washington roundabout, you yield to traffic already in the circle before entering.', 1
);
INSERT OR REPLACE INTO quiz_question (id, quizId, prompt, choices, correctIndex, explanation, ordinal) VALUES (
  'q_wa_washington-specific-rules-and-quirks_2', 'quiz_wa_washington-specific-rules-and-quirks', 'On a two-lane road in Washington, when a school bus extends its stop arm, who must stop?', '["Only vehicles behind the bus","Only vehicles in the opposite direction","Vehicles in both directions","Only vehicles within 50 feet"]', 2, 'On an undivided road, traffic in both directions must stop for a school bus with its stop arm extended.', 2
);
INSERT OR REPLACE INTO quiz_question (id, quizId, prompt, choices, correctIndex, explanation, ordinal) VALUES (
  'q_wa_washington-specific-rules-and-quirks_3', 'quiz_wa_washington-specific-rules-and-quirks', 'According to Washington law, when must you have your headlights on?', '["Only from sunset to sunrise","Any time your windshield wipers are in continuous use","Only on highways above 50 mph","Only when visibility is less than 100 feet"]', 1, 'Washington''s ''wipers on, lights on'' rule requires headlights any time wipers are operating continuously.', 3
);
INSERT OR REPLACE INTO quiz_question (id, quizId, prompt, choices, correctIndex, explanation, ordinal) VALUES (
  'q_wa_washington-specific-rules-and-quirks_4', 'quiz_wa_washington-specific-rules-and-quirks', 'What does Washington''s Move Over law require when you approach a vehicle stopped on the shoulder with hazard lights flashing?', '["Maintain speed; only emergency vehicles are covered","Honk to warn the stopped driver","Slow down and, if safely possible, change lanes away from the vehicle","Stop completely until the vehicle moves"]', 2, 'Washington''s Move Over law applies to any vehicle with flashing hazard lights on the shoulder; you must slow and change lanes if safe to do so.', 4
);

-- Wisconsin (WI)
INSERT OR REPLACE INTO rule_pack (id, jurisdiction, slug, name, maturity, createdAt) VALUES (
  'rp_wi_teen', 'US-WI', 'wi-teen', 'Wisconsin Teen Driver Education', 'level1', unixepoch('now')*1000
);
INSERT OR REPLACE INTO rule_pack_version (id, rulePackId, version, definition, publishedAt, notes, createdAt) VALUES (
  'rpv_wi_teen_1_0_0', 'rp_wi_teen', '1.0.0', '{"credentials":[{"key":"permit_eligibility","label":"Instruction Permit","deliveryMode":"manual"}],"requirements":[{"key":"classroom_hours","label":"Classroom hours","target":30,"unit":"hour"},{"key":"btw_hours","label":"Behind-the-wheel hours","target":6,"unit":"hour"},{"key":"supervised_practice_hours","label":"Supervised practice (parent log)","target":30,"unit":"hour"}],"rules":[{"key":"unlock_permit_eligibility","trigger":"enrollment.state_changed","conditions":{"jurisdiction":"US-WI","minPermitAge":15.5,"classroomHoursCompleted":{"gte":30}},"actions":[{"type":"unlock_credential","credential":"permit_eligibility"},{"type":"set_journey_state","value":"permit_eligible"}]}],"facts":{"agencyName":"Wisconsin Department of Transportation, Division of Motor Vehicles (WisDOT DMV)","minPermitAge":15.5,"minLicenseAge":16,"minPermitDurationMonths":6,"nighttimeRestriction":"Probationary license holders under 18 may not drive between midnight and 5:00 a.m. unless traveling to/from work, a school activity, or a religious event, or when accompanied by a qualified adult.","passengerRestriction":"During the first 9 months of holding a probationary license (or until age 18), the driver may carry only one passenger in addition to immediate family members, unless a qualified adult is in the front seat.","cellPhoneRule":"All drivers holding an instruction permit or probationary license are prohibited from using any cell phone (handheld or hands-free) while driving, except to report an emergency. Texting while driving is banned for all drivers in Wisconsin.","notes":"Wisconsin requires teens under 18 to complete a state-approved driver education course (30 hours classroom + 6 hours behind-the-wheel) before applying for an instruction permit. After the permit is issued, the teen must log 30 hours of supervised driving (at least 10 at night) and hold the permit for a minimum of 6 months with no convictions in the last 6 months before applying for a probationary license. Sponsorship by a parent or guardian is required for applicants under 18.","needsReview":["Exact minimum permit age (15 years 6 months) — confirm against current WisDOT GDL chart","Whether the 30 supervised hours / 10 night hours requirement has changed in recent rule updates","Whether ''qualified adult'' definition (21+, licensed 2+ years, or parent/guardian/spouse 19+) is still current","Most current cell phone statute citation and any 2024+ amendments","Whether probationary nighttime restriction end time is 5:00 a.m. statewide or varies"]}}', unixepoch('now')*1000, 'Generated; school must review and tweak.', unixepoch('now')*1000
);
INSERT OR REPLACE INTO content_pack (id, slug, name, scope, jurisdiction, description, createdAt) VALUES (
  'cp_wi_teen_overlay', 'wi-teen-overlay', 'Wisconsin Teen Overlay', 'state', 'US-WI', 'Wisconsin-specific supplemental lessons covering how to obtain an instruction permit through the WisDOT DMV, how the Graduated Driver Licensing (GDL) restrictions apply day-to-day, and the state-specific rules and quirks every new Wisconsin driver should know.', unixepoch('now')*1000
);
INSERT OR REPLACE INTO content_pack_version (id, contentPackId, version, notes, publishedAt, createdAt) VALUES (
  'cpv_wi_teen_overlay_1_0_0', 'cp_wi_teen_overlay', '1.0.0', 'Generated by per-state agent; human review required before publishing.', unixepoch('now')*1000, unixepoch('now')*1000
);
INSERT OR REPLACE INTO course (id, contentPackVersionId, slug, title, description, ordinal) VALUES (
  'course_wi_overlay', 'cpv_wi_teen_overlay_1_0_0', 'wi-overlay', 'Wisconsin Teen Driver Overlay', 'Wisconsin-specific supplemental lessons covering how to obtain an instruction permit through the WisDOT DMV, how the Graduated Driver Licensing (GDL) restrictions apply day-to-day, and the state-specific rules and quirks every new Wisconsin driver should know.', 0
);
INSERT OR REPLACE INTO module (id, courseId, slug, title, description, ordinal) VALUES (
  'module_wi_overlay', 'course_wi_overlay', 'wi-teen-overlay', 'Wisconsin Teen Driver Overlay', 'Wisconsin-specific supplemental lessons covering how to obtain an instruction permit through the WisDOT DMV, how the Graduated Driver Licensing (GDL) restrictions apply day-to-day, and the state-specific rules and quirks every new Wisconsin driver should know.', 0
);
INSERT OR REPLACE INTO lesson (id, moduleId, slug, title, body, estimatedSeatMinutes, ordinal) VALUES (
  'lesson_wi_how-to-get-a-wisconsin-instruction-permit', 'module_wi_overlay', 'how-to-get-a-wisconsin-instruction-permit', 'How to Get a Wisconsin Instruction Permit', '# How to Get a Wisconsin Instruction Permit

In Wisconsin, the **instruction permit** is the first step in the Graduated Driver Licensing (GDL) program for new drivers. It is issued by the Wisconsin Department of Transportation, Division of Motor Vehicles (WisDOT DMV), and it lets you practice driving under specific supervision rules before you qualify for a probationary license.

## Step 1: Meet the age and education requirements

If you are **under 18**, Wisconsin requires you to enroll in and complete (or be actively enrolled in) a state-approved driver education course **before** you can apply for the instruction permit. The course includes:

- **30 hours of classroom instruction**
- **6 hours of behind-the-wheel (BTW) training** with a certified instructor
- **6 hours of observation time** in the vehicle while another student drives

You must be at least **15 years and 6 months old** on the day you apply for the permit. Adults 18 and older can apply without driver education but still must pass the same knowledge and vision tests.

## Step 2: Gather your documents

Wisconsin is a REAL ID state, so the documents you bring matter. You will need to prove:

1. **Identity** — certified birth certificate, valid passport, or other DMV-approved primary ID.
2. **Social Security Number** — your SSN card, W-2, or pay stub showing the full number.
3. **Wisconsin residency** — **two different documents** such as a utility bill, bank statement, school enrollment letter, or lease, each showing your Wisconsin address.
4. **Legal name changes** — marriage certificates or court orders if your current name differs from your birth certificate.

If you are under 18, a **parent or legal guardian must sign a sponsorship form (MV3001)** in person at the DMV. The sponsor accepts financial responsibility for the teen driver.

## Step 3: Visit a WisDOT DMV Service Center

Unlike some states, the instruction permit application **cannot be completed entirely online** — you must appear in person at a DMV Service Center. Appointments are strongly recommended and can be booked through the WisDOT website. Bring:

- Your documents from Step 2
- Your driver education enrollment or completion certificate (form MV3001 from your school)
- Payment for the permit fee (currently around **$35**, subject to change)
- Glasses or contacts if you need them for the vision screening

## Step 4: Pass the required tests

At the DMV you will complete:

- A **vision screening** (20/40 or better in each eye, with or without correction)
- A **knowledge test** covering Wisconsin traffic laws, signs, and safe driving practices. The test is based on the *Wisconsin Motorists'' Handbook*. You can take a free practice test on the WisDOT site.
- A **signs test** identifying common road signs by shape and color

You do **not** take the road skills test until you apply for the probationary license.

## Step 5: Receive your permit and start the practice clock

Once you pass, you receive a paper interim permit immediately; the plastic card arrives by mail in 7–10 business days. The clock now starts on three required milestones before you can be licensed:

- **Hold the permit at least 6 months**
- **Log 30 hours of supervised driving** (at least **10 hours at night**)
- **Stay conviction-free for the 6 months immediately before applying** for your probationary license

While holding the permit, you must always be accompanied by a **qualified sponsor** (parent, guardian, spouse 19+, or a licensed driver 21+ with at least 2 years of licensed driving experience) seated in the front passenger seat. You may not use a cell phone for any reason except to report an emergency.', 25, 0
);
INSERT OR REPLACE INTO quiz (id, lessonId, title, passingScore, shuffleQuestions) VALUES (
  'quiz_wi_how-to-get-a-wisconsin-instruction-permit', 'lesson_wi_how-to-get-a-wisconsin-instruction-permit', 'Wisconsin Instruction Permit Quiz', 80, 1
);
INSERT OR REPLACE INTO quiz_question (id, quizId, prompt, choices, correctIndex, explanation, ordinal) VALUES (
  'q_wi_how-to-get-a-wisconsin-instruction-permit_0', 'quiz_wi_how-to-get-a-wisconsin-instruction-permit', 'What is the minimum age to apply for a Wisconsin instruction permit?', '["14 years","15 years","15 years and 6 months","16 years"]', 2, 'Wisconsin requires applicants to be at least 15 years and 6 months old to apply for the instruction permit.', 0
);
INSERT OR REPLACE INTO quiz_question (id, quizId, prompt, choices, correctIndex, explanation, ordinal) VALUES (
  'q_wi_how-to-get-a-wisconsin-instruction-permit_1', 'quiz_wi_how-to-get-a-wisconsin-instruction-permit', 'How many classroom hours of driver education are required for Wisconsin teens?', '["20 hours","25 hours","30 hours","40 hours"]', 2, 'Wisconsin''s approved driver education curriculum requires 30 hours of classroom instruction in addition to behind-the-wheel and observation hours.', 1
);
INSERT OR REPLACE INTO quiz_question (id, quizId, prompt, choices, correctIndex, explanation, ordinal) VALUES (
  'q_wi_how-to-get-a-wisconsin-instruction-permit_2', 'quiz_wi_how-to-get-a-wisconsin-instruction-permit', 'How many hours of supervised driving practice must a Wisconsin permit holder log before getting a probationary license?', '["10 hours","20 hours","30 hours, with at least 10 at night","50 hours, with at least 15 at night"]', 2, 'Wisconsin requires 30 total supervised driving hours, including at least 10 hours of nighttime driving.', 2
);
INSERT OR REPLACE INTO quiz_question (id, quizId, prompt, choices, correctIndex, explanation, ordinal) VALUES (
  'q_wi_how-to-get-a-wisconsin-instruction-permit_3', 'quiz_wi_how-to-get-a-wisconsin-instruction-permit', 'Who must sign the sponsorship form for a Wisconsin permit applicant under 18?', '["Any licensed adult","A parent or legal guardian, in person at the DMV","A high school principal","A certified driving instructor"]', 1, 'A parent or legal guardian must appear in person at the DMV to sign Form MV3001 accepting sponsorship and financial responsibility.', 3
);
INSERT OR REPLACE INTO quiz_question (id, quizId, prompt, choices, correctIndex, explanation, ordinal) VALUES (
  'q_wi_how-to-get-a-wisconsin-instruction-permit_4', 'quiz_wi_how-to-get-a-wisconsin-instruction-permit', 'What is the minimum amount of time you must hold a Wisconsin instruction permit before applying for a probationary license?', '["3 months","6 months","9 months","12 months"]', 1, 'Wisconsin requires the instruction permit to be held for at least 6 months, with no convictions in the 6 months immediately before applying for the probationary license.', 4
);
INSERT OR REPLACE INTO lesson (id, moduleId, slug, title, body, estimatedSeatMinutes, ordinal) VALUES (
  'lesson_wi_wisconsin-gdl-restrictions-daily-life', 'module_wi_overlay', 'wisconsin-gdl-restrictions-daily-life', 'Wisconsin GDL Restrictions in Daily Life', '# Wisconsin GDL Restrictions in Daily Life

Wisconsin''s **Graduated Driver Licensing (GDL)** program is built around a simple idea: new drivers get more independence in stages as they prove they can handle the road safely. Once you move from the instruction permit to the **probationary license**, several restrictions follow you for at least the first 9 months — or until you turn 18, whichever comes first. Understanding how those rules play out in real life keeps you legal and keeps your license.

## The nighttime driving window

Probationary drivers under 18 are **not allowed to drive between midnight and 5:00 a.m.** This rule is enforced strictly, and a violation can extend your probation period or trigger license suspension.

There are three narrow exceptions:

1. **Driving to or from work** — you should keep a recent pay stub or a note from your employer in the glove box.
2. **Driving to or from a school-sponsored activity** — for example, returning home from a late basketball game or a band competition.
3. **Driving to or from a religious event** — late services or youth-group meetings count.

In all three cases, an officer can still pull you over and ask for proof. "I was just heading home from a friend''s house" is **not** a valid exception, even if the friend lives next door. If you are accompanied by a **qualified adult** (parent, guardian, spouse 19+, or a licensed driver 21+ with 2+ years of experience) in the front seat, the curfew does not apply.

## The passenger limit

During the first **9 months** of holding the probationary license, you may only carry **one passenger** who is not an immediate family member, unless a qualified adult is seated in the front passenger seat.

In day-to-day terms:

- Driving your younger brother and sister to school? **Allowed** — they are immediate family.
- Picking up three teammates for practice? **Not allowed.**
- Giving a single friend a ride home? **Allowed.**
- Driving two friends with your mom in the front seat? **Allowed** — the qualified adult overrides the limit.

This rule exists because crash data consistently shows that the **fatality risk for a teen driver more than doubles** with two or more teen passengers in the car.

## The cell phone ban

Wisconsin law goes beyond the general texting-while-driving ban for permit and probationary drivers: you may **not use a cell phone in any manner** — handheld, hands-free, Bluetooth, or speakerphone — while operating the vehicle. The **only** exception is reporting an emergency (a crash, a medical situation, an impaired driver). Even using your phone as a GPS counts as a violation if it is in your hand or you are interacting with it.

Practical habits to adopt:

- Mount your phone before you start the engine and program your route in advance.
- Set your device to "Do Not Disturb While Driving" mode.
- Pull into a parking lot — not the shoulder — to take an unavoidable call.

## Seat belts and zero tolerance for alcohol

Wisconsin enforces a **primary seat belt law** — an officer can pull you over solely for an unbelted driver or passenger. Probationary drivers are also subject to **Wisconsin''s Not-a-Drop law**: any detectable alcohol in the system of a driver under 21 results in license suspension and fines, regardless of whether you appear impaired.

## Convictions and your timeline

Any conviction during the probationary period — speeding, a curfew violation, riding with too many passengers — **restarts the conviction-free clock** you need to complete the GDL phase. Two convictions can trigger suspension; three results in revocation. The 9-month restriction window can stretch into a year or more if violations stack up. Treat the first 9 months as the most important driving habits you will ever build: they shape both your record and your insurance rate for years.', 25, 1
);
INSERT OR REPLACE INTO quiz (id, lessonId, title, passingScore, shuffleQuestions) VALUES (
  'quiz_wi_wisconsin-gdl-restrictions-daily-life', 'lesson_wi_wisconsin-gdl-restrictions-daily-life', 'Wisconsin GDL Restrictions Quiz', 80, 1
);
INSERT OR REPLACE INTO quiz_question (id, quizId, prompt, choices, correctIndex, explanation, ordinal) VALUES (
  'q_wi_wisconsin-gdl-restrictions-daily-life_0', 'quiz_wi_wisconsin-gdl-restrictions-daily-life', 'During what hours are Wisconsin probationary drivers under 18 generally prohibited from driving?', '["10 p.m. to 4 a.m.","11 p.m. to 6 a.m.","Midnight to 5 a.m.","1 a.m. to 6 a.m."]', 2, 'Wisconsin''s nighttime restriction for probationary drivers under 18 runs from midnight to 5 a.m., with limited exceptions for work, school, and religious activities.', 0
);
INSERT OR REPLACE INTO quiz_question (id, quizId, prompt, choices, correctIndex, explanation, ordinal) VALUES (
  'q_wi_wisconsin-gdl-restrictions-daily-life_1', 'quiz_wi_wisconsin-gdl-restrictions-daily-life', 'Which of the following is NOT a valid exception to the Wisconsin nighttime driving restriction?', '["Driving home from a part-time job","Driving home from a school basketball game","Driving home from a friend''s house","Driving home from a late religious service"]', 2, 'Wisconsin''s exceptions cover work, school activities, and religious events — driving home from a friend''s house is not an exception.', 1
);
INSERT OR REPLACE INTO quiz_question (id, quizId, prompt, choices, correctIndex, explanation, ordinal) VALUES (
  'q_wi_wisconsin-gdl-restrictions-daily-life_2', 'quiz_wi_wisconsin-gdl-restrictions-daily-life', 'During the first 9 months of a Wisconsin probationary license, how many non-family passengers may the driver carry without a qualified adult present?', '["None","One","Two","Three"]', 1, 'Only one passenger who is not an immediate family member is allowed unless a qualified adult sits in the front passenger seat.', 2
);
INSERT OR REPLACE INTO quiz_question (id, quizId, prompt, choices, correctIndex, explanation, ordinal) VALUES (
  'q_wi_wisconsin-gdl-restrictions-daily-life_3', 'quiz_wi_wisconsin-gdl-restrictions-daily-life', 'Which cell phone use is permitted for a Wisconsin probationary driver while driving?', '["Hands-free voice calls","Using GPS navigation handheld","Reporting an emergency","Texting at a red light"]', 2, 'Permit and probationary drivers may only use a phone while driving to report an emergency — all other use is prohibited.', 3
);
INSERT OR REPLACE INTO quiz_question (id, quizId, prompt, choices, correctIndex, explanation, ordinal) VALUES (
  'q_wi_wisconsin-gdl-restrictions-daily-life_4', 'quiz_wi_wisconsin-gdl-restrictions-daily-life', 'Under Wisconsin''s ''Not-a-Drop'' law, what blood alcohol level triggers license consequences for a driver under 21?', '["0.08% or higher","0.05% or higher","0.02% or higher","Any detectable amount"]', 3, 'Wisconsin''s Not-a-Drop law imposes consequences for any detectable amount of alcohol in a driver under 21, regardless of impairment.', 4
);
INSERT OR REPLACE INTO lesson (id, moduleId, slug, title, body, estimatedSeatMinutes, ordinal) VALUES (
  'lesson_wi_wisconsin-specific-rules-and-quirks', 'module_wi_overlay', 'wisconsin-specific-rules-and-quirks', 'Wisconsin-Specific Rules and Quirks', '# Wisconsin-Specific Rules and Quirks

Every state has driving rules that surprise people who learned to drive somewhere else. Wisconsin''s landscape — long rural highways, harsh winters, deer everywhere, and dense urban grids in Milwaukee and Madison — has produced a set of laws and conventions you will not see in the same form in other states. Knowing them protects your license and your safety.

## Move Over Law

Wisconsin''s **Move Over Law** requires drivers approaching a stopped emergency vehicle, tow truck, highway maintenance vehicle, or utility vehicle with flashing lights to either:

- **Move over** one lane away from the stopped vehicle if it is safe to do so, or
- **Slow down significantly** below the posted speed limit if changing lanes is not possible.

Violations carry fines and demerit points. This law has expanded several times — it now covers civilian vehicles using hazard lights or warning triangles on the shoulder, not just emergency responders.

## Deer collisions and rural driving

Wisconsin consistently ranks in the top five states nationally for deer-vehicle collisions, with roughly **18,000 to 20,000 reported crashes each year**. Most happen between **October and December** during the rut, and between **dusk and dawn**.

Key habits:

- Scan ditches and tree lines, not just the road.
- If you see one deer, expect more — they travel in groups.
- **Do not swerve** to avoid a deer. Brake firmly, stay in your lane, and hit it straight on if a collision is unavoidable. Swerving is the leading cause of fatal injuries in deer crashes because drivers end up in oncoming traffic or in a ditch.
- Report any deer crash with over **$1,000 in damage** to law enforcement within 10 days.

## Winter driving and the "reasonable and prudent" rule

Wisconsin enforces a **basic speed law**: even if you are below the posted limit, you can be cited for driving too fast for conditions. In a snowstorm or on black ice, 45 mph in a 55 zone may still be too fast. Required winter skills include:

- Knowing how your vehicle reacts to **ABS braking** on ice (the pedal will pulse — keep pressing).
- Keeping at least **8–10 seconds of following distance** on slick roads.
- Carrying a winter survival kit (blanket, water, snacks, jumper cables, a small shovel).
- Clearing **all** snow and ice from windows, hood, roof, and lights before driving. Wisconsin can cite you for snow flying off your roof striking another vehicle.

## Roundabouts

Wisconsin has aggressively built roundabouts to replace traditional intersections, especially in the southeast and around Madison. The rules:

1. **Yield to traffic already in the roundabout** — including the inside lane.
2. **Choose the correct lane before entering** — right lane for right turns or straight, left lane for left turns or U-turns (signage varies).
3. **Signal your exit**, not your entry.
4. **Do not stop inside the roundabout** for an emergency vehicle — exit first, then pull over.

## Snowmobiles, ATVs, and farm equipment

In many Wisconsin counties, **snowmobiles** and **ATVs** are legally allowed on certain roads and road shoulders. Expect them in winter and during fall hunting season. **Slow-moving farm equipment** (orange triangle on the back) is common on rural roads spring through fall; pass only in a legal passing zone with clear sight distance.

## Lights-on-with-wipers and headlight rules

Wisconsin requires headlights to be on:

- From **30 minutes after sunset to 30 minutes before sunrise**
- Whenever weather conditions reduce visibility (rain, snow, fog) such that you cannot clearly see persons or vehicles at 500 feet

Daytime running lights alone do **not** satisfy this requirement — your taillights must also be on.

## Right turn on red and ''dead red'' law

Right turn on red is permitted after a complete stop unless posted otherwise. Wisconsin also has a **''dead red'' provision**: if a traffic signal fails to detect your vehicle (common for motorcycles and bikes, but applies to cars too) and remains red after a reasonable wait, you may proceed cautiously through the red light after yielding to all other traffic. You must be able to demonstrate the signal was malfunctioning if cited.', 25, 2
);
INSERT OR REPLACE INTO quiz (id, lessonId, title, passingScore, shuffleQuestions) VALUES (
  'quiz_wi_wisconsin-specific-rules-and-quirks', 'lesson_wi_wisconsin-specific-rules-and-quirks', 'Wisconsin Rules and Quirks Quiz', 80, 1
);
INSERT OR REPLACE INTO quiz_question (id, quizId, prompt, choices, correctIndex, explanation, ordinal) VALUES (
  'q_wi_wisconsin-specific-rules-and-quirks_0', 'quiz_wi_wisconsin-specific-rules-and-quirks', 'Under Wisconsin''s Move Over Law, what must you do when approaching a stopped emergency vehicle with flashing lights?', '["Maintain your speed but honk to acknowledge it","Move over one lane if safe, or slow down significantly if you cannot","Come to a complete stop in your lane","Switch on your high beams"]', 1, 'Wisconsin requires drivers to move over one lane away from the stopped vehicle when safe, or significantly reduce speed if a lane change is not possible.', 0
);
INSERT OR REPLACE INTO quiz_question (id, quizId, prompt, choices, correctIndex, explanation, ordinal) VALUES (
  'q_wi_wisconsin-specific-rules-and-quirks_1', 'quiz_wi_wisconsin-specific-rules-and-quirks', 'What is the recommended action if a deer suddenly enters your lane and a collision appears unavoidable?', '["Swerve sharply to the left into the oncoming lane","Swerve right onto the shoulder regardless of conditions","Brake firmly, stay in your lane, and hit it straight on","Accelerate to clear the deer''s path"]', 2, 'Swerving causes most fatal deer-collision injuries. Brake firmly, stay in your lane, and accept a straight-on impact if unavoidable.', 1
);
INSERT OR REPLACE INTO quiz_question (id, quizId, prompt, choices, correctIndex, explanation, ordinal) VALUES (
  'q_wi_wisconsin-specific-rules-and-quirks_2', 'quiz_wi_wisconsin-specific-rules-and-quirks', 'Wisconsin''s basic speed law means:', '["You may always drive up to the posted speed limit","You must drive at least 10 mph under the limit in winter","You can be cited for driving too fast for conditions even when below the posted limit","Speed limits do not apply on rural roads"]', 2, 'Wisconsin''s basic speed law requires drivers to operate at a reasonable and prudent speed for current conditions, regardless of the posted limit.', 2
);
INSERT OR REPLACE INTO quiz_question (id, quizId, prompt, choices, correctIndex, explanation, ordinal) VALUES (
  'q_wi_wisconsin-specific-rules-and-quirks_3', 'quiz_wi_wisconsin-specific-rules-and-quirks', 'When entering a Wisconsin roundabout, you must:', '["Yield to traffic already in the roundabout, including the inside lane","Stop completely before entering, even if no traffic is present","Take the outside lane for any left turn","Signal as you enter"]', 0, 'Drivers entering a roundabout must yield to all traffic already circulating, including vehicles in the inside lane.', 3
);
INSERT OR REPLACE INTO quiz_question (id, quizId, prompt, choices, correctIndex, explanation, ordinal) VALUES (
  'q_wi_wisconsin-specific-rules-and-quirks_4', 'quiz_wi_wisconsin-specific-rules-and-quirks', 'When does Wisconsin law require your headlights to be on?', '["Only after full sunset until full sunrise","From 30 minutes after sunset until 30 minutes before sunrise, and whenever weather reduces visibility","Only when driving above 45 mph","Only when daytime running lights are inoperative"]', 1, 'Wisconsin requires headlights (not just DRLs) from 30 minutes after sunset to 30 minutes before sunrise, and whenever weather reduces visibility below 500 feet.', 4
);

-- West Virginia (WV)
INSERT OR REPLACE INTO rule_pack (id, jurisdiction, slug, name, maturity, createdAt) VALUES (
  'rp_wv_teen', 'US-WV', 'wv-teen', 'West Virginia Teen Driver Education', 'level1', unixepoch('now')*1000
);
INSERT OR REPLACE INTO rule_pack_version (id, rulePackId, version, definition, publishedAt, notes, createdAt) VALUES (
  'rpv_wv_teen_1_0_0', 'rp_wv_teen', '1.0.0', '{"credentials":[{"key":"permit_eligibility","label":"Level 1 Instruction Permit","deliveryMode":"manual"}],"requirements":[{"key":"classroom_hours","label":"Classroom hours","target":30,"unit":"hour"},{"key":"btw_hours","label":"Behind-the-wheel hours","target":6,"unit":"hour"},{"key":"supervised_practice_hours","label":"Supervised practice (parent log)","target":50,"unit":"hour"}],"rules":[{"key":"unlock_permit_eligibility","trigger":"enrollment.state_changed","conditions":{"jurisdiction":"US-WV","minPermitAge":15,"classroomHoursCompleted":{"gte":30}},"actions":[{"type":"unlock_credential","credential":"permit_eligibility"},{"type":"set_journey_state","value":"permit_eligible"}]}],"facts":{"agencyName":"West Virginia Division of Motor Vehicles (WV DMV)","minPermitAge":15,"minLicenseAge":16,"minPermitDurationMonths":6,"nighttimeRestriction":"Level 2 (Intermediate) drivers may not drive between 10:00 p.m. and 5:00 a.m. unless accompanied by a licensed driver age 21+, or for documented work, school, religious, or emergency purposes.","passengerRestriction":"During the first 6 months at Level 2, no non-family passengers under age 20 are allowed. During the second 6 months, no more than one non-family passenger under age 20. After 12 months at Level 2, no more than three non-family passengers under age 20 until age 18.","cellPhoneRule":"Drivers under 18 are prohibited from using any wireless communication device while driving, including hands-free. All West Virginia drivers are banned from texting and from using a handheld phone while driving.","notes":"West Virginia uses a three-level GDL system: Level 1 (Instruction Permit) at 15, Level 2 (Intermediate License) at 16 after holding the permit for at least 180 days with 50 hours of supervised driving (including 10 at night), and Level 3 (Full License) at 17 (or 18 if the driver has any violations during Level 2). Applicants under 18 must show proof of school enrollment or a high school diploma/GED, and successful completion of a state-approved driver education course can reduce the required permit holding period. Driver education is offered through many WV public high schools but is not strictly mandatory; the supervised practice requirement applies to all teen applicants.","needsReview":["Exact required classroom hours for state-approved driver education programs in WV (commonly cited as 30 but varies by school)","Exact BTW hours required by WV driver education programs (6 is the commonly cited minimum but not universally codified)","Whether completion of driver education reduces the 180-day permit hold (some sources suggest yes, others no)","Exact phrasing and statute citation for the nighttime and passenger restrictions","Current cell phone statute citation and whether enforcement is primary or secondary for adults"]}}', unixepoch('now')*1000, 'Generated; school must review and tweak.', unixepoch('now')*1000
);
INSERT OR REPLACE INTO content_pack (id, slug, name, scope, jurisdiction, description, createdAt) VALUES (
  'cp_wv_teen_overlay', 'wv-teen-overlay', 'West Virginia Teen Overlay', 'state', 'US-WV', 'West Virginia-specific lessons covering the WV DMV Graduated Driver License (GDL) program: how to obtain a Level 1 Instruction Permit, how Level 2 restrictions affect everyday driving, and the state-specific rules and quirks every new WV driver needs to understand before getting behind the wheel on Mountain State roads.', unixepoch('now')*1000
);
INSERT OR REPLACE INTO content_pack_version (id, contentPackId, version, notes, publishedAt, createdAt) VALUES (
  'cpv_wv_teen_overlay_1_0_0', 'cp_wv_teen_overlay', '1.0.0', 'Generated by per-state agent; human review required before publishing.', unixepoch('now')*1000, unixepoch('now')*1000
);
INSERT OR REPLACE INTO course (id, contentPackVersionId, slug, title, description, ordinal) VALUES (
  'course_wv_overlay', 'cpv_wv_teen_overlay_1_0_0', 'wv-overlay', 'West Virginia Teen Driver Overlay', 'West Virginia-specific lessons covering the WV DMV Graduated Driver License (GDL) program: how to obtain a Level 1 Instruction Permit, how Level 2 restrictions affect everyday driving, and the state-specific rules and quirks every new WV driver needs to understand before getting behind the wheel on Mountain State roads.', 0
);
INSERT OR REPLACE INTO module (id, courseId, slug, title, description, ordinal) VALUES (
  'module_wv_overlay', 'course_wv_overlay', 'wv-teen-overlay', 'West Virginia Teen Driver Overlay', 'West Virginia-specific lessons covering the WV DMV Graduated Driver License (GDL) program: how to obtain a Level 1 Instruction Permit, how Level 2 restrictions affect everyday driving, and the state-specific rules and quirks every new WV driver needs to understand before getting behind the wheel on Mountain State roads.', 0
);
INSERT OR REPLACE INTO lesson (id, moduleId, slug, title, body, estimatedSeatMinutes, ordinal) VALUES (
  'lesson_wv_how-to-get-a-wv-permit', 'module_wv_overlay', 'how-to-get-a-wv-permit', 'How to Get Your West Virginia Level 1 Instruction Permit', '# How to Get Your West Virginia Level 1 Instruction Permit

West Virginia uses a three-step Graduated Driver License (GDL) program administered by the West Virginia Division of Motor Vehicles (WV DMV). The very first step is the **Level 1 Instruction Permit**, which lets you practice driving with a licensed adult before you ever drive alone. This lesson walks you through exactly what you need, what to expect at the DMV office, and how to prepare so you pass on the first try.

## Step 1: Confirm You Are Eligible

To apply for a Level 1 Instruction Permit in West Virginia, you must be **at least 15 years old**. There is no upper age limit, but applicants under 18 have additional requirements. You also must:

- Be a resident of West Virginia.
- Provide proof you are enrolled in school, have graduated, or have earned a GED. WV will not issue a permit to a school-age minor who is not making satisfactory academic progress.
- Have written consent from a parent or legal guardian if you are under 18. The parent or guardian must sign the application in front of the DMV clerk or have it notarized.

## Step 2: Gather Your Documents

West Virginia follows federal REAL ID rules. Bring originals or certified copies — photocopies are not accepted. You will need:

1. **Proof of identity** — certified U.S. birth certificate, valid U.S. passport, or an immigration document.
2. **Proof of Social Security Number** — Social Security card, W-2, or pay stub showing the full SSN.
3. **Two proofs of West Virginia residency** — utility bill, bank statement, school record, or similar document dated within the last 60 days and showing your WV address. If you live with a parent, a parental affidavit plus their proofs work.
4. **Proof of school enrollment / progress** (if under 18) — the WV DMV-DS-1 form signed by your school.
5. **Parental consent** — the parent/guardian section of the application, signed in person or notarized.

## Step 3: Pay the Fee and Take the Tests

Go to any WV DMV regional office. Walk-ins are accepted but appointments are faster — you can book one at dmv.wv.gov. At the counter you will:

- Pay the instruction permit fee (currently around \$7.50, plus a small lamination fee). Bring a card or cash; check the DMV website for current amounts.
- Pass a **vision screening** (20/40 in at least one eye, with or without corrective lenses).
- Pass the **knowledge test** — 25 multiple-choice questions drawn from the WV Driver''s Licensing Handbook. You must get at least 19 correct (76%). Questions cover road signs, traffic laws, safe driving practices, and the GDL restrictions themselves.
- Have your photo taken.

If you fail the knowledge test, WV requires you to wait until the next business day to retake it. Study the handbook — it is free at dmv.wv.gov.

## Step 4: Start the 180-Day Holding Period

Once issued, you must hold the Level 1 permit for **at least 180 days (six months)** before you can move up to a Level 2 Intermediate License. During this period:

- You may only drive when accompanied by a licensed driver age 21 or older who is seated next to you.
- All occupants must wear seat belts.
- You may not use any cell phone or wireless device while driving, even hands-free.
- You must log **50 hours of supervised driving**, including **at least 10 hours at night**. Keep the WV DMV practice log — you will turn it in when you apply for Level 2.

Any moving violation, alcohol offense, or seat belt violation during Level 1 can extend the holding period or delay your move to Level 2.

## Step 5: Plan Ahead for Level 2

Mark your calendar for 180 days out. As that date approaches, make sure your practice log is complete, signed by a parent or guardian, and that you have scheduled your road skills test. We will cover the Level 2 transition in the next lesson.

**Bottom line:** show up to the WV DMV with the right documents, study the handbook, and treat the 180-day permit phase as real practice — not a waiting period. Every hour behind the wheel now is an hour that will make your road test, and your first solo drive, dramatically safer.', 35, 0
);
INSERT OR REPLACE INTO quiz (id, lessonId, title, passingScore, shuffleQuestions) VALUES (
  'quiz_wv_how-to-get-a-wv-permit', 'lesson_wv_how-to-get-a-wv-permit', 'WV Permit Basics Quiz', 80, 1
);
INSERT OR REPLACE INTO quiz_question (id, quizId, prompt, choices, correctIndex, explanation, ordinal) VALUES (
  'q_wv_how-to-get-a-wv-permit_0', 'quiz_wv_how-to-get-a-wv-permit', 'What is the minimum age to apply for a West Virginia Level 1 Instruction Permit?', '["14","15","16","17"]', 1, 'West Virginia allows teens to apply for the Level 1 Instruction Permit at age 15.', 0
);
INSERT OR REPLACE INTO quiz_question (id, quizId, prompt, choices, correctIndex, explanation, ordinal) VALUES (
  'q_wv_how-to-get-a-wv-permit_1', 'quiz_wv_how-to-get-a-wv-permit', 'How long must you hold the WV Level 1 Instruction Permit before applying for a Level 2 Intermediate License?', '["30 days","90 days","180 days","365 days"]', 2, 'The minimum holding period for the Level 1 permit is 180 days (about six months).', 1
);
INSERT OR REPLACE INTO quiz_question (id, quizId, prompt, choices, correctIndex, explanation, ordinal) VALUES (
  'q_wv_how-to-get-a-wv-permit_2', 'quiz_wv_how-to-get-a-wv-permit', 'How many total hours of supervised driving must a WV permit holder log, and how many of those must be at night?', '["30 total / 5 at night","40 total / 8 at night","50 total / 10 at night","60 total / 15 at night"]', 2, 'West Virginia requires 50 hours of supervised driving with at least 10 of those hours after dark.', 2
);
INSERT OR REPLACE INTO quiz_question (id, quizId, prompt, choices, correctIndex, explanation, ordinal) VALUES (
  'q_wv_how-to-get-a-wv-permit_3', 'quiz_wv_how-to-get-a-wv-permit', 'Who must be in the front passenger seat when a Level 1 permit holder is driving?', '["Any licensed driver 18 or older","A licensed driver 21 or older","A parent or legal guardian only","A driving instructor only"]', 1, 'WV requires a licensed driver age 21 or older seated next to the permit holder at all times.', 3
);
INSERT OR REPLACE INTO quiz_question (id, quizId, prompt, choices, correctIndex, explanation, ordinal) VALUES (
  'q_wv_how-to-get-a-wv-permit_4', 'quiz_wv_how-to-get-a-wv-permit', 'What proof must applicants under 18 typically provide to the WV DMV in addition to identity and residency documents?', '["A notarized employer letter","Proof of school enrollment, graduation, or GED, plus parental consent","A clean credit report","A federal background check"]', 1, 'Minors must show satisfactory school progress (or a diploma/GED) and have a parent or guardian sign the application.', 4
);
INSERT OR REPLACE INTO lesson (id, moduleId, slug, title, body, estimatedSeatMinutes, ordinal) VALUES (
  'lesson_wv_wv-gdl-restrictions-daily-life', 'module_wv_overlay', 'wv-gdl-restrictions-daily-life', 'West Virginia GDL Restrictions in Daily Life', '# West Virginia GDL Restrictions in Daily Life

Getting your Level 2 Intermediate License is a huge milestone — but in West Virginia it is not a "full" license. The state''s Graduated Driver License (GDL) program puts real limits on **when** you can drive, **who** can ride with you, and **how** you can use your phone. Knowing these rules cold protects your license and your insurance rates.

## When You Can (and Can''t) Drive: The Night Rule

Level 2 drivers in West Virginia **may not drive between 10:00 p.m. and 5:00 a.m.** This is one of the strictest nighttime windows in the country. There are narrow exceptions:

- You are accompanied by a licensed driver age 21 or older seated next to you.
- You are driving to or from documented **employment**.
- You are driving to or from a **school-sanctioned activity**.
- You are driving to or from a **religious event**.
- You are responding to an **emergency**.

If an officer stops you after 10 p.m., be ready to show a pay stub, school activity letter, or other proof. "I was just on my way home from a friend''s house" is not an exception — and a violation can push your Level 3 full-license date back to age 18.

## Who Can Ride With You: The Passenger Rule

West Virginia phases passenger limits in three stages tied to how long you have held the Level 2 license:

- **First 6 months:** zero non-family passengers under age 20. Siblings and other household family members are fine; classmates and friends are not.
- **Second 6 months (months 7–12):** no more than **one** non-family passenger under 20.
- **After 12 months of Level 2:** no more than **three** non-family passengers under 20 until you turn 18 or move to Level 3.

Why? National crash data shows teen-driver fatal crash risk roughly doubles with one teen passenger and quadruples with three or more. WV''s tiered approach lets you build experience before adding social distractions.

## Phones and Wireless Devices

If you are **under 18**, West Virginia bans **all** use of a cell phone or wireless communication device while driving — including hands-free, including at a red light, including for navigation. The only legal option is to pull over and stop.

All WV drivers, regardless of age, are subject to:

- A **handheld ban** — no holding a phone to talk or text.
- A **texting ban** — no reading, writing, or sending texts or emails behind the wheel.

Violations are a primary offense, meaning an officer can pull you over for the phone use alone.

## Seat Belts and Passengers

West Virginia is a primary-enforcement seat belt state for front-seat occupants and for all passengers under 18 anywhere in the vehicle. A Level 2 driver is responsible for making sure **every** occupant is buckled. Child passenger safety law requires:

- Children under 8 and under 4''9" must be in an appropriate child or booster seat.
- Children under 2 must be in a rear-facing seat.

## What Counts as a Violation That Resets the Clock

During Level 2 you must stay conviction-free for **12 consecutive months** to graduate to Level 3 at age 17. A moving violation, seat belt ticket, or GDL violation can:

- Restart your 12-month clean-record clock.
- Delay your Level 3 license until age 18.
- Trigger a suspension if alcohol or drugs are involved (WV''s zero-tolerance law applies to anyone under 21).

## Practical Daily-Life Examples

- **Friday night football game ending at 10:30 p.m.** — You need a parent or a licensed 21+ driver to ride home with you, *or* you need documentation that this counts as a school activity.
- **Driving three teammates home from practice in your first month of Level 2** — Not allowed. Only family members under 20 may ride.
- **Quick GPS check at a red light** — If you are under 18, still illegal. Mount the phone and set the route before you put the car in drive.
- **Late shift at a fast-food job that ends at 11 p.m.** — Allowed, but carry a current pay stub or a letter from your employer.

**Bottom line:** Level 2 is a probationary license. Treat the night, passenger, and phone rules as bright lines — not suggestions — and you will reach a clean, unrestricted Level 3 license on schedule.', 30, 1
);
INSERT OR REPLACE INTO quiz (id, lessonId, title, passingScore, shuffleQuestions) VALUES (
  'quiz_wv_wv-gdl-restrictions-daily-life', 'lesson_wv_wv-gdl-restrictions-daily-life', 'WV GDL Daily-Life Quiz', 80, 1
);
INSERT OR REPLACE INTO quiz_question (id, quizId, prompt, choices, correctIndex, explanation, ordinal) VALUES (
  'q_wv_wv-gdl-restrictions-daily-life_0', 'quiz_wv_wv-gdl-restrictions-daily-life', 'During which hours are West Virginia Level 2 drivers generally prohibited from driving unsupervised?', '["9:00 p.m. to 6:00 a.m.","10:00 p.m. to 5:00 a.m.","11:00 p.m. to 4:00 a.m.","Midnight to 6:00 a.m."]', 1, 'The WV nighttime restriction for Level 2 runs from 10:00 p.m. to 5:00 a.m., with limited exceptions for work, school, religious, and emergency travel.', 0
);
INSERT OR REPLACE INTO quiz_question (id, quizId, prompt, choices, correctIndex, explanation, ordinal) VALUES (
  'q_wv_wv-gdl-restrictions-daily-life_1', 'quiz_wv_wv-gdl-restrictions-daily-life', 'In the first six months of holding a WV Level 2 license, which passengers are allowed?', '["Up to three friends under 20","One friend under 20","Only family members; no non-family passengers under 20","Any passengers, with no restrictions"]', 2, 'For the first six months at Level 2, no non-family passengers under age 20 are allowed.', 1
);
INSERT OR REPLACE INTO quiz_question (id, quizId, prompt, choices, correctIndex, explanation, ordinal) VALUES (
  'q_wv_wv-gdl-restrictions-daily-life_2', 'quiz_wv_wv-gdl-restrictions-daily-life', 'Which of the following is TRUE about cell phone use for WV drivers under 18?', '["Hands-free is allowed if the call is short","Texting is allowed at red lights","All wireless device use while driving is prohibited","GPS apps are exempt"]', 2, 'WV bans all wireless communication device use, including hands-free and navigation, for drivers under 18.', 2
);
INSERT OR REPLACE INTO quiz_question (id, quizId, prompt, choices, correctIndex, explanation, ordinal) VALUES (
  'q_wv_wv-gdl-restrictions-daily-life_3', 'quiz_wv_wv-gdl-restrictions-daily-life', 'A Level 2 driver gets off a documented work shift at 11:00 p.m. What should they carry to justify driving home alone?', '["Nothing — work travel is automatically assumed","A pay stub or letter from the employer","A signed permission slip from a parent","A copy of their birth certificate"]', 1, 'Work travel is a valid exception, but the driver should carry proof such as a pay stub or employer letter.', 3
);
INSERT OR REPLACE INTO quiz_question (id, quizId, prompt, choices, correctIndex, explanation, ordinal) VALUES (
  'q_wv_wv-gdl-restrictions-daily-life_4', 'quiz_wv_wv-gdl-restrictions-daily-life', 'What can happen if a WV Level 2 driver is convicted of a moving violation during the 12-month probation?', '["Nothing — Level 2 has no clean-record requirement","The Level 3 full license can be delayed until age 18","The driver must retake the written test the next day","The driver is automatically reverted to Level 1"]', 1, 'Violations during Level 2 can restart the clean-record clock and push the Level 3 full license to age 18.', 4
);
INSERT OR REPLACE INTO lesson (id, moduleId, slug, title, body, estimatedSeatMinutes, ordinal) VALUES (
  'lesson_wv_wv-specific-rules-and-quirks', 'module_wv_overlay', 'wv-specific-rules-and-quirks', 'West Virginia-Specific Rules and Mountain State Quirks', '# West Virginia-Specific Rules and Mountain State Quirks

Driving in West Virginia is not the same as driving in flat, grid-shaped states. The terrain, weather, wildlife, and a handful of state-specific laws make the Mountain State unique. This lesson covers the rules and conditions you are most likely to be tested on — and most likely to actually encounter on your first solo drives.

## Mountain Driving: Hairpins, Grades, and the Yielding Rule

West Virginia is the third-most mountainous state in the U.S. Many secondary roads are narrow, winding, and one-and-a-half lanes wide. Two key habits:

- **Downhill yields to uphill** on narrow mountain roads where two vehicles cannot pass. The uphill driver has less control and a harder restart, so the downhill driver should pull over and let them pass.
- **Use engine braking on long descents.** Shift to a lower gear (D2, L, or a manual gear) rather than riding the brakes. Overheated brakes fade and fail — a serious risk on grades like those on US-50, Corridor H, and the Allegheny passes.

## Move Over Law

When approaching any stationary emergency, utility, or maintenance vehicle with flashing lights — including tow trucks — WV law requires you to:

1. **Move over** one lane away from the stopped vehicle if it is safe to do so, or
2. **Slow down** to a reasonable and prudent speed below the posted limit if you cannot change lanes safely.

Failure to comply is a primary offense with fines that escalate sharply if an emergency worker is injured.

## Deer, Bears, and Other Wildlife

West Virginia consistently ranks in the top three states for likelihood of a deer-vehicle collision. Key facts:

- Peak risk is **October through December**, especially around dawn and dusk.
- Deer travel in groups — if you see one cross, expect more.
- **Do not swerve.** Brake firmly in a straight line. Swerving into oncoming traffic or off a mountain shoulder is far more dangerous than striking the animal.
- Report any collision causing damage to a vehicle or injury to the WV State Police or local law enforcement; you may also need to notify the WV Division of Natural Resources before keeping a struck deer.

Bears, elk (reintroduced in southern WV), and livestock on open-range roads are real hazards too — slow down anywhere you see a wildlife crossing sign.

## Winter Weather and Coal Trucks

- **Snow and ice** arrive early and stay late in the higher elevations. Carry a scraper, gloves, and a blanket November through March. WV does not have a chains law for passenger cars, but mountain counties may require chains or snow tires during severe storms.
- **Coal trucks and logging trucks** are common on US-119, US-19, and many secondary routes. Give them extra following distance — they cannot stop quickly on a downgrade, and falling debris from uncovered loads is a known hazard.

## School Buses and Two-Lane Roads

On any **two-lane road** in WV, traffic in **both directions** must stop when a school bus has flashing red lights and an extended stop arm. On a divided highway with a physical median or barrier, only traffic moving in the same direction as the bus must stop. "Painted lines" or center turn lanes do **not** count as a divided highway — you must still stop.

## Open Container and DUI

- WV is an **open container** state: no open alcoholic beverages in the passenger area of a vehicle on a public road, for driver or passengers.
- The adult DUI threshold is **0.08% BAC** (0.04% for commercial drivers).
- WV has **zero tolerance** for drivers under 21: a BAC of **0.02% or higher** is a DUI offense and triggers automatic license suspension.

## Headlights, Wipers, and Fog

West Virginia law requires headlights to be on:

- From sunset to sunrise.
- Whenever weather conditions (rain, fog, snow) require windshield wipers to be in continuous use.
- Daytime running lights alone are not enough — you must have full headlights, including taillights, on when wipers are on.

Fog is common in river valleys and at higher elevations. Use **low beams**, not high beams — high beams reflect off the fog and reduce visibility further. If fog becomes too thick, pull completely off the roadway, turn on hazard lights, and wait it out.

## Insurance and Registration Quirks

- WV requires proof of **liability insurance** at minimums of 25/50/25 (\$25,000 bodily injury per person / \$50,000 per accident / \$25,000 property damage).
- Vehicles must pass an **annual safety inspection** at a state-licensed inspection station; the sticker goes on the windshield.
- License plates are issued to the owner, not the vehicle, and stay with the owner when a car is sold.

**Bottom line:** the rules of the road are similar across the U.S., but West Virginia''s terrain and wildlife mean the smart driver adapts speed and following distance constantly. Pair the legal knowledge in this lesson with cautious, defensive habits and you will handle Mountain State roads safely.', 30, 2
);
INSERT OR REPLACE INTO quiz (id, lessonId, title, passingScore, shuffleQuestions) VALUES (
  'quiz_wv_wv-specific-rules-and-quirks', 'lesson_wv_wv-specific-rules-and-quirks', 'WV-Specific Rules Quiz', 80, 1
);
INSERT OR REPLACE INTO quiz_question (id, quizId, prompt, choices, correctIndex, explanation, ordinal) VALUES (
  'q_wv_wv-specific-rules-and-quirks_0', 'quiz_wv_wv-specific-rules-and-quirks', 'On a narrow West Virginia mountain road where two vehicles cannot pass, which driver should yield?', '["The uphill driver always yields","The downhill driver yields to the uphill driver","The larger vehicle always yields","Neither — both must back up equally"]', 1, 'The downhill driver yields because the uphill driver has less control and a harder restart on a grade.', 0
);
INSERT OR REPLACE INTO quiz_question (id, quizId, prompt, choices, correctIndex, explanation, ordinal) VALUES (
  'q_wv_wv-specific-rules-and-quirks_1', 'quiz_wv_wv-specific-rules-and-quirks', 'What does West Virginia''s Move Over Law require when you approach a stopped emergency or tow vehicle with flashing lights?', '["Honk to alert the workers","Move over one lane if safe, or slow down significantly","Stop completely until waved through","Turn on your hazard lights and continue at the speed limit"]', 1, 'Drivers must move over one lane when safe, or reduce speed below the posted limit if they cannot change lanes.', 1
);
INSERT OR REPLACE INTO quiz_question (id, quizId, prompt, choices, correctIndex, explanation, ordinal) VALUES (
  'q_wv_wv-specific-rules-and-quirks_2', 'quiz_wv_wv-specific-rules-and-quirks', 'On a two-lane West Virginia road with a school bus displaying flashing red lights and an extended stop arm, who must stop?', '["Only traffic following the bus","Only traffic in the oncoming lane","Traffic in both directions","No one, as long as you slow to 15 mph"]', 2, 'On a two-lane road, traffic in BOTH directions must stop. Only on a physically divided highway may oncoming traffic proceed.', 2
);
INSERT OR REPLACE INTO quiz_question (id, quizId, prompt, choices, correctIndex, explanation, ordinal) VALUES (
  'q_wv_wv-specific-rules-and-quirks_3', 'quiz_wv_wv-specific-rules-and-quirks', 'What is the BAC limit that constitutes DUI for a driver under 21 in West Virginia?', '["0.08%","0.05%","0.04%","0.02%"]', 3, 'WV''s zero-tolerance law sets the under-21 DUI threshold at 0.02% BAC.', 3
);
INSERT OR REPLACE INTO quiz_question (id, quizId, prompt, choices, correctIndex, explanation, ordinal) VALUES (
  'q_wv_wv-specific-rules-and-quirks_4', 'quiz_wv_wv-specific-rules-and-quirks', 'Under West Virginia law, when must your headlights (not just daytime running lights) be on?', '["Only between sunset and sunrise","Only in heavy fog","Whenever weather conditions require continuous use of the windshield wipers, and from sunset to sunrise","Only on interstate highways"]', 2, 'WV requires full headlights from sunset to sunrise AND whenever wipers are in continuous use due to weather.', 4
);

-- Wyoming (WY)
INSERT OR REPLACE INTO rule_pack (id, jurisdiction, slug, name, maturity, createdAt) VALUES (
  'rp_wy_teen', 'US-WY', 'wy-teen', 'Wyoming Teen Driver Education', 'level1', unixepoch('now')*1000
);
INSERT OR REPLACE INTO rule_pack_version (id, rulePackId, version, definition, publishedAt, notes, createdAt) VALUES (
  'rpv_wy_teen_1_0_0', 'rp_wy_teen', '1.0.0', '{"credentials":[{"key":"permit_eligibility","label":"Wyoming Learner Permit","deliveryMode":"manual"}],"requirements":[{"key":"classroom_hours","label":"Classroom hours","target":30,"unit":"hour"},{"key":"btw_hours","label":"Behind-the-wheel hours","target":6,"unit":"hour"},{"key":"supervised_practice_hours","label":"Supervised practice (parent log)","target":50,"unit":"hour"}],"rules":[{"key":"unlock_permit_eligibility","trigger":"enrollment.state_changed","conditions":{"jurisdiction":"US-WY","minPermitAge":15,"classroomHoursCompleted":{"gte":30}},"actions":[{"type":"unlock_credential","credential":"permit_eligibility"},{"type":"set_journey_state","value":"permit_eligible"}]}],"facts":{"agencyName":"Wyoming Department of Transportation (WYDOT) Driver Services","minPermitAge":15,"minLicenseAge":16,"minPermitDurationMonths":10,"nighttimeRestriction":"Intermediate license holders may not drive between 11:00 PM and 5:00 AM unless accompanied by a licensed driver 18 or older, or for work, school, or religious activities.","passengerRestriction":"Intermediate license holders may not transport more than one passenger under age 18 who is not an immediate family member.","cellPhoneRule":"Wyoming prohibits texting while driving for all drivers. Use of handheld cell phones is restricted in school zones and certain municipalities (e.g., Cheyenne, Laramie) have stricter local ordinances. All drivers under 18 are strongly discouraged from any cell phone use while driving.","notes":"Wyoming has a three-stage Graduated Driver License (GDL) program: Learner Permit (15+), Intermediate Permit (16+), and Unrestricted License (17+). Driver education is not strictly required statewide but completion can waive certain waiting periods or testing requirements at WYDOT discretion. Rural areas of Wyoming have a hardship/restricted permit available at age 14 for farm and family transportation needs. Wyoming is largely rural with long highway distances, severe winter weather (black ice, blowing snow, I-80 closures), and high wildlife collision rates (deer, antelope, elk). The state has some of the highest posted speed limits in the U.S. (up to 80 mph on rural interstates).","needsReview":["Exact required classroom hours for state-approved driver education (30 is typical but WY does not mandate driver ed statewide)","Exact required BTW hours for approved courses (6 is typical industry standard)","Whether minPermitDurationMonths is 10 or a different value for applicants who complete approved driver education","Current nighttime restriction window (some sources cite 11 PM-5 AM, others 11 PM-6 AM)","Whether handheld phone ban applies statewide to all drivers or only texting and certain zones","Eligibility age and exact restrictions for the rural/hardship permit (sometimes cited as 14, sometimes 15)","Whether WYDOT accepts third-party completion certificates electronically or only paper"]}}', unixepoch('now')*1000, 'Generated; school must review and tweak.', unixepoch('now')*1000
);
INSERT OR REPLACE INTO content_pack (id, slug, name, scope, jurisdiction, description, createdAt) VALUES (
  'cp_wy_teen_overlay', 'wy-teen-overlay', 'Wyoming Teen Overlay', 'state', 'US-WY', 'Wyoming-specific module covering the WYDOT Graduated Driver License process, the realities of driving in a rural, high-speed, weather-extreme state, and the rules teens must follow at each GDL stage.', unixepoch('now')*1000
);
INSERT OR REPLACE INTO content_pack_version (id, contentPackId, version, notes, publishedAt, createdAt) VALUES (
  'cpv_wy_teen_overlay_1_0_0', 'cp_wy_teen_overlay', '1.0.0', 'Generated by per-state agent; human review required before publishing.', unixepoch('now')*1000, unixepoch('now')*1000
);
INSERT OR REPLACE INTO course (id, contentPackVersionId, slug, title, description, ordinal) VALUES (
  'course_wy_overlay', 'cpv_wy_teen_overlay_1_0_0', 'wy-overlay', 'Wyoming Teen Driver Overlay', 'Wyoming-specific module covering the WYDOT Graduated Driver License process, the realities of driving in a rural, high-speed, weather-extreme state, and the rules teens must follow at each GDL stage.', 0
);
INSERT OR REPLACE INTO module (id, courseId, slug, title, description, ordinal) VALUES (
  'module_wy_overlay', 'course_wy_overlay', 'wy-teen-overlay', 'Wyoming Teen Driver Overlay', 'Wyoming-specific module covering the WYDOT Graduated Driver License process, the realities of driving in a rural, high-speed, weather-extreme state, and the rules teens must follow at each GDL stage.', 0
);
INSERT OR REPLACE INTO lesson (id, moduleId, slug, title, body, estimatedSeatMinutes, ordinal) VALUES (
  'lesson_wy_how-to-get-a-wyoming-learner-permit', 'module_wy_overlay', 'how-to-get-a-wyoming-learner-permit', 'How to Get a Wyoming Learner Permit', '## Getting Your Wyoming Learner Permit

Wyoming''s Graduated Driver License (GDL) program is administered by the Wyoming Department of Transportation (WYDOT) Driver Services Program. The program has three stages: the **Learner Permit**, the **Intermediate Permit**, and the **Unrestricted License**. Each stage has its own age requirements, holding periods, and restrictions designed to give new drivers experience in lower-risk situations before they earn full driving privileges.

### Who Can Apply

You can apply for a Wyoming Learner Permit beginning at **age 15**. Wyoming also offers a **restricted (rural/hardship) permit** to applicants as young as 14 in agricultural and ranching families where driving is necessary for family work or to get to school. The standard learner permit is the path most teens take.

Before you walk into a WYDOT Driver Services office, gather these documents:

- **Proof of identity** (certified birth certificate, U.S. passport, or other primary identity document)
- **Proof of Social Security Number** (Social Security card, W-2, or pay stub showing full SSN)
- **Two proofs of Wyoming residency** (utility bill, lease, school enrollment, parent''s documents if you live at home)
- **Parent or legal guardian signature** on the application if you are under 18 — a parent must physically appear with you or provide a notarized consent form
- **Application fee** (check the current WYDOT fee schedule; cash, check, debit, or credit accepted at most offices)

If your legal name does not match across documents (for example, due to adoption or marriage), bring certified copies of the documents that connect your old name to your new one.

### The Tests You Must Pass

To earn the learner permit you must pass:

1. **A vision screening** — minimum 20/40 in at least one eye, with or without corrective lenses. If you wear glasses or contacts to pass, a corrective-lens restriction will be added to your permit.
2. **A knowledge (written) test** covering Wyoming traffic laws, signs, signals, and safe driving practices. The test is based on the current *Wyoming Rules of the Road* driver manual, which you can download free from the WYDOT website. Most teens who study the manual cover-to-cover and take the practice tests pass on their first attempt.

Wyoming does not require you to take the road skills test for the learner permit — that comes later when you upgrade to the intermediate permit.

### Holding Period and Practice Requirements

Once issued, the learner permit must be held for at least **10 consecutive months** before you can apply for an intermediate license, and you must be at least **16 years old** to upgrade. During this period you are required to:

- Always have a **licensed driver age 18 or older** seated next to you in the front seat
- Complete at least **50 hours of supervised driving practice**, with **10 of those hours after dark**
- Have a parent or guardian certify the practice log when you apply for the next stage

Violations during the permit phase — like driving alone, getting a ticket, or being involved in an at-fault crash — can extend the holding period or push back your eligibility for the intermediate license.

### What to Expect at the WYDOT Office

Wyoming has WYDOT Driver Services offices in most county seats, but hours are limited and some smaller offices are only open one or two days a week. **Check the office schedule before you drive there** — especially if you live far from Cheyenne, Casper, Laramie, Gillette, or Rock Springs. Many offices accept appointments, and walk-in waits during summer can exceed two hours.

When your permit is approved, you''ll receive a **paper interim permit** valid for about 30 days while your permanent card is printed and mailed. Keep the interim permit in your wallet — it is your legal driving credential until the card arrives.', 35, 0
);
INSERT OR REPLACE INTO quiz (id, lessonId, title, passingScore, shuffleQuestions) VALUES (
  'quiz_wy_how-to-get-a-wyoming-learner-permit', 'lesson_wy_how-to-get-a-wyoming-learner-permit', 'Wyoming Learner Permit Quiz', 80, 1
);
INSERT OR REPLACE INTO quiz_question (id, quizId, prompt, choices, correctIndex, explanation, ordinal) VALUES (
  'q_wy_how-to-get-a-wyoming-learner-permit_0', 'quiz_wy_how-to-get-a-wyoming-learner-permit', 'What is the minimum age to apply for a standard Wyoming Learner Permit?', '["14","15","16","17"]', 1, 'Wyoming allows teens to apply for a standard Learner Permit beginning at age 15. A separate restricted rural permit may be available earlier for agricultural families.', 0
);
INSERT OR REPLACE INTO quiz_question (id, quizId, prompt, choices, correctIndex, explanation, ordinal) VALUES (
  'q_wy_how-to-get-a-wyoming-learner-permit_1', 'quiz_wy_how-to-get-a-wyoming-learner-permit', 'How many hours of supervised driving practice must a Wyoming learner permit holder complete before upgrading to an intermediate license?', '["20 hours","30 hours","50 hours","100 hours"]', 2, 'Wyoming requires 50 hours of supervised practice, including at least 10 hours after dark, before a teen can apply for the intermediate license.', 1
);
INSERT OR REPLACE INTO quiz_question (id, quizId, prompt, choices, correctIndex, explanation, ordinal) VALUES (
  'q_wy_how-to-get-a-wyoming-learner-permit_2', 'quiz_wy_how-to-get-a-wyoming-learner-permit', 'Who must accompany a Wyoming learner permit holder while driving?', '["Any licensed driver age 16 or older","A licensed driver age 18 or older in the front passenger seat","A parent or guardian only","A driving instructor only"]', 1, 'A licensed driver age 18 or older must be seated in the front passenger seat at all times when a permit holder is driving.', 2
);
INSERT OR REPLACE INTO quiz_question (id, quizId, prompt, choices, correctIndex, explanation, ordinal) VALUES (
  'q_wy_how-to-get-a-wyoming-learner-permit_3', 'quiz_wy_how-to-get-a-wyoming-learner-permit', 'What is the minimum visual acuity (with or without correction) needed to pass the Wyoming vision screening?', '["20/20 in both eyes","20/30 in both eyes","20/40 in at least one eye","20/70 in at least one eye"]', 2, 'Wyoming requires at least 20/40 vision in one eye, with or without corrective lenses. If you need glasses or contacts to pass, a corrective-lens restriction is added to your permit.', 3
);
INSERT OR REPLACE INTO quiz_question (id, quizId, prompt, choices, correctIndex, explanation, ordinal) VALUES (
  'q_wy_how-to-get-a-wyoming-learner-permit_4', 'quiz_wy_how-to-get-a-wyoming-learner-permit', 'How long must a Wyoming learner permit be held before the holder can apply for an intermediate license?', '["3 months","6 months","10 months","12 months"]', 2, 'Wyoming requires a 10-month holding period on the learner permit, and the applicant must also be at least 16 years old to advance.', 4
);
INSERT OR REPLACE INTO lesson (id, moduleId, slug, title, body, estimatedSeatMinutes, ordinal) VALUES (
  'lesson_wy_wyoming-gdl-restrictions-in-daily-life', 'module_wy_overlay', 'wyoming-gdl-restrictions-in-daily-life', 'Wyoming GDL Restrictions in Daily Life', '## Living With the Wyoming Intermediate License

Once you turn 16 and have held your learner permit for at least 10 months, completed your 50 hours of supervised practice, and passed the road skills test, WYDOT issues an **intermediate license**. You are now allowed to drive alone — but with two important restrictions designed to reduce the leading causes of teen crashes: **late-night driving** and **peer passengers**.

These restrictions stay in effect until you turn **17 years old**, when you graduate to an unrestricted license automatically (you don''t have to retest or reapply — it just becomes effective on your birthday).

### The Nighttime Restriction

Between **11:00 PM and 5:00 AM**, an intermediate license holder may not drive alone. You may only drive during these hours if:

- A licensed driver age 18 or older is seated next to you in the front, **or**
- You are driving directly to or from **work**, with documentation (a pay stub or note from your employer), **or**
- You are driving to or from a **school-sanctioned event** (a game, a play, an academic competition), **or**
- You are traveling to or from a **religious activity**, **or**
- You are responding to a verified **emergency**

Key word: *directly*. "Directly" means the most reasonable route between two points — not the long way around with three stops along the way. If you get pulled over at 12:30 AM and tell the trooper you were at a friend''s house after your shift ended at 10:00 PM, the work exemption no longer applies.

Plan ahead. If your shift ends at 10:45 PM and home is 20 minutes away, you''re fine. If it ends at 11:30 PM, you''re fine *if you go straight home*. If you stop at the gas station, then a friend''s, then home — you have given up the exemption.

### The Passenger Restriction

For the first year of your intermediate license, you may carry **only one passenger under age 18 who is not a member of your immediate family**. "Immediate family" means siblings, step-siblings, and children of your parents or legal guardians who live in your household.

This is the rule teens forget most often. A common scenario: you have your license, three friends pile into your car after school to go get food, and you''re now in violation — even if everyone is buckled and you''re driving safely. A traffic stop for any reason (broken taillight, rolling stop, speeding) can result in a citation for the passenger violation on top of the original offense.

The restriction does not apply when an adult age 18 or older is also in the car supervising. So a carpool driven by a parent, with multiple teens, is fine.

### Why These Rules Exist

National crash data shows that the **first six to twelve months** of solo driving are by far the most dangerous period in any driver''s life. Crash risk goes up dramatically with each additional teen passenger and triples after midnight. Wyoming''s GDL rules are not arbitrary — they are calibrated to the situations that disproportionately kill teen drivers.

Violating a GDL restriction in Wyoming can result in fines, license suspension, an extended period in the intermediate stage, and increased insurance premiums. Some violations stay on your record and become visible to employers, the military, and out-of-state DMVs.

### Documentation You Should Always Carry

Until you turn 17, carry the following in your glove box:

- A current **pay stub or letter from your employer** if you ever drive home from work after 11:00 PM
- A copy of your **school activity schedule** if you have late practices or games
- Your **insurance card** and **vehicle registration**
- Your **intermediate license** (not just a photo of it on your phone)

If an officer stops you and you can immediately show that you fit a documented exception, the stop typically ends much faster.', 30, 1
);
INSERT OR REPLACE INTO quiz (id, lessonId, title, passingScore, shuffleQuestions) VALUES (
  'quiz_wy_wyoming-gdl-restrictions-in-daily-life', 'lesson_wy_wyoming-gdl-restrictions-in-daily-life', 'Wyoming GDL Restrictions Quiz', 80, 1
);
INSERT OR REPLACE INTO quiz_question (id, quizId, prompt, choices, correctIndex, explanation, ordinal) VALUES (
  'q_wy_wyoming-gdl-restrictions-in-daily-life_0', 'quiz_wy_wyoming-gdl-restrictions-in-daily-life', 'During which hours does the Wyoming intermediate license nighttime restriction apply?', '["9:00 PM to 5:00 AM","10:00 PM to 6:00 AM","11:00 PM to 5:00 AM","Midnight to 6:00 AM"]', 2, 'The Wyoming nighttime restriction for intermediate license holders runs from 11:00 PM to 5:00 AM.', 0
);
INSERT OR REPLACE INTO quiz_question (id, quizId, prompt, choices, correctIndex, explanation, ordinal) VALUES (
  'q_wy_wyoming-gdl-restrictions-in-daily-life_1', 'quiz_wy_wyoming-gdl-restrictions-in-daily-life', 'Which of the following is NOT an exemption to the Wyoming nighttime driving restriction?', '["Driving directly home from a work shift","Driving to a friend''s house to hang out","Driving to a school-sanctioned event","Driving with a licensed adult age 18 or older in the front seat"]', 1, 'Social or recreational driving is not exempt. The exemptions are for work, school activities, religious activities, emergencies, or when supervised by an adult 18 or older.', 1
);
INSERT OR REPLACE INTO quiz_question (id, quizId, prompt, choices, correctIndex, explanation, ordinal) VALUES (
  'q_wy_wyoming-gdl-restrictions-in-daily-life_2', 'quiz_wy_wyoming-gdl-restrictions-in-daily-life', 'How many non-family passengers under age 18 may a Wyoming intermediate license holder carry when no adult supervisor is in the vehicle?', '["Zero","One","Two","Unlimited"]', 1, 'Only one passenger under 18 who is not an immediate family member is allowed unless a licensed adult 18 or older is also in the vehicle.', 2
);
INSERT OR REPLACE INTO quiz_question (id, quizId, prompt, choices, correctIndex, explanation, ordinal) VALUES (
  'q_wy_wyoming-gdl-restrictions-in-daily-life_3', 'quiz_wy_wyoming-gdl-restrictions-in-daily-life', 'When does a Wyoming teen automatically graduate from intermediate license restrictions to an unrestricted license?', '["At age 16 ½","After holding the intermediate license for 6 months","On their 17th birthday","On their 18th birthday"]', 2, 'Wyoming intermediate license restrictions lift automatically on the holder''s 17th birthday — no retest or reapplication required.', 3
);
INSERT OR REPLACE INTO quiz_question (id, quizId, prompt, choices, correctIndex, explanation, ordinal) VALUES (
  'q_wy_wyoming-gdl-restrictions-in-daily-life_4', 'quiz_wy_wyoming-gdl-restrictions-in-daily-life', 'Your shift ends at 11:15 PM. You drive a friend home, then stop for fast food, then drive home. Is this allowed under your Wyoming intermediate license?', '["Yes — the work exemption covers the whole trip","Yes — as long as your friend is under 18 and there is only one of them","No — the work exemption only covers driving directly home, and the passenger may also violate the passenger rule","Yes — as long as you''re home by midnight"]', 2, 'The work exemption applies only to direct travel between work and home. Detours forfeit the exemption, and the non-family teen passenger is also a separate restriction.', 4
);
INSERT OR REPLACE INTO lesson (id, moduleId, slug, title, body, estimatedSeatMinutes, ordinal) VALUES (
  'lesson_wy_wyoming-specific-rules-and-quirks', 'module_wy_overlay', 'wyoming-specific-rules-and-quirks', 'Wyoming-Specific Rules and Quirks', '## Driving in Wyoming: What Makes It Different

Wyoming has the lowest population of any U.S. state and some of the longest, emptiest highways in the country. The rules of the road are similar to other states, but the **environment** is dramatically different from the urban driving most national driver-ed materials describe. This lesson covers the laws, hazards, and habits that are specific — or especially important — in Wyoming.

### High Speed Limits and Long Distances

Wyoming has some of the highest posted speed limits in the U.S. Rural sections of **Interstate 80 and Interstate 25** are posted at **80 mph**. Two-lane U.S. highways are often posted at 65 or 70 mph. These limits assume dry pavement, daylight, and full alertness. They are *not* a target speed in rain, snow, wind, or at night.

**Wyoming''s Basic Speed Law** requires every driver to travel at a speed that is reasonable and prudent for current conditions — regardless of the posted limit. A driver doing 80 mph on icy I-80 can be cited even though they are at the speed limit. Conversely, an officer can cite a driver going 25 mph on a clear, empty interstate for impeding traffic.

Distances between towns and services are long. It is normal to drive **100 miles between gas stations** in central and northern Wyoming. Always start trips with at least a half tank of fuel, water, and a charged phone — but understand that cellular coverage is **absent across large swaths of the state**, including most of the Red Desert, the Bighorn Basin, and large portions of US-287, WY-789, and WY-130 (Snowy Range).

### Winter Driving and Road Closures

Wyoming winters are severe. The dominant hazards are:

- **Black ice** on bridges and shaded curves
- **Blowing and drifting snow** that creates whiteouts even on sunny days, particularly on I-80 between Laramie and Rawlins and on US-287 over the Snowy Range
- **High crosswinds**, especially on I-80, which routinely overturn high-profile vehicles (semis, campers, empty pickups with toppers)
- **Wind-driven road closures** — WYDOT regularly closes I-80 to **"light, high-profile vehicles"** (LHPV) when sustained winds exceed about 55 mph

Before any winter trip — and many shoulder-season trips — check **wyoroad.info** or call **511** for current road conditions, closures, and traffic restrictions. "Closed" in Wyoming means closed: gates physically swing across the on-ramps, and driving around them is a misdemeanor that can result in arrest, vehicle impoundment, and fines exceeding $750.

### Wildlife on the Road

Wyoming has one of the highest rates of animal-vehicle collisions in the United States. **Mule deer, white-tailed deer, pronghorn antelope, elk, and moose** all cross highways routinely, and cattle on open range can wander onto unfenced roads in many counties (look for the diamond-shaped **OPEN RANGE** signs).

Wildlife crash risk is highest at **dawn, dusk, and the first few hours after dark**, and peaks during the fall rut (October-November) and spring migration. If you see one animal at the side of the road, expect a second and a third — deer and antelope travel in groups. Do not swerve hard to avoid a single animal: most fatal wildlife-related crashes happen when the driver loses control trying to dodge, not from the impact itself. Brake firmly in a straight line.

### Cell Phones and Distracted Driving

Wyoming bans **texting while driving** statewide for all drivers. Some Wyoming cities — including **Cheyenne, Laramie, Jackson, and Evanston** — have stricter local ordinances that ban *any* handheld cell phone use. As a teen driver in Wyoming you should treat your phone as a no-touch device whenever the car is in gear, regardless of which town you''re in.

### Open Range, Cattle Guards, and Unpaved Roads

Much of rural Wyoming is **open range**, meaning livestock are not fenced off the road. If you hit a cow on an open-range highway, you may be financially liable for the animal. Slow down and watch for cattle guards (metal grates across the road) and stock crossings.

Many Wyoming addresses are reached by **gravel or dirt county roads**. These roads have different physics: shorter stopping distances, easier loss of traction in curves, and significant dust trails that can blind oncoming drivers. Slow down, increase following distance, and lower your headlights to low beam when meeting another vehicle in dust.

### Move Over, Slow Down

Wyoming''s **Move Over Law** requires drivers to change lanes away from — or significantly slow down for — any stopped emergency vehicle, tow truck, or WYDOT maintenance vehicle with flashing lights. Wyoming has lost troopers and plow operators to drivers who failed to move over. On a two-lane road where you cannot change lanes, slow to a speed safe for conditions and pass with as much space as you can give.', 35, 2
);
INSERT OR REPLACE INTO quiz (id, lessonId, title, passingScore, shuffleQuestions) VALUES (
  'quiz_wy_wyoming-specific-rules-and-quirks', 'lesson_wy_wyoming-specific-rules-and-quirks', 'Wyoming-Specific Rules Quiz', 80, 1
);
INSERT OR REPLACE INTO quiz_question (id, quizId, prompt, choices, correctIndex, explanation, ordinal) VALUES (
  'q_wy_wyoming-specific-rules-and-quirks_0', 'quiz_wy_wyoming-specific-rules-and-quirks', 'What is the maximum posted speed limit on rural sections of Wyoming''s interstates?', '["65 mph","70 mph","75 mph","80 mph"]', 3, 'Rural sections of I-80 and I-25 in Wyoming are posted at 80 mph — among the highest in the U.S. The Basic Speed Law still requires drivers to slow for actual conditions.', 0
);
INSERT OR REPLACE INTO quiz_question (id, quizId, prompt, choices, correctIndex, explanation, ordinal) VALUES (
  'q_wy_wyoming-specific-rules-and-quirks_1', 'quiz_wy_wyoming-specific-rules-and-quirks', 'What does WYDOT mean when it closes I-80 to "light, high-profile vehicles" (LHPV)?', '["Only commercial trucks may use the road","Light, tall vehicles such as empty pickups, campers, and trailers are prohibited due to high winds","Only vehicles with chains may use the road","Only emergency vehicles may use the road"]', 1, 'LHPV closures keep light, tall vehicles off I-80 during high winds because they are most likely to be blown over. Cars and loaded trucks may still travel.', 1
);
INSERT OR REPLACE INTO quiz_question (id, quizId, prompt, choices, correctIndex, explanation, ordinal) VALUES (
  'q_wy_wyoming-specific-rules-and-quirks_2', 'quiz_wy_wyoming-specific-rules-and-quirks', 'You see a single mule deer cross the highway in front of you at dusk. What is the safest reaction?', '["Swerve sharply to the opposite shoulder","Speed up to outrun any others","Brake firmly in a straight line and watch for additional deer","Honk and continue at the same speed"]', 2, 'Deer travel in groups, so expect more. Most fatal wildlife crashes happen from losing control while swerving — brake firmly in a straight line.', 2
);
INSERT OR REPLACE INTO quiz_question (id, quizId, prompt, choices, correctIndex, explanation, ordinal) VALUES (
  'q_wy_wyoming-specific-rules-and-quirks_3', 'quiz_wy_wyoming-specific-rules-and-quirks', 'Which best describes Wyoming''s statewide cell phone law for drivers?', '["All cell phone use is banned for all drivers statewide","Texting while driving is banned for all drivers statewide; some cities also ban handheld use","Only drivers under 18 are restricted","There are no statewide cell phone restrictions"]', 1, 'Wyoming bans texting while driving statewide. Cities like Cheyenne, Laramie, Jackson, and Evanston have stricter local ordinances banning handheld use.', 3
);
INSERT OR REPLACE INTO quiz_question (id, quizId, prompt, choices, correctIndex, explanation, ordinal) VALUES (
  'q_wy_wyoming-specific-rules-and-quirks_4', 'quiz_wy_wyoming-specific-rules-and-quirks', 'You see a diamond-shaped "OPEN RANGE" sign on a Wyoming highway. What does it mean?', '["The road is open during winter months","Hunting is permitted along the road","Livestock may be on the road and are not required to be fenced off","The shoulder is wide enough for emergency parking"]', 2, 'Open range means cattle and other livestock may wander onto the road. Drivers should slow down, watch for animals, and understand they may be liable for animals they hit.', 4
);

